Date,AAPL,MSFT,NVDA,GOOGL,META,AVGO,CRM,ADBE,JPM,BAC,GS,MS,BLK,AXP,WFC,SCHW,JNJ,UNH,PFE,ABBV,MRK,TMO,ABT,MDT,AMZN,TSLA,MCD,NKE,SBUX,TGT,COST,XOM,CVX,COP,SLB,EOG,PSX,CAT,BA,HON,UPS,RTX,DE,NEE,DUK,AMT,PLD,LIN,VZ
2019-01-02,148158800,35329300,508752000,31868000,28146200,30346000,4783900,2784100,15670900,71836300,3999400,10648000,926800,4175400,20295200,5835100,7631700,4063600,26430315,6908400,15120125,2725100,8737200,7099100,159662000,174879000,2571500,6762700,10094000,4549300,2143100,16727200,6384800,5735400,15926100,3863000,3147800,4783200,3292200,2924116,3297300,9361752,1987700,10549600,2857400,2030600,2476100,1716400,13969700
2019-01-03,365248800,42579100,705552000,41960000,22717900,68580000,6365700,3663500,16286400,66599600,4060200,13034500,781000,4776600,22262000,10236000,8654500,4623200,28503533,7653200,13910628,3125000,10570700,6099800,139512000,104478000,3728200,8007400,14390100,4562200,2877700,13866100,6496200,4727300,20007900,2961700,3182000,6165800,5705600,3378224,2705000,8884258,2047200,9260800,2959700,2467400,3606700,1775500,19245400
2019-01-04,234428400,44060600,585620000,46022000,29002100,54248000,6650600,4043400,16935200,83829100,3788300,14371600,647800,4637200,23343600,7058600,8831700,5367600,27145348,8910600,14753115,2865400,8299100,6275400,183652000,110911500,3194300,7844200,12694400,4825900,2761600,16043600,7952500,7700100,19506600,3874200,3307200,5456600,4448800,3802200,3347300,10083317,2549100,10848800,3278100,2530000,4063500,1801300,17035800
2019-01-07,219111200,35656100,709160000,47446000,20089300,53433000,9064800,3638500,15430700,57016300,3152100,11812400,714500,3289000,21858000,8543700,8404700,4133000,20995469,7281500,15795142,2931400,9503000,17462700,159864000,113268000,3283000,8184800,10337600,7630600,2226600,10844200,5712700,6272200,15736900,4453100,3474000,4653400,4030300,3124221,3795700,8314601,2947400,9478000,3060200,1708000,2952800,1830200,16349000
2019-01-08,164101200,31514400,786016000,35414000,26263800,36795000,9057300,3685900,13578800,67339400,2692700,11398200,642900,3227200,19702900,7784700,9351600,3618600,19677231,7478300,11896686,2876600,8905100,14472200,177628000,105127500,2941400,8809000,10809700,6756000,2366500,11439000,5674900,5774900,13070200,3437800,2357300,4202600,4736500,2796902,3034300,5951282,3124800,10599600,2350500,2502700,3482700,2207300,21424600
2019-01-09,180396400,32280800,617260000,26998000,22205900,52971000,5445900,3594200,14230300,69707200,3321400,9223000,640500,2954500,18837700,5166100,7403500,3425400,20107580,9971900,11916284,2989000,6091000,7894300,126976000,81493500,2680700,8591000,13080300,6025100,1862900,13473500,7097000,8350300,17909200,4739600,2588600,4865600,4213900,2114467,3678200,6726873,3134300,7047600,3264400,1797300,2609000,2099900,18136000
2019-01-10,143122800,30067600,523156000,26598000,16125000,29594000,5116900,2704600,14376100,65235800,2808700,7560800,487100,3523800,16208400,5205500,6224400,3374100,39731162,6527700,19134070,1885700,8051200,5279200,130154000,90846000,2498500,11148600,10397600,13913700,2340700,13151100,6078300,8811100,13299600,3480400,2323700,3418500,5358100,2280832,2432200,5368119,2693600,11384800,3758000,1986600,2524000,2093900,14259900
2019-01-11,108092800,28314200,874764000,30864000,12908000,20158000,5185200,3179500,15439900,63476000,3182700,8191900,706500,2770600,20006900,4217500,5300400,3967100,21064506,5318100,9878029,1369200,6583000,5054300,93724000,75586500,2348900,10689900,13805700,5025900,1861100,9790100,4491700,6018300,13330500,3206100,2102600,2908600,3158900,2005714,5282800,5759807,2039000,8860000,3082400,1878800,2154500,1380400,15801500
2019-01-14,129756800,28437100,730168000,28490000,20520300,25498000,5815500,2606800,21258500,76715400,3361700,12336300,919700,4120500,23827600,5815100,7374400,4955500,17605173,6368500,15669486,1613800,5122900,5294700,120118000,78709500,1886200,5677400,9929600,4568000,1523100,11012400,6121700,4972000,11804200,3504800,2178600,4482300,2476400,3289737,4731000,5049524,1364900,15355600,3931000,1435400,2867400,2004800,11342300
2019-01-15,114843600,31587600,617012000,37518000,24069000,39247000,5350400,3656500,26504900,80625500,2911800,11737000,846600,5795100,27447600,6481700,5194400,5325600,25865371,7295500,13102096,2375800,6306900,6323400,119970000,90849000,3860200,6212400,7930400,3770000,1681900,10298300,4226100,4504100,9398400,2452700,1953500,3224100,2940900,1954256,4777100,4444751,1369100,9261200,2722900,1597100,2148900,2110700,10058000
2019-01-16,122278800,29853900,470104000,38280000,18025700,24484000,3936800,2885200,18533000,163131700,15194200,30530400,1331500,4701900,32026400,12599700,6264200,6069400,30169380,4927000,15272504,1671800,6357300,5066800,127338000,70375500,3375600,5697100,8091300,4888700,1455000,12595600,5624100,5402300,12481600,2800500,2316100,3636900,2731100,2384385,4463400,6177238,1457300,7059200,2279100,1495200,2070900,1382100,13411700
2019-01-17,119284800,28393000,493436000,24896000,15787900,35154000,3743200,2836200,14247600,107428800,8177000,47037200,917200,5693300,25738800,7783200,7632000,3583600,24177284,6438700,16969321,1799000,5427800,7521700,84178000,55150500,3061000,7737300,6767100,4133200,1517100,10141700,4442700,5997400,13889800,2670800,3069200,6878500,4270400,2734621,4004300,5079239,2155100,8200800,1895700,1322800,2432400,2176500,15223900
2019-01-18,135004000,37427600,651336000,44892000,31029600,34634000,6151200,3711300,16428700,97928200,5650900,20614400,1031800,9872500,36380300,7954800,10593000,4844800,38618455,6190000,14980741,3125300,9404500,8549300,120410000,362262000,3498000,10404100,9835200,4484100,2115400,15759200,9382000,6073800,26638600,3299500,4014900,6122400,4256500,5752318,4249100,7366763,3879800,7414400,2842600,1763000,2389900,2494800,16802500
2019-01-22,121576000,32371300,661552000,39632000,22378700,37156000,5203300,4155500,17083700,84861400,4648500,20202400,905600,4699800,33975200,9036600,10568100,4052700,29444122,5664600,10568766,2007300,6541600,6567000,128336000,181000500,3190300,8781700,16414300,5763900,3310800,15035600,7242000,6915500,21523500,4390200,4733500,5188700,4336500,3391487,5593900,9039980,2076500,8654400,2693600,1503900,3443400,1699100,18284800
2019-01-23,92522400,25874300,591020000,25194000,20098400,31771000,3335400,2031400,12146700,79425900,3410700,15583900,660100,3585100,16806700,6993100,9267800,2971100,24462813,4969300,14369233,1945700,10196300,4642900,104504000,187950000,2530700,5823000,12372400,4446600,2220200,13187200,6082300,5938700,13765800,2679100,2542400,3123600,2924900,3147244,4573100,19960859,1780800,9089200,2629400,1700200,2507600,1569500,15109000
2019-01-24,101766000,23164800,708972000,29114000,20955500,35999000,6734700,3643000,11296800,59492300,2631800,13421600,838400,3415900,17862100,4317700,9917000,2927300,34394023,8372600,21986621,1672500,6437600,4515400,81798000,120183000,3214200,4753200,29719800,4057000,1994400,11272500,8470700,5789900,10990900,3128900,3194000,3943600,2801300,2872339,2807000,14356933,1602100,9812800,2504400,1275900,1846200,2528000,12494100
2019-01-25,134142000,31225600,1154572000,23260000,22237200,30333000,4600800,3822300,14369400,72182100,3275000,13422700,573000,3488300,20183400,7786800,7585100,2809100,35862455,21308600,14054099,2003300,4824100,5283500,98918000,108744000,4405600,4457100,21885800,5544200,2252300,8996200,6261800,4504500,15921400,2417700,2044800,6417400,3185600,3401884,3445500,7375185,1826400,15254400,2472900,1482100,2598000,1242700,17800300
2019-01-28,104768400,29476700,2511528000,29334000,15508500,31320000,4054700,2110400,12283100,59963800,2369600,10396600,640400,3185400,19913100,7852500,6927700,2837300,39329694,14718800,13376672,1799200,5942500,5143400,96754000,96349500,4138700,5452000,11537700,3511100,1999400,13678400,6886600,5942800,11225300,2953000,2349500,17421400,3128900,3690476,3126200,14161009,2199400,11976800,2079100,1180500,2246400,1422500,25955700
2019-01-29,166348800,31490500,1153932000,19704000,17632100,27870000,3915100,1937100,9743300,51451900,2694100,9916400,602800,2827400,11927600,5303300,6669300,2173000,51376808,13909000,11966693,1736800,5981600,3670600,92656000,69325500,3666700,4187500,10703400,3320600,1636500,10513200,5359900,5308800,8097500,2873300,2056500,8550800,3202700,2572395,2209000,17208552,2199700,7924400,3625500,1849700,2977600,1558300,33789200
2019-01-30,244439200,49471900,974228000,29452000,44613200,28727000,4653400,2482900,12526300,66475800,2773300,12347900,869900,3501500,16885100,7874900,7299300,3659000,36067880,9277200,13941230,2539400,8145000,5385700,115676000,168754500,9489900,5200200,11702500,3789300,1589800,11524700,7941700,8087400,7961500,3000600,3093300,7181600,12705300,3302681,4013000,11627984,1988800,8345600,2215100,2159500,3085000,1113500,27260000
2019-01-31,162958400,55636400,842852000,40232000,77233600,21063000,8615900,5007200,17520600,100201200,5604500,11163400,750100,4302100,24934700,8322200,17298100,4055100,40927452,11563900,16797658,2218000,10421900,9536200,218206000,188538000,10440100,8599200,24233300,6699400,4341100,19876700,11225600,9927700,15458100,2500700,4044500,6643300,6878500,3685490,7327400,9663345,3118800,12519600,6869400,4046100,4867600,1645900,28585400
2019-02-01,130672400,35535700,625048000,33116000,30806500,22878000,5959200,3033300,13000800,64244100,3174200,13322100,585900,4727800,21123500,6323300,9575200,3946800,27239681,6759500,15941757,1622500,5016500,5727400,230124000,109251000,6529200,5351900,10309200,5916200,3453700,22968700,10934300,7486400,8583700,2614700,2618100,5646700,5625700,5874227,3526100,6572581,1704300,8934000,3207100,3446200,3646100,1324300,13778000
2019-02-04,125982000,31315100,528592000,78408000,20036000,20761000,5264700,3705100,9871500,55195900,2400200,8715300,534800,2578300,17547800,5377700,7759000,3398900,19426485,10205600,11824165,1200500,5278300,4970900,98582000,110281500,4533800,4236600,13562400,3622300,1630300,15483800,7987900,5593100,12786700,1788400,2758500,4541700,4256600,4979061,3184700,7857128,1907900,11302000,3301800,2846800,3715700,2106500,15818900
2019-02-05,144406400,27325400,542424000,82296000,22557000,22619000,4575600,3042000,12763000,46622600,2601000,9971500,523400,2231200,14784900,11507300,6449800,3597000,21127641,7965500,12955690,1626100,4302400,5640800,89062000,101142000,4495900,6545600,12781600,3526200,2074500,12786700,6887400,4483900,10662700,1978000,2849300,3614500,7230400,3143425,3690400,7192132,1574600,7956800,3464300,1671100,2558800,2358600,14124600
2019-02-06,112958400,20609800,702464000,48256000,13281200,27064000,4205100,2539100,8745000,35606900,2063100,9744000,424600,3595700,12145700,6299300,5066100,2570000,16450410,4907200,8375721,1033100,4851900,3417400,78798000,75577500,3965200,3682800,10283400,3399300,1618800,10866900,4990400,4071300,6945800,2723700,3127800,3098200,5356000,3339179,4490600,5565473,1660500,6647200,2467400,1422900,2297600,1124800,11391400
2019-02-07,126966800,29760700,637120000,38298000,17517600,28646000,4545500,2099300,13177500,62289200,2948800,12745400,469400,3857300,24189700,6526100,6085300,2458200,24248008,5877500,9661407,1147600,6863600,4304900,92532000,97809000,4176300,4827500,10109200,3711600,2526600,14418900,7281900,6230300,12647300,3459000,5291500,3682100,5211400,3142364,3395700,7384719,2488100,8516800,2844600,1113600,3189100,1361000,12436200
2019-02-08,95280000,21461100,461604000,21766000,12561400,23903000,3018700,2756800,12892600,50031300,2757500,13993900,567000,2581900,20641200,6512100,4436700,4547000,27500125,4598900,9266940,794600,6063700,3982200,113150000,87663000,4051600,3786500,8862000,4146200,2013700,11959500,5671000,6554900,9173500,3073000,4248400,3135000,4570900,4193178,2951000,6263679,1628300,7322400,3716600,1294600,2506300,1557900,12011700
2019-02-11,83973600,18914100,495180000,18498000,12811200,18012000,7125500,3538100,10978500,47724400,2056500,17058300,595600,2653800,15995900,4456200,4962200,4856200,27102134,4803500,13803942,1233000,4782700,4020000,66346000,106945500,3216400,6158500,9229700,6661000,2376600,10434800,4859600,5200400,9541800,2625700,4229500,2648100,3046900,3159340,2765300,6222365,1843900,7404400,2428100,1211000,2340400,1128400,9802800
2019-02-12,89134000,25056600,591060000,35036000,16292300,19809000,5631700,2518400,12852300,49178100,2392900,12400800,617300,3238600,22033000,7018200,6262300,4327900,30540177,6620100,13676086,1189200,7039700,3713900,97172000,82764000,4692800,6290300,8848900,4505500,2091200,12599200,5400700,3958000,8981100,3072400,2486000,4505600,3263300,2816849,2881600,5624266,1894400,7004800,2676900,1471600,3207400,1772000,11227600
2019-02-13,89960800,18394900,605372000,28042000,14205100,19190000,5296000,1899700,10754100,48951200,2757300,9528300,803500,3182100,13770900,6148400,7902200,3066400,24757195,4237200,10980106,1014500,5696300,3483500,71206000,77124000,5283000,5032800,10264000,7186900,1703000,13214600,5935900,5839800,11036100,3469200,2627100,3189600,3078700,2928042,2731500,3914660,2777700,5726400,5281400,1195900,2343700,1599300,11884800
2019-02-14,87342800,21784700,827264000,21106000,12755200,16015000,5061100,1885000,11518500,47756600,2865000,10414200,542500,2385900,16456500,6082500,3910400,3015300,19864949,3436300,8577042,996300,4864500,4644100,82410000,78012000,4428800,5179000,9441100,4624800,1411100,12772900,5406500,5442800,9671200,2654700,2701500,2877500,2724300,2239453,2359400,5957638,2029700,6408000,3987400,1832500,2432800,1104100,11190100
2019-02-15,98507200,26606900,1516748000,27826000,15504400,17352000,5282000,2999200,14716900,65867000,3065400,13289700,600300,3882300,19346200,7000200,6665000,3673700,19168993,6295400,10886100,1718200,8083200,5622500,86878000,58573500,4648600,6111300,13924600,3835800,2635500,14330300,6209800,5173500,8174900,3038600,2647300,5217500,4017300,3224803,4273400,10850328,7578600,8813200,4472900,2744400,2210100,2573600,15719400
2019-02-19,75891200,18038500,551892000,21980000,14345400,15152000,3883200,3475600,12764900,40841300,2558200,9401700,438000,3692800,15121700,4977700,5935500,2486700,24432985,5674700,9653547,1099900,4503500,6891400,73634000,62526000,4765400,5105900,9208400,6868000,1938100,13551500,4277800,5189600,10039200,2791500,2108000,3881300,3051500,2630856,2658700,9680983,2971500,9774000,4358600,1961700,1687500,2221200,12272700
2019-02-20,104457600,21607700,540988000,24090000,11770700,16150000,7047200,2484800,10030300,42806300,2266000,10031600,563300,3840800,16742600,8832300,6089800,2802800,27354884,5564100,8993517,1091100,6316700,4924800,66752000,107131500,3707400,6436100,9671800,5005600,1785600,12633100,5940600,5837100,8565600,3456300,3586900,6199000,3990100,2782366,3346700,10012607,3349200,10203200,3471200,1612000,2680200,2574800,11379000
2019-02-21,68998800,29063200,448548000,33272000,15607800,13254000,4463000,2607400,8400100,42754100,2785900,9603600,451800,2566500,16938800,5519500,6665500,2554300,19611883,6360800,7740633,840300,5607000,4222600,69668000,133638000,4391000,8579200,10933500,3985000,1615300,10266000,5139400,5984300,9527400,3836800,2054000,4051100,2880500,2871384,2260100,5179822,2838500,8274800,3167800,1407600,2049700,1736500,14680500
2019-02-22,75652800,27763200,401740000,29436000,15858500,27225000,4175000,2006000,10647300,47887800,2626600,10132100,400300,2256400,15848200,3571800,5223900,3191100,24779329,5022700,8337469,1118000,5296600,4551300,61924000,86109000,3073500,4449500,11311600,3144800,1542500,9519300,4517600,5225500,5716500,4163500,2102500,3485000,3132300,3043479,4085000,5018221,1967200,6735200,2538500,1312600,1582500,1075700,12534300
2019-02-25,87493600,23750600,656020000,26208000,18737100,19245000,5076700,1815800,11230700,61227400,3032200,10804700,516300,3333500,16564100,5391000,6846600,3679100,25274815,5511800,9741265,1194700,5709600,7216800,63690000,99397500,3090800,6229700,12071200,7782000,1794000,9274400,5196600,5160900,6033300,6090800,1661000,4444100,3276100,2453563,3112700,4245967,2502700,7555600,2551000,1946500,1976300,1526800,15051200
2019-02-26,68280800,21536700,488464000,35026000,13784100,27211000,4496300,2538900,15465400,53153200,2499800,10404400,472000,2548100,16997800,3938100,5106900,3212900,16548959,4283100,8927912,1198300,5295400,4541800,53316000,128737500,2219100,6678700,12302300,5370900,1884100,10990600,5445600,4689900,5853200,5777600,2274400,7275600,2503700,2107464,2927600,5397833,1623700,7644400,3234500,1853700,1457200,1739200,12005600
2019-02-27,111341600,21487100,500256000,22092000,12697500,29146000,4278300,2266800,9968800,48128600,1804200,6916600,461100,2393500,17455000,3582500,4378100,8952900,16475074,4175500,7852978,1759100,5706500,7327200,62976000,167758500,2261700,4588200,13274800,5164400,1482700,12398200,5289800,5355700,7442700,6452100,1881900,3441000,4603800,1858235,2620800,3969322,1850500,7288000,2112500,1632200,2303100,1451800,8962800
2019-02-28,112861600,29083900,324944000,27422000,11114200,31460000,6908100,3810300,15156900,62358100,2964300,12299900,512100,3295800,17786600,5900400,10133200,11034300,39002427,6310800,11588365,2061300,6762700,12189600,60518000,157810500,3297900,4988100,18956700,5375600,2055600,14597900,6406500,8154300,8846900,5204700,2351200,4024000,5063100,3017378,2843600,7017342,1778000,12454000,4137300,2888500,4170500,1698300,15743000
2019-03-01,103544800,23501200,357188000,34086000,11097800,19035000,6919900,2594000,13813300,45771500,2580500,12336100,657200,2682000,19051400,7009000,5641600,6921300,26667781,8567900,10624205,1433700,5390100,8021400,99498000,343671000,2691000,6314900,8067700,6833800,2178200,15419400,7743600,7372600,8811700,5033900,2879000,3811000,5124200,3591909,3904100,6073158,1668900,6865600,5613700,2048000,3763700,3033500,10942700
2019-03-04,109744800,26608000,409992000,35490000,18894700,17382000,17886300,2994900,12466300,56893200,2683600,12115100,686100,4053200,16697000,6353900,8377700,8646300,22805820,5872500,8522755,1342800,5962800,5620100,123348000,256452000,4899800,7339500,9219700,7383800,2444700,18089900,7499500,6625800,6946300,3729100,2386200,3859800,5971000,4316572,2730700,5526065,2663100,8609200,3104400,1678000,2489200,1738100,13674400
2019-03-05,78949600,19538300,362924000,40094000,28187900,21699000,16042900,2101800,10856600,39932500,2338600,10449100,433500,2685700,14235400,4432300,6568900,6924500,26529812,5933100,8698190,2900200,6547500,6073900,73630000,281470500,3362500,4976300,10496100,17015100,2160200,13745500,7345200,7635500,7391100,3337000,2511900,3122900,2844300,3588196,3150900,5141845,1965900,7666800,3513400,1991500,1981200,1205900,15749500
2019-03-06,83241600,17687000,403524000,23602000,21531700,19973000,7436300,1950500,9070800,41672000,2247500,7062700,272700,2616000,14211000,3776300,6236900,4878700,22410359,5293200,8167169,1533100,4182100,4070700,79920000,155032500,2083900,3198000,7666100,7874200,1985300,18633600,7599900,7296300,9948900,5079200,2644600,3886000,4159400,4169093,2679500,5592486,2229700,7155600,3121400,1226000,2303900,986800,13935500
2019-03-07,99185600,25339000,450104000,30086000,18306500,25411000,6916500,3185200,12705700,53908600,3567800,12502100,467400,3048200,19047300,7948300,6100400,5033500,29046132,6642500,10925505,1227500,5292600,4876100,99140000,141637500,3268100,4321800,7814700,5617900,3279100,16541700,7201100,6964300,8086500,3731300,3638000,4290800,4893600,3797956,3979700,6616437,2051300,9411200,3531000,1375900,2895400,1450100,12644200
2019-03-08,95997600,22818400,422416000,23694000,13184800,22167000,4800700,2195400,10582400,40860700,3162700,11748400,587100,2077100,17400000,6597900,7046700,4921700,31306119,6189100,11716326,1169200,3895400,4113900,93340000,132294000,2757200,4669700,12363900,4581900,6782700,16211300,7014100,8068800,12739200,6761000,3334100,4238000,3794900,3098863,2648600,4912394,1757300,6972800,2443800,1276000,2924900,1558400,10617300
2019-03-11,128044000,26491600,859728000,30032000,18884000,27161000,5699500,2711700,9763200,40709300,2669000,7191600,593100,3289200,19471500,6048500,6150400,4539600,29161545,8078100,9126613,1589300,4254600,4639100,77528000,110884500,2071500,3999800,11518300,3435900,3748400,11060900,6088600,8703500,9494500,7699100,2257400,3914800,34742200,2963161,2963400,7398066,1340300,7135600,3720200,1586700,2102100,1188800,13627400
2019-03-12,129870400,26132700,579576000,42220000,12155300,23324000,4082100,2583500,10219100,34450000,1977400,7204400,504700,3917500,18299300,4524200,5552900,4235800,24170539,6128800,9261281,1297200,4241200,6149100,72290000,112561500,2191800,4431600,12751700,3646200,2647100,11320000,6184300,11790200,8230600,8308900,2362600,4208800,36922600,1933142,2549600,6108434,1553100,7140400,4583700,1618300,2646700,1309200,12813000
2019-03-13,124130000,35513800,768900000,25888000,11973300,32089000,5230600,3992500,13022200,54683300,1904500,9269000,606700,4234100,21647300,5602000,6446900,4881600,23715316,5984500,8059749,1569100,6479200,6638200,71040000,102670500,2612100,5037800,13798600,3796600,2421200,10260200,4707000,8324800,8822800,6656000,2294500,4285200,32662300,2688468,3323800,7713801,1661800,4916000,4510500,1512600,2712900,1538500,14168300
2019-03-14,94318000,30763400,519384000,27302000,18037400,43094000,3247200,5113400,10926500,45219100,1482300,8351200,501700,3538200,20160700,9023400,8493600,3865200,32119596,6161800,8530406,1513900,5734500,5578600,58932000,106551000,2375300,5906100,9249200,3779500,2300300,9976700,5146400,7315500,7934400,4338900,1663000,3742200,13514100,2819714,2539600,6236984,1596800,5816800,3600300,1183800,2226500,1033200,12148300
2019-03-15,156171600,54681100,661484000,51886000,37135400,144066000,6743700,12110500,24811700,82346200,2985200,18992600,1756900,4780400,46117300,7283900,11922500,6466200,74768652,12751100,17341046,2371800,11989400,9493800,151018000,221782500,6010500,11031400,13096900,5274100,5075400,25316400,10449700,16733200,14144900,8939900,3785800,7049900,26697700,5609825,4874400,15396933,2386300,14402000,7614200,2541700,3686400,3661400,23715300
2019-03-18,104879200,31207600,486992000,24442000,37524200,56746000,3575500,4013400,12935500,58568600,3354900,10305900,550700,2918000,23843300,3489100,7369600,3927400,18994345,5550100,14357914,1449200,7671100,8347700,108582000,154215000,3669200,7750700,5682400,3923500,1735400,9840600,5586900,7712200,13518800,4197000,2530800,4095400,13119200,2542050,2394600,6181051,1962400,7469200,3977000,1556200,1739100,1220400,12168100
2019-03-19,126585600,37588700,854972000,29788000,25611500,51556000,4379000,4257300,12889300,55455100,3284900,12548500,948500,3331300,19911900,4462000,5882500,4164800,26403227,6335500,10224393,1551300,6048600,5909400,127284000,177009000,4102800,6642200,7810700,4192300,1852300,13936500,5096800,6456400,8834700,7035400,2932600,3315900,9856100,2858971,2940800,4704076,1685400,8080800,4656600,1848200,1864000,1251600,13462700
2019-03-20,124140800,28113300,719148000,41508000,20211500,41263000,4391000,3732600,14920700,81689900,5033500,15078500,881600,3309300,20632400,8102100,5475700,4193500,23499035,5360900,11894590,1524200,5388800,4772600,125312000,103623000,3522400,5991500,9512400,4325300,1499500,13133600,6708500,7117300,9512500,7928500,3292600,3522100,8737600,2518496,4199100,4680876,2017100,8669200,3838800,1537900,2510700,1536400,11902900
2019-03-21,204136800,29854400,824312000,28150000,16223000,27379000,4277800,2359900,19751000,77444400,4031500,14576200,472400,3111000,24132800,8840300,5765100,2699700,24262553,5159200,9473291,1424100,5899100,4217000,115356000,89206500,2830200,10386900,8044400,5322000,1617000,10117000,5050400,5580900,6168400,5389100,2124000,2635700,6951000,2070966,1819900,4127904,1082200,7499200,4461100,1761300,2138500,1146300,10920100
2019-03-22,169630800,33624500,747644000,34422000,16389200,23307000,5614300,3454000,31115200,118851600,5703100,25416800,585300,3737400,27975800,11708700,6528800,3777900,19620105,4992500,10639191,1736500,7532900,4291700,127260000,131184000,3319600,21659800,8022800,3174500,1873600,12497700,5786800,5182100,7892200,7873000,1856900,5745800,10143900,2579185,2727900,6152926,2177400,9486000,4174400,2050300,2176400,1384000,25125400
2019-03-25,175381200,27067100,525212000,27576000,12631200,23878000,3795400,2639300,21032300,65568000,3751000,14504100,411000,3596200,17227600,7921700,4500300,4110900,19823316,4008400,7878654,1638400,3844500,3336900,102076000,153225000,2651600,15558300,6453800,2911400,1357100,11320400,3837500,8070000,6390000,2940500,1357500,3199800,7939600,2173459,2088200,3608460,1137200,7038400,3350900,2157600,1549600,1349700,15463400
2019-03-26,199202000,26097700,703508000,30752000,15437900,28009000,6910300,3150100,15987100,59878500,2910100,9615400,494900,2844500,16989600,10285400,4758600,4416200,20849279,4921900,9242731,1459000,3596400,4463300,97318000,110263500,2609600,9611900,7624000,3493600,1193000,9472800,4079800,7245200,6500500,2393700,2284700,2638200,6479700,2349478,2204400,5091474,1036700,6093200,3342100,1948100,1936000,1408100,12316900
2019-03-27,119393600,22733400,474372000,29428000,10620300,21862000,8218700,2521900,12753200,57621700,2343800,11251600,425000,3346600,16912000,6557300,6764900,4819200,19455048,4006200,10020766,1051200,4101900,4822400,86496000,131688000,1684800,6485100,7662700,3609400,1351200,7258700,3727800,5015600,5254400,2761700,1657400,2378300,9600000,2933347,1911300,4336063,1068200,6116800,3592200,2250600,2038300,1821400,13290300
2019-03-28,83121600,18334800,480264000,22402000,10443000,33030000,4424800,2018000,12454100,45872300,2343400,8397000,342700,2693300,15881600,8217000,4602100,3601500,16915541,3071000,7161298,771700,5675900,6534900,60860000,101611500,1977100,6032700,6709600,5394100,1396700,7412300,4057700,5122100,7419800,2768000,2524800,2487200,4921300,2312131,1621000,2974767,1123300,9324000,4565800,2455300,1900200,1892500,20547100
2019-03-29,94256000,25399800,456896000,30890000,13455500,24493000,4913100,2097400,14523400,83446300,2632800,11811400,455900,4891000,53590800,6539600,7168400,4294200,21681834,7105900,10147994,1193800,5891200,4742700,66416000,89869500,2952000,6492000,9099500,3886600,1968000,10889200,5318600,6810900,7984800,2785600,2900400,4681600,7694700,2869687,3428600,4839617,1862600,12039200,5434800,3017700,2679700,2158100,17283900
2019-04-01,111448000,22789100,483824000,27706000,10381500,27040000,4601100,2970100,17499300,91751100,3562600,25813300,498900,5125100,42015500,5281300,5885200,4809500,20345046,4759400,8820282,1143700,4842000,4467100,84776000,121656000,3195100,6737400,8108400,4733900,1610200,10816400,5506300,5309000,9717800,2633900,2635300,5081500,7735700,2539610,3721700,8422971,1371400,9640400,4555500,4105700,2226500,1791900,16331100
2019-04-02,91062800,18142300,440920000,18288000,23946500,22857000,3158400,1877800,10295400,66694000,2247000,13101200,423100,3568900,35393600,4147800,5517800,4057100,18625129,6355800,5875088,900900,3717900,3684700,68962000,82183500,1797700,4433800,5520900,2909200,1574300,7646000,4362700,5833000,6899400,2260100,2594800,2529000,6401000,3535995,2456400,4616840,1184300,9960400,3386400,2762400,2366100,1179700,11408100
2019-04-03,93087200,22860700,783504000,22180000,27391100,22266000,3819100,2432800,11499200,63110600,3227900,11712100,337800,3719700,30366300,5965500,5947000,2851400,16200402,6083500,6550734,1184300,3973700,7633200,78522000,118791000,2512300,4080900,6755600,3251700,1663600,8562900,3595400,5490800,7230600,4351500,2096100,4821800,7350300,4047927,2556500,4512760,1356100,8202800,2998800,2230300,2467300,2379600,15491700
2019-04-04,76457200,20112800,457376000,21022000,17847700,15228000,6295200,2947400,11952100,53712100,2582300,9119900,375200,3619600,19260100,9045100,5844600,2255500,12990972,4827900,10257719,937500,4671200,6085300,72478000,355810500,2324900,3660700,5449800,4396200,1319700,9360600,3715400,6397900,6670900,5782700,2146800,2988900,9388100,2087305,2889400,3546171,1197200,7106800,4847600,1684000,1157400,1471400,8776000
2019-04-05,74106400,15826200,481744000,20012000,9594100,18875000,4315300,1970500,9933700,46383400,2447100,8633900,458400,4553700,23734900,6729100,4759700,3343000,15559043,3996300,10324162,839800,3434500,6211900,72810000,195574500,2438400,7367400,5346200,4234600,1616200,10059100,5551400,8337800,9149600,4505400,2705200,2812300,6857200,1851445,2487300,3973771,1294600,6452800,5433200,1656500,1182600,1403400,11497800
2019-04-08,103526800,15116200,424192000,21750000,7297400,13899000,2848400,1796800,8056300,35272800,1891500,10898900,398400,4776600,18875200,8416000,4329600,2195400,15410323,3499200,10586267,1062600,5178900,5464500,75056000,156156000,2290100,4705800,5140400,4609000,1244200,9108200,5483100,5705200,11421400,4985900,2332400,2497300,14482600,1967094,1854500,4318425,1133300,5772800,3115500,2166500,1661100,1138500,11680500
2019-04-09,143072800,17612000,439972000,19668000,19751000,11621000,5642900,1605900,9092200,40535300,2400900,7436200,460900,2869300,22903500,6747900,5210300,2903800,18825072,3712700,10785282,1242800,4836700,4938700,74288000,88560000,2279500,3804500,4905800,4863800,1450200,8561600,4143400,4707300,7577500,4005700,2352800,3316500,7980100,2050383,2230000,3320692,2451000,6617200,2475300,1708200,1654800,1388200,10414400
2019-04-10,86781200,16477200,444772000,15510000,11701500,14992000,3414700,1469700,10882300,42669700,1907100,6703400,402900,2650100,30977800,5796400,4194100,2753700,13202615,3641900,6894268,980800,5604600,5031400,59280000,105919500,2406800,3918400,6066300,2265400,1556600,10324300,3970000,6629000,6148800,3066200,1792100,3310600,8285000,2526241,1767700,4324622,2746800,5291600,3412300,1304500,2116400,2443700,8782100
2019-04-11,83603200,14209100,374600000,16998000,8071000,16669000,2578400,2085600,11183800,50440100,2802100,7872700,412700,2320600,33662700,6533500,4485200,8223400,20214877,9094200,10410518,1027600,4432100,7878900,53096000,147538500,1740400,3347400,6042600,2627800,2719800,9115100,3248300,9486900,5291400,2640900,1486200,2762900,6598400,1863328,2384800,2767879,1162200,5738400,2424500,1027100,2075300,1916400,9219900
2019-04-12,111042800,19745100,471708000,24312000,12329800,30087000,2844200,1681100,25834100,100192000,5096600,21641900,628700,2316900,70271400,6815800,5756800,13979400,21338546,5011500,10164762,1635000,5482000,7324200,62288000,101190000,3238800,6037000,5194800,3517200,2187600,16638700,42693700,9913100,8667000,7145100,2223700,4383000,7334600,2248153,2853700,4553280,1220200,4768400,3520900,1412300,2291200,1914500,10847500
2019-04-15,70146400,15792600,440092000,23796000,10834800,16216000,2608400,1462300,15163800,57438800,6617200,11669000,590800,2285000,34954000,8764700,5380900,10021800,18362788,3495500,13822491,1801000,6095100,5815900,74488000,150579000,1973500,5034900,7632200,3306200,1859700,8536100,13369100,7284800,11178400,6091000,1934400,3030200,3822100,2538761,1768300,2979216,1062500,5872800,2808900,1765500,2403600,1448000,7741500
2019-04-16,102785600,14071800,394964000,22622000,11215200,21116000,3004800,1638400,11583200,105168400,4852600,13358600,1030700,2523400,25217100,6166200,10745700,27361400,27506976,3624700,12531250,2443000,6227800,8424600,60892000,109093500,1559200,4652700,8336600,2663600,1360500,7005700,11942900,7790500,7654400,2990100,1829600,2672800,7083800,3190533,2072500,3176411,1310200,6523200,3166400,2108300,3371200,1749700,10239300
2019-04-17,115627200,19300900,351004000,30366000,9973700,18138000,4765500,2391500,17791900,94831600,4195300,19610000,628200,3799900,25144000,7102000,9543700,22101400,42412117,6817100,34181463,5077300,11212400,9388300,57870000,76897500,1875000,5694900,9439000,3045000,1363000,8311400,11898100,7907100,8346300,2445500,1591600,3469400,4424400,3624800,2108400,4425365,1350700,8045600,4518200,2105100,2842900,1663300,15498000
2019-04-18,96783200,27991000,380988000,24750000,11655600,26548000,4391500,2028900,12501900,61796600,2874300,19906500,530400,6186800,22416800,5666700,10485300,13927200,50579774,7784900,32768445,2960100,9712200,6798000,54998000,88144500,2918400,7016600,6607800,3162700,1365000,9493900,9546500,6033400,15721600,3307000,2400100,4504500,4703100,6765891,1859700,3970117,2215500,6670800,2822400,1325400,2287300,1547300,13189000
2019-04-22,77758000,15648700,279936000,19084000,13389900,13504000,2943300,1364700,7975900,34763400,1591400,7042100,432900,3174400,15972600,4923500,4666500,11191800,31018904,5358600,14548441,1989800,5810700,3878400,67476000,182206500,1738400,5390500,4883100,3331200,1300000,10770600,7946200,9061600,7901000,3886000,1927300,3637500,4147700,3463847,2585500,4694224,1376600,7303600,2615800,942500,2587300,1002100,11950400
2019-04-23,93292000,24025500,346856000,31868000,19954800,19777000,3418400,2693600,9193100,41889700,2120900,8163700,687400,3342800,16434300,6883300,5790500,10261400,26672102,9920600,19281523,3099800,6823500,6415800,92808000,164158500,2192900,7513700,5273900,6238500,1524600,10595100,9079200,8133500,8539400,4242000,2461000,5930500,4894500,4423733,2851300,9030605,1891200,8818000,2336800,1457700,2448800,1796500,23488700
2019-04-24,70162400,31257000,318204000,23396000,37289900,23335000,3384900,1867600,9245700,40078100,4606100,9042500,1008500,2318400,17831800,4959900,5676300,6104100,21196994,7056400,12779102,2770000,6238400,4389200,73516000,160912500,3070100,8063000,9347300,2660000,1156400,11684000,22115000,7624600,8941800,3599200,2974100,8694400,9855100,4058537,3570600,4344803,1463400,6187200,1942400,1324500,2197900,1780200,13227100
2019-04-25,74172800,38033900,499296000,31344000,54148800,26732000,5498400,1747200,9311800,43243800,2075300,5585900,598700,4595200,23042800,4214600,5218100,5954500,18130065,10442900,13994154,2053700,6011700,5928200,121982000,327741000,2040800,7069900,11084500,3797000,1278200,11135000,10636400,7305000,9404900,4090800,2745400,5094700,6615000,3544058,10116600,3712381,1256600,5898400,2506600,993100,1981300,2229900,17425500
2019-04-26,74596400,23654900,868988000,27228000,22075000,16404000,3342900,2114000,7889300,40627500,1543100,7661100,469000,2990600,13035500,6664200,4613600,6186200,20053193,5790000,8888193,1550100,4286500,3435200,168652000,335410500,2302100,6219600,12550500,12352800,1842900,18053500,11626700,9216800,8527500,4380400,2091500,5119200,4259600,2868201,5421700,3273022,988500,5653600,1921400,870000,2286300,1483900,16329700
2019-04-29,88818800,16324200,391920000,72368000,19641300,13404000,4509700,5592400,14242200,68408600,2997000,9702200,366900,3096200,16918700,5292200,4275200,5345300,23229001,6444500,7395317,940400,4355000,4069000,80426000,250717500,3456100,5008400,5426800,9097000,1429700,10023700,9404000,6769300,8927300,3512000,2651200,3374300,5457300,3122629,4551000,5417378,889700,7094400,2370800,901400,2180100,1195400,13985000
2019-04-30,186139600,24166500,362920000,133178000,23494700,18953000,3581800,3068000,11389100,47764200,1833000,8104600,567600,2387900,18525100,6629000,6003700,7632300,34360400,9367400,11269039,1380700,5514100,7380700,70120000,141969000,6162300,7614100,7384400,5339800,1427600,13721500,21431500,9358300,12163700,3804600,3303300,3862000,3732800,3874454,5101400,5232736,1573700,10643600,3242700,1476200,2396700,1404200,15469000
2019-05-01,259309200,26821700,354280000,74340000,15996600,18158000,2707700,2056200,10412900,56161000,1981800,9056300,488600,2450500,17542100,7019300,6656300,4823200,20703406,5231700,15288643,1491900,6702300,4685200,62340000,160566000,4059600,6524600,6678000,5463200,1350400,13909800,10097000,12032000,10523300,5186600,3350700,3652000,2765600,3991694,2615100,3487537,1327400,8541200,2323400,1384700,3585900,1018300,11627400
2019-05-02,127985200,27350200,394684000,45098000,13209500,20428000,3181100,2482300,8613300,40634100,1514700,7680500,436100,2538700,16883000,4387300,8835600,5499200,20471210,5206300,11579142,1353800,5112200,4761900,79258000,272389500,2418000,6813700,6247500,4456300,1237600,15360400,9495600,12614200,9108300,5145900,3708800,5405700,2438800,4691318,2589800,4379761,1702400,10035600,2656600,1412700,2561300,1691000,14435400
2019-05-03,83569600,24911100,336824000,41588000,14575400,19214000,3131000,1979500,8185400,35256100,1897600,5829700,403300,2856200,16571300,4085700,5281600,4323100,18664759,4527300,7942582,1254200,5452700,3705100,127632000,355602000,2915200,6798300,4967900,5774300,905900,12180700,7364900,6883800,7184800,6354600,2811100,4154800,2953800,4380445,3107500,4513396,1050800,6694800,2988600,1059100,1767000,1248900,9388200
2019-05-06,129772400,24239800,422176000,31774000,13994900,14371000,2520600,1994500,9387000,39882000,1927800,6310000,434400,2924500,19279900,4663600,5818900,7180200,25973406,5413200,9906534,1320300,4006700,5504700,108356000,162508500,2371300,12836600,5607500,4008600,1194900,13367100,11035000,7402400,6571600,3705900,3427500,4866500,4747600,3184804,2704900,3776100,2913100,6730000,2659600,1548700,1292200,1407000,10066100
2019-05-07,155054800,36017700,555220000,36604000,16253000,21734000,6541900,2568000,15017700,58528400,2839500,10365100,709500,6282300,23919100,7113900,6606700,5104700,27603838,4275300,10523387,1480900,5322500,6455600,118042000,151971000,3072500,9811300,8115800,4437200,1775200,13498800,9165200,6452200,10438900,4170900,3421700,5622900,9740300,4969618,4221600,7794522,2182200,7748400,2546200,1510000,3169200,2049600,12963800
2019-05-08,105358000,28419000,419168000,25520000,12505700,15099000,4061300,2610800,9575800,39903400,1817600,7340300,454800,4037500,19814400,3600700,4667300,3768400,23811968,3820700,10567508,1691100,4362800,4556400,81572000,92646000,2040900,9501300,7799900,3997700,1611900,11352900,6229000,4809000,9237900,3925400,3095300,4140500,6030000,3076476,2497800,3807721,1806400,7887200,2832400,1339000,1801400,1264600,12086700
2019-05-09,139634400,27235800,660248000,29556000,12967000,22282000,5809300,1866800,12205900,44173500,2333400,8102300,435500,3219600,23246900,6288800,5604200,4299500,19732461,3792200,8105861,1550700,3736700,6844200,106166000,100671000,1923600,6336600,7326600,4549300,1919300,13221600,16496300,7799800,12928500,3395100,3393700,5906200,6075200,3140136,3998700,4066569,2026000,6872400,3165000,1240400,1775300,1999500,14834900
2019-05-10,164834800,30915100,569500000,31650000,12578500,21025000,4462200,2097500,13189000,59649900,2089400,9749200,484000,2435100,19983400,6131900,4771600,4374400,17391527,4731800,9027158,1548500,3993500,4239900,114360000,105124500,2668800,5450500,6448600,5200300,2036500,11056000,8787900,6411500,12810800,2425700,3094900,5240600,4574100,2485180,3071200,4214823,1753700,6420000,2965400,1283100,1960000,2511800,10707100
2019-05-13,229722400,33944900,656912000,45626000,16833300,37864000,5694600,2698300,13783700,72547000,3605600,16506200,703900,3710600,23304700,7829000,5560000,4684400,28010788,3858400,9641705,1628800,5166700,3823500,115668000,162522000,2809400,6445200,9778500,6055200,1962800,12176100,7701200,6280300,16732200,4184500,3065600,8580700,7757800,3930793,3766300,6545091,3172500,10632800,4046600,1790600,1981600,2328500,13759000
2019-05-14,146118800,25266300,524880000,40392000,17628100,34277000,4954000,2046600,10503600,52216100,2463300,17302200,426800,2460700,21267600,5098200,7179400,5329700,26772759,6365200,8113826,1845200,5319300,3194600,92582000,108786000,2787700,7529200,6870900,8063100,1635100,10548400,6858500,5259000,12042900,2482500,2450300,4019100,4747800,2780563,2889100,4305078,2325400,8954400,4955500,1788000,1692900,2029300,12776200
2019-05-15,106178800,24722700,502320000,59302000,16746900,18166000,7783800,2708600,10142000,51973200,2271100,10703100,424200,2711400,20123300,10343600,6429400,5099700,33520678,4795700,7284543,1834200,4385500,3696200,93852000,109440000,1899000,4862200,5415500,5578900,1194800,8918000,6945000,6316300,10558400,1950500,2059900,2875900,4810000,1983433,3818300,3861588,2330500,7071600,3653200,1285400,1342200,1184200,10806300
2019-05-16,132125600,30112200,781088000,35308000,12953100,34233000,5048100,3413100,9672700,42791500,2008100,9305000,449100,4143500,20764100,8458500,6857200,4456400,25508486,5404700,9910831,1340000,6098100,5013100,94156000,112249500,2520500,6745200,6941800,4476200,1800600,8105200,8543300,5312500,7632500,2043800,2645700,4316600,6036500,3217801,3337900,4463819,2893400,8465600,4151900,1507400,1705100,1866600,11695100
2019-05-17,131516400,25770500,1022068000,25362000,10485400,39094000,5314000,2223500,9570100,43772500,1928300,8411700,496900,5273600,22273500,8971000,6915300,4486400,29187684,4756400,8259707,1320500,5169300,4735800,94732000,266800500,2239600,5068200,7379900,3891200,1672000,9279400,6870900,4906100,7252400,2701400,2562400,6122600,5282900,2222795,2587000,2551298,7817500,6821600,4428300,1421400,2310800,1737900,14436700
2019-05-20,154449200,23706900,572064000,30602000,10352000,65162000,5437600,2392000,8518200,41717600,2483400,8951600,465700,2765600,18854000,7055000,4771100,5390800,24251591,4395500,8281191,1525300,4493100,4677400,75964000,307893000,2217400,7181900,11475000,5750100,1600500,7154300,4569700,4794800,5922600,2823000,2106500,6312500,3219900,2187464,2088500,3091558,3715300,5464000,3100200,2764800,1370100,1383700,20910600
2019-05-21,113459200,15293300,361848000,20562000,7502800,25060000,3803100,1793500,7967900,39258700,2327600,5936200,307000,3369100,18416300,5868400,4859000,5345300,28785056,4841900,10873734,1420800,3819700,6403400,80102000,270058500,2264600,5762500,5808500,7705900,1504200,8489900,4859400,5855300,6716300,2537300,2722600,5492900,4022600,2691120,1762100,3480863,3567300,6069200,2728300,1338100,1891200,1051500,14016300
2019-05-22,118994400,15396500,325868000,18826000,9213800,31809000,3170100,1570500,7918900,29177600,2427200,10109600,331000,2941100,13155000,5378600,5456800,4038000,25274604,4219500,13491847,1740200,3062700,7391300,58732000,280278000,1760300,5237800,5602300,20777800,1242300,7858300,5763300,5156300,7429900,2869900,2111600,4620400,3841400,2388842,2580700,3086791,2626800,6706800,2225700,998000,1111700,1334800,11487100
2019-05-23,146118800,23603800,591844000,25214000,12768800,46607000,4508200,2706400,14558000,59772900,3184100,13128900,577600,3290200,17643700,9351700,6951800,3934600,25495944,3299100,9831498,1567500,5507000,12993200,88486000,398206500,3560400,9704200,9213200,11619600,1822800,14657200,11000200,8896800,12398900,4547200,3020000,4964900,5305400,2881994,3111900,8983570,2584400,8216000,3862000,1436800,1635700,1318500,11706700
2019-05-24,94858800,14123400,357584000,18554000,8807700,27963000,3151700,1878300,8537300,35524400,1637200,6172300,277300,2240100,13425500,4153200,5473300,2973900,15383341,3872700,6071588,991500,4866300,7341200,67394000,212049000,2105800,5999000,5627600,7851700,1340200,7056400,4890800,6070700,7665200,3757500,2661600,3802500,5387500,2159666,2401700,4952595,2597200,5559200,1987700,1412600,3072900,1025300,8755200
2019-05-28,111792800,23128400,428356000,20948000,14843300,61965000,4934100,2475800,11665500,44273400,3040000,10539500,462600,2550300,19984600,5174800,11919600,6172700,49440610,6557800,13779733,1676800,5418600,8852200,64000000,154693500,3675100,7927300,16205200,6522700,3164100,14912900,8145100,5685800,11869600,3148500,3105100,4889400,3504300,4113921,3357400,6419719,2054400,7048400,3837700,1936300,3494200,1483100,21860500
2019-05-29,113924800,22763100,559800000,36230000,12797700,28132000,4359500,1806000,9966400,49818900,2815800,9808700,390700,2553900,16058800,6469800,23247400,3958400,26895761,4182200,11278890,1232700,4013100,5830300,85580000,179529000,2925100,10116900,10511600,5772200,2594900,13645200,7451300,6828300,10072100,3974100,2232000,5330000,4160500,2682102,3388100,4444592,3013000,7214400,2319000,1448500,2309700,1405400,13418700
2019-05-30,84873600,16829600,394300000,18088000,8581500,17310000,4418100,1601100,10367800,58649300,1919300,7797200,412400,1882400,13775900,6270000,7360600,2646600,17344308,3533100,7483768,771400,3600300,4400700,62938000,118897500,2685000,6177800,7178400,3996900,2030300,9362100,5807900,5817900,11763600,3010000,2449600,2878300,2183900,2070648,2518800,4367525,3110600,6462800,2319200,1568600,2030900,1042000,17484900
2019-05-31,108174400,26646800,389720000,31582000,15226500,22192000,5326900,2526600,10952800,68304200,2640100,11328600,534600,2969100,17540500,9217900,7811000,3285700,22639288,4003200,7142749,1266700,6570800,5949900,92376000,156100500,3669100,8891100,7625700,4137000,4058100,13983300,6899800,6939500,11445600,4316600,2785000,4711500,3217600,2011126,4192400,5646829,2206600,9161600,3182500,2706200,2831300,1757200,29916600
2019-06-03,161584400,37983600,478644000,96890000,56059600,28911000,8835200,3903400,11680700,50109900,2857800,10133200,581400,2968500,20172500,7054500,8434600,4999400,22643082,8434400,9218103,1659900,6286500,8489100,181974000,195966000,3211800,11665500,8122200,7071800,2512500,11831000,6100800,6541500,9878700,3333200,3144800,4161800,5148000,2530273,4971400,4307779,2213600,6806000,3061800,1730800,3404600,2882600,19518300
2019-06-04,123872000,29382600,641836000,60512000,46044300,36805000,12375100,3750800,12858600,58426400,2420800,11860900,558300,3043200,21082000,8709600,6648900,4992000,18453537,6447100,9368806,1575800,5836000,6871300,113582000,207112500,3829900,7526800,11685000,7952700,1761500,10423000,5235600,7260500,8021100,3586200,2781800,4060400,3592300,2864912,5096000,3805973,1872000,7811600,2498700,2351500,2470900,3115200,15201200
2019-06-05,119093600,24926100,511616000,46988000,19758300,23651000,12072400,2650400,8340500,44874400,1967800,6421300,605800,2568100,13705400,6189700,6860600,3194400,21418861,3804400,9821961,2198200,5286200,7867800,84796000,202662000,4294600,8173200,7437100,6744500,1825500,10617800,5105700,11839200,9098900,4593300,3097000,3598400,3188400,2872551,2766900,3770538,1634100,7546400,2819200,2193300,1939000,3708800,11522900
2019-06-06,90105200,21459000,408140000,29020000,12446400,32687000,5601200,2211800,8726700,38633600,1653500,5741500,675300,2209300,16020500,5798700,9115800,2630100,24494222,4032800,11393961,1940600,5966700,6495100,73786000,303633000,4657600,4953000,10457200,4558400,1487800,11738900,7370100,7370600,12356100,3545000,2837200,3295700,2582300,2365181,2643200,3197068,1391300,5614400,2985500,1237800,1538600,3468200,9906900
2019-06-07,122737600,33885600,348856000,43828000,16917300,25963000,7175300,2758900,10618900,51317200,1838600,7546200,504000,2481800,14979900,7468400,6533900,2837400,20023470,4829100,8797436,1334500,5136400,4848500,96164000,240052500,4345000,3891100,11278800,5214100,2270200,9095500,5343100,5893000,12881200,2462100,2623700,2547500,2470700,2151496,2803200,2930752,1555800,6242800,3243300,1132200,1556100,3613300,11656600
2019-06-10,104883600,26477100,402780000,28510000,14767900,23280000,29856300,2487700,11380600,48305800,2372000,8693100,525000,3453700,15242700,7054700,4994700,2331000,15275727,3969400,7536273,997600,3927100,3975900,107420000,158775000,4647500,4419800,8102800,3019500,1839500,7760400,5708800,5268400,12121000,2044100,3026700,3705000,2560800,3199764,3327200,21901664,1708500,7104800,3028400,1976600,1096100,1197400,14955400
2019-06-11,107731600,23913700,383872000,33508000,15266600,37105000,15214300,2969300,9847700,38691800,1632200,10654600,536800,3303800,15078300,7601300,8230500,3043000,18813162,4210200,7789679,1214800,3905500,3621500,80854000,174802500,2991400,3939400,6226400,4285000,1613500,9415100,5625100,5280300,12121500,4030700,2736700,4516200,2702700,1832029,3229200,17434985,2019800,4606800,2841300,1715600,1666300,1720000,15378600
2019-06-12,73012800,17092500,358892000,23670000,17699800,27057000,7161300,1313700,9670500,33528900,2059400,8073800,430100,2685700,22470400,7755400,9216500,3251800,16296843,4165700,11057762,882100,3332300,3108800,53566000,227962500,2874000,4025900,6088800,3650900,1071700,7920800,4000100,5677400,12258800,2857600,3232800,3034600,2738300,1666619,2261700,15850911,1344100,5236000,2893800,2974400,1930700,1956300,11911000
2019-06-13,86698400,17200800,308080000,20814000,12253600,37735000,5173800,1696400,8406900,33404200,1411400,7530900,325900,2343900,15629400,7258000,7500800,3107800,14464042,2924900,10194001,1301500,5220400,4281400,55916000,122524500,2277800,3383400,7156800,3200300,1228500,8986400,3993300,5174200,14336200,4218100,3029700,3495200,2621300,1486143,2943100,7317027,1192500,6806400,3753100,2586500,3254000,2855100,9218700
2019-06-14,75046000,17821700,394428000,24582000,16773700,100797000,6248200,2262800,9077400,37322100,1403900,7102600,343500,2483800,16147500,14013400,6548100,2165500,13197872,4075900,7989952,1381100,4771100,3056900,57024000,111501000,2715800,4355600,9226500,4300800,1287800,8575900,3366800,3590500,11571500,2759500,1830500,2530100,2258400,1726884,1829500,4873145,1013500,5525200,3237600,1568100,1910100,1524000,11826600
2019-06-17,58676400,14517800,276040000,19770000,29459900,35785000,4491800,2254200,8128600,33410100,1155600,5658700,346400,2094200,13420400,9341700,5562800,2270300,14094931,3083200,6427279,681600,4095900,2749500,52686000,184752000,2694400,5101900,9313700,4194500,1191900,9355700,4219100,4575000,7574600,2629200,2003400,2607900,3746400,1746830,2317800,5317589,1742200,6233600,2448600,1780900,1596000,1757200,11027000
2019-06-18,106204000,25934500,581920000,34526000,37571400,54920000,7317800,4529300,11057300,60170700,2363000,10094500,535400,2729200,18611100,10194200,7122700,3482500,22833434,5433500,11425086,1360500,6253000,3654000,77914000,190737000,2470900,6456500,10582600,4389100,2763200,10091500,4884300,4980000,10127400,3640500,2336600,4756100,9199200,3059606,2524200,7208181,2617000,6576400,2532600,1696600,2069100,2006900,12257500
2019-06-19,84496800,23744400,331644000,26714000,21417100,28920000,8095300,9738600,13126500,61953500,2196800,8034300,544300,2951700,17787600,12627600,6393400,4204600,21753611,6147300,9825419,1534700,4113400,4307100,57906000,98626500,2328400,6217700,5401400,4088200,1628400,9757400,3847100,4469100,10273200,3318300,2901700,3847200,5716000,2320407,2056500,5172354,1671100,6602800,2683200,1421300,1584700,1944700,10516400
2019-06-20,86056000,33042600,350168000,24018000,14635700,57291000,10153600,5632500,13638000,60887200,2749300,9922800,729100,3303200,19205200,12498800,7335800,3800800,23500300,5347000,12490483,1590300,6436400,4887200,64344000,177952500,2162200,6163800,5215800,3814800,1745100,16229700,7771700,9437900,13067900,3772800,4082600,3803600,3794500,4492592,2622900,6906906,1945100,8883600,2428300,1839900,2844400,1703300,15302800
2019-06-21,191202400,36727900,434428000,50774000,22751200,45399000,9706900,4015500,27089500,69444000,3365500,18450800,1056900,5703800,39186200,11441300,11272200,6323500,38141203,10516900,15034294,1701600,8855400,7027600,78672000,123031500,4267400,9289800,12610000,7847600,2964000,23108100,14287900,9147100,16111400,4052500,6129800,5742500,4923700,4046442,5283100,9087332,2380800,12560800,6867500,2420400,5017900,3770300,22474300
2019-06-24,72881600,20628800,282948000,24236000,15509000,20506000,6378200,2868900,13039600,40046400,2069800,8141400,397500,2680900,21854400,9905500,5894700,3163800,24624075,5182700,7891440,942100,4531600,4037900,45660000,86262000,2486800,8043300,6692500,3059000,1586100,10011800,5542600,3701800,9348100,2311500,2360800,3197700,2323200,1905132,3704600,5842594,2582200,6009200,3305700,1064000,2220500,1092500,9141800
2019-06-25,84281200,33327400,311868000,31644000,16750300,24436000,7362500,4638500,18660100,46901300,1828300,10232900,454100,2387800,20814000,14207500,7517000,3182700,28429015,90131800,9348894,1191600,4915300,4416100,60246000,92731500,3020900,7339900,7312300,5061300,1182400,9740000,4713300,5024000,7969100,2641900,3343800,3751800,3005400,1956166,5339400,4439825,2084800,6954000,3996800,1542400,2059400,1118800,10571700
2019-06-26,104270000,23657700,584072000,34698000,12808600,24774000,5844900,2896800,10324600,42312300,1649900,7826400,434300,1902500,17106800,8437800,7674100,3852900,41009348,42093800,12604401,1172300,5731400,4315000,48838000,127608000,2576000,5838500,7576400,2978100,1334400,11365500,5054800,9509900,8362900,3422300,3816200,3343700,4542000,1926564,4624000,4643853,2025700,7394400,3437000,2434100,2786800,1369900,15042100
2019-06-27,83598800,16557500,445440000,24078000,11159000,21813000,6832800,2596800,10906600,35575600,2239200,7459800,352900,1504300,13391600,10128100,5233500,3366200,21994977,22129200,11721670,850100,4111600,7428000,42834000,95095500,2253500,11436700,6084200,2941600,1122900,8147800,3551700,6004700,6417500,2112400,2086400,3594400,8980000,1922108,2613600,3199452,2072100,7529200,2726700,2044600,1621400,1532100,9123300
2019-06-28,124442400,30043000,397668000,33672000,16378900,49265000,6936600,2648300,21634700,101856900,4854900,15445600,634300,4338900,31030900,15515700,12792400,6727600,39726209,21381500,46684837,5248000,16436700,5539400,60748000,102771000,3658200,12443800,6735300,5284100,1952500,14781300,7048300,6108800,9742700,3735900,4442600,10469400,4737100,3767929,3130400,8637486,6514900,11647600,3875700,2965500,3272200,6440600,14604000
2019-07-01,109012000,22613500,709756000,29196000,14181800,44832000,6476400,2619500,12724500,48029900,2465700,12197700,471100,4008800,15089100,21507800,5872300,4102700,21341392,18010900,10260863,1640100,4527600,3326900,63842000,123201000,2689500,6587300,7935100,4780700,1955800,11437900,5526900,6272200,13048500,2355200,2668700,4834800,6392600,1712030,2627600,6233329,2409200,8478800,2848000,3039800,1812500,1113300,15796800
2019-07-02,67740800,15237800,400228000,20630000,9050000,19011000,4736300,1816600,10174900,32263500,1621400,8234800,347000,4076100,12107200,6426900,4501200,3863500,16541898,12862200,10381593,946400,4023300,3380300,52918000,138885000,3120000,7187200,6205800,2323600,1201300,10475400,5747700,8132300,8732500,5193200,4112200,3204900,3774700,1492827,2020200,5394655,1371000,6696000,2039000,3224300,2428500,1722400,14985700
2019-07-03,45448000,13629300,246636000,20154000,10246100,49411000,3885400,1585300,6849400,26642300,978800,4470800,343900,3714300,10438400,3019500,3436300,2559400,10297580,7434100,6533232,883000,2437500,2326000,33806000,213016500,2306000,4012800,7818600,1532900,986500,5246100,2725800,4881900,4954500,2794500,2035500,2538600,2164900,1315640,1193300,3237746,918600,5654400,1717600,1408700,1193300,939500,8437800
2019-07-05,69062000,18141100,396552000,29794000,11164100,24565000,3940900,2872700,7929400,33092000,1511400,6276000,383100,3731500,10801600,6522300,4652400,2965000,18295227,10854900,8767358,1046800,3784700,2319800,52568000,105985500,1876200,6440900,5733100,2032000,1081500,6880800,3458900,4584300,5885500,5390500,1956000,3071800,3208200,1282537,1572000,5636024,1291700,4196400,1744000,1735500,1565600,1741300,6938500
2019-07-08,101354400,16779700,329788000,29888000,9723900,34291000,4717400,1909200,6917200,30924400,1853900,7060200,414600,3332000,13189300,7209400,4078100,1902500,23955312,13487400,13693273,1223200,3591100,4384800,57668000,88207500,1818000,7052000,6359500,4734400,1236000,7876100,3505200,7176000,10899100,3219400,3044500,2742100,3262300,1669908,1675300,5088455,1384000,4322400,2046900,1227600,1847400,1277100,12048200
2019-07-09,82312000,19953100,342860000,29472000,14698600,26131000,4979100,1644300,8947300,28750100,1812100,5941900,445500,2237100,12595000,7138800,4217400,2774800,14223308,11832500,8490791,886500,3126000,5665300,86914000,92862000,1618800,6219700,5355400,3986900,1400300,7863000,3955600,6057000,8699200,2626900,2369900,2618700,4828200,1693250,1952300,4803229,1486000,7276000,2598000,1483200,1929000,1160700,16733700
2019-07-10,71588400,24204400,452076000,30710000,20571700,30134000,4966300,1954100,9242300,40574800,1779800,5311000,504900,2733800,12784900,8562400,4874400,2753000,15298599,9170400,5996132,842900,4315900,3482100,98638000,137185500,1842300,5985500,5293000,5638400,1257000,8077400,4743500,5983900,7003300,4298700,1954600,3933300,2946700,1979402,1992400,3717148,1753200,5922000,2401700,1858600,2343600,1062000,10901500
2019-07-11,80767200,22327900,682560000,26004000,13678500,20712000,7083200,1951500,11595200,37376800,3691600,8799200,390600,2928100,19751400,6566100,5817400,10268800,38383518,13001000,22146126,804700,3653600,3981500,86356000,112716000,1922800,3942400,6191400,5307700,1985600,6404000,3548000,4194600,9695200,3640300,2446600,3164200,5059200,2574410,1820000,3874141,2012800,5830400,2379100,1398200,2610200,1225200,10045700
2019-07-12,70380800,18936800,506392000,21878000,15366300,21971000,4348000,1624800,10783400,29632900,2626000,9565700,472400,1639400,12792600,9983700,17780100,5336100,33580967,12903000,18910636,1640600,5667200,3545600,50186000,138007500,1960100,4240900,5628000,4732000,2046400,6139000,3974400,4806300,6788100,2393000,1842400,4149800,3592800,2331229,3541300,5088455,2268500,6283200,2101400,1263300,3177700,1027600,9669500
2019-07-15,67789600,16651500,289840000,21164000,16030300,30334000,3603700,1161600,12946600,46462100,2600200,7870700,416400,2355700,21338400,8655000,10038200,2611400,20363912,10253300,10922570,1629000,5177700,3075700,59626000,165001500,2408500,3750900,6061300,3174200,1568000,7116400,3739200,5051000,6903800,3432500,3089500,4498700,4814600,1769748,2288200,3779754,1983700,8714000,1847700,1640300,2949100,869000,11734300
2019-07-16,67467200,22726100,341444000,25352000,12132700,14617000,6913100,1838700,16945000,54920400,5283700,10170900,409700,2734000,37548300,16155400,10214500,3121600,19553386,10141600,8448662,1959800,3886700,3632800,52364000,122235000,2380400,5812800,5591900,5276900,1379200,10197400,4697600,6011300,9257000,3012000,2625600,4051600,2960400,2110329,2958400,5085118,1345100,4281600,1727100,1430600,3720200,1073700,10556000
2019-07-17,56430000,20211000,348204000,19538000,12083700,15453000,4160500,2298100,13120900,84958300,2583500,9131800,511200,2248900,24502100,7673800,8862100,3995200,16341532,12205000,9848999,1671500,9381400,5579100,51176000,146470500,1698400,4461500,4635900,3671100,1716600,7419300,3874200,7055900,12523600,3693500,2254400,3750200,4010000,5809506,3672300,4347663,1368200,6556800,2102700,1395000,2011400,986700,7916700
2019-07-18,74162400,30381800,442192000,25450000,11937900,19357000,3724000,1597200,9397200,49468800,2858100,11185800,498300,3524500,19409100,10955600,6203100,5825800,13728877,8573300,8472661,1543000,8311600,3922900,69738000,71379000,2259800,4607000,6470200,3847300,1696100,11424500,5770700,5711600,13563000,3330800,2468000,3548200,4582800,4379808,2359000,4638132,1404400,4413200,1911700,1279400,1885000,1013800,7549200
2019-07-19,83717200,48992400,344896000,23184000,12098300,22047000,5218800,2100200,10402800,44863200,1822300,10083600,887400,7819000,21847900,12138900,8340200,4413200,23552579,9806900,12053782,1593100,5824000,5292400,63712000,105726000,2860500,6635300,10804800,3420400,1607600,11243100,4880900,5136000,12811700,3130200,3972900,4837100,9504000,3223212,3011800,5138985,2690300,5843600,2408000,1847200,2043900,1228300,12240300
2019-07-22,89111600,25074900,315940000,28914000,13589000,33905000,2909500,1336400,9061100,31224300,1907100,7091800,647800,4839700,17972100,8774200,12624800,4104300,12552086,9961800,7261697,1106100,6566100,3061400,58000000,102636000,2580000,6810300,5636600,2850200,1459100,8368800,3275800,3320500,10961200,3331000,1966800,3267800,4265100,1871816,2495400,5399422,970300,6547600,2160300,1259200,1644800,653400,15255800
2019-07-23,73420800,18034600,428176000,20648000,14583700,19692000,4865800,1826800,12752200,64030300,3330600,9859600,449200,4055100,21150200,10277000,5803600,2889300,19586904,8025300,7420469,1025100,4049100,3304500,54070000,75346500,2503600,5659900,7609200,4304000,1117800,8551200,4295300,4431900,10610500,2908200,1873800,4122200,3354900,2208259,3362300,12855169,2176800,6337200,3141800,1165300,2141300,1064800,14093500
2019-07-24,59966400,20738300,366236000,27192000,32532500,19006000,4110500,1458800,10011000,53171900,3180000,8092200,593400,3628300,29357200,11347300,6838600,4864000,18117838,12595300,7720197,2538300,3879100,3429900,52626000,166092000,2971600,6362900,5388100,3204700,1257100,8260200,4796900,4405000,10763300,1849300,2924400,12664900,7447900,1858129,12086000,5684171,1775600,6080000,2386500,1932400,2103800,1102800,11173900
2019-07-25,55638400,18356900,392700000,54762000,39889900,15741000,6934500,1378500,10138400,43251900,2776700,8733800,494900,2663500,20562000,8571800,8897800,3362800,17514634,12403500,9670106,1214300,4671200,3007500,82730000,336274500,3789000,4546400,8106300,3603500,1600200,9083900,4586800,5019300,7701100,2945100,3649000,4823200,9663700,1866511,8941300,6339633,1180600,7010000,2680300,1058800,1926000,2084900,11006100
2019-07-26,70475600,19037600,274160000,121216000,24434000,14996000,4979100,1507800,12800400,46978800,2304500,8321000,418000,4236200,21641500,12260400,4894600,3362600,21062187,12259300,7638977,1274000,4177700,3515600,98542000,150415500,5029300,3707200,20846500,5315900,1447700,7677300,6971700,6704100,6731100,3026100,2267300,4238000,4441100,1866193,8526500,3521383,1950000,4324800,2426000,1336800,1653200,1191200,12333100
2019-07-29,86693600,16605900,248160000,41382000,16530800,12068000,8880500,2778400,8500400,39176700,1372800,8667000,363300,1829500,19148600,7837500,7832000,2005500,64559186,10117300,11123682,1060000,3623900,3131300,89864000,139099500,4278600,4387300,11184500,3328800,1257400,7091900,4377500,6597500,6549500,3407000,2275200,2715600,4116600,1612508,4171100,3259675,1459600,5274000,2442900,1875400,1845100,1468200,10165700
2019-07-30,135742800,16846500,197772000,28616000,11903600,11164000,4241600,2158000,7121100,37598300,1644600,7339100,391300,1575400,14207000,6223400,5509600,1908800,95739668,8143700,14286965,1343300,2864700,3892300,58218000,121635000,2808500,3561200,7248300,2733400,978200,6961200,3871700,5927800,9256500,3707600,1465900,3257200,4528000,1520944,3265900,3584148,1400700,6447200,2693400,2080100,1395500,2466300,13329300
2019-07-31,277125600,38598800,359416000,39960000,14593500,20819000,7454200,3066900,13648000,60607600,1991100,8317100,421000,3221000,23422800,9018400,8559200,3532400,56309423,11300000,12443428,1903700,6197200,6937100,89414000,137673000,4048800,5818200,9912100,4470600,1886900,13104600,7199500,8268500,10673300,3144300,2415900,4322000,5219700,3073611,4859500,5348733,2000300,8446000,2824800,2845100,3302100,4160900,24396200
2019-08-01,216071600,40557500,421212000,35426000,17777000,21911000,26124700,3210200,15664500,76913400,3070100,12963900,734500,4489800,22668600,21228900,7870700,3613600,51624920,13106700,10550006,1552000,7022000,4287800,94266000,123892500,3231800,7871800,8342300,7100500,2634300,17132800,7928400,7924200,13280000,8080000,2153200,5530100,6465300,2919448,5106700,4633524,2193800,7507600,3055000,1691400,2340000,3762800,18677000
2019-08-02,163448400,30791600,428348000,34910000,15297000,20080000,13138900,3400900,11025500,57492300,2503000,16089900,527700,3268800,20159000,8811900,6574900,2677600,29153640,9653900,10913767,2096300,4756400,3632200,99124000,92047500,3517800,8761400,6381700,5134500,1969200,21376700,9026200,7697700,8738200,6795800,2075600,5968600,4675400,2286137,3669300,3443681,2270200,6912800,3228900,1802200,1773800,2556900,17458800
2019-08-05,209572000,42749600,589156000,47840000,23086700,27765000,13070100,4292600,15855300,96207700,2794200,15311100,647600,5876200,27113500,13878300,9480000,5812400,46030183,11618800,11885578,2569400,6253800,4598700,121164000,105424500,3685600,8493300,8917400,7255600,3329800,19080900,8620300,7474600,10771600,5476400,3034800,5482500,5876100,3496419,4332900,6322790,3243300,8838400,3969200,2268700,2706500,3074800,18941500
2019-08-06,143299200,32696700,361272000,36014000,18035700,22199000,6694000,2552100,10203500,65115800,2349400,10481200,418100,3497000,19446100,9930000,7880600,3533000,31985843,10248700,11025274,2287500,4422500,4786400,101406000,83463000,2970300,8664500,7438000,5546300,2383000,12282400,6788000,6166900,11639900,4257200,2164500,3713900,3653300,3824693,4875200,6042808,1824800,7171600,3943300,1988200,2886700,2352000,18747900
2019-08-07,133457600,33414500,372560000,30686000,15833200,22244000,7635500,2196700,17320900,75388500,2454200,14108500,574000,3170800,27830000,21892100,6771700,3205800,32017253,10532100,11509660,1664300,5502600,3954100,90538000,71647500,3767200,6275000,6414000,4762100,3037500,15231100,6853700,9289600,12162700,5249900,2349800,5048700,4187600,3267031,3529400,6835401,1747100,6892800,2630100,1827800,2040600,2078900,11865500
2019-08-08,108038000,27496500,309300000,30116000,14828900,29163000,8670300,2506000,10903300,53141900,2342200,9884400,499900,2976100,20671300,14452100,5260500,2830700,23356429,7427400,8699762,1348200,6439300,4951200,74024000,79114500,3724300,6208900,7423600,4464100,2046700,14304100,8868100,7444800,10805500,6235200,2311900,3734800,3673000,2576957,2349100,4253117,1661300,5971200,2252100,1389700,2163700,1927100,11335900
2019-08-09,98478800,23466700,341816000,20418000,11058800,30735000,5286700,1451100,9980800,53499600,1790100,11011400,650000,2138300,19786100,13647600,4677300,2535000,25391703,10893500,8968260,921900,5102700,6602100,57596000,58473000,3784000,5460200,5209200,4966300,1284300,13686600,5051700,5391700,7866600,2787800,2005600,3805600,3102900,1912028,2113800,3767360,1742900,5828800,2355200,1251300,2788100,1600200,8948000
2019-08-12,89927600,20484300,279200000,22064000,10930900,20040000,4389500,1580500,9393700,55674700,1479300,8775000,665900,2918000,17364400,8733200,6852100,2667400,44212665,5258900,8761909,1183900,3650800,2668900,58110000,69958500,2338200,3762500,5513800,5194200,1638600,9542600,3936500,4726100,8030000,4615300,1967400,4321500,2683400,1581102,1724000,4135055,3738300,3922400,2302000,883800,1433300,1891100,10635600
2019-08-13,188874000,25154600,351956000,28434000,13577000,22340000,5205800,2326400,12124700,69919200,2115900,10896700,877200,3175700,16649100,11376700,5013200,2763400,45549453,7082500,8413658,1905600,4808300,3687500,79880000,72721500,2913300,6896800,8915600,8412100,1724600,12403300,5806400,6461800,11075400,4881100,2267800,4331900,3689700,3418330,2804800,3813918,2890500,7496800,2400900,2468800,1820700,1678700,11016500
2019-08-14,146189600,32527300,419880000,35430000,18903700,27108000,8607800,2586000,19491800,106591700,3025100,17133400,793400,5626300,28786700,13862200,7736200,3464300,38633421,9373300,11411148,1856200,4106200,4715100,97872000,143439000,3233700,7266100,9989500,7011500,2122100,18114400,7175600,7851800,12761500,6971500,2529800,5543100,5110400,2607195,3775700,5337769,3001000,9558000,3584600,2092700,2271000,2441100,15041200
2019-08-15,108909600,28074400,477200000,28506000,12925900,20010000,6647700,2336800,13365600,70192000,1981900,10818600,612700,3031700,27900000,7587100,7251200,2513500,30713665,9195700,9543612,1603700,4952600,4366000,75182000,122394000,2774100,6713600,5559400,5389000,1623200,12874400,6272600,6069800,20155700,4008300,2089900,4171900,4721800,2355844,3698000,6295618,2402700,7865600,2384800,1773200,2248300,1508300,12124000
2019-08-16,110481600,24449100,1007960000,24916000,12654600,17458000,5341100,1954500,11830600,70841700,1878700,9742800,544300,2343400,21196600,6311800,5858900,2810000,30012334,8348100,9156271,1035100,5786300,4758100,60360000,76477500,2475900,5649000,4852200,4861100,1230800,12649000,6239100,5273200,13561300,2540900,2118400,3551900,3866600,1854840,2723300,4023348,3493000,10488400,2285500,1681900,4364400,1198900,11923500
2019-08-19,97654400,24355700,815112000,24450000,9691200,17489000,4632100,1955200,8265400,44964800,1646100,7803000,473000,3286700,15378100,5361700,4958000,2672300,21997296,9826300,7655221,1089100,4579800,6106800,56326000,79644000,2721100,7027900,5324900,7353800,1313400,10032800,6443700,9315400,11073600,3530000,2747900,2630900,2335600,1747679,2382600,2896906,1993600,5632400,2632000,1415900,1730700,1232100,11011900
2019-08-20,107537200,21170800,463188000,20206000,10083400,17920000,6259200,1491000,8374000,47665000,1545600,11350000,401700,3641600,13345800,6790500,7302000,3201300,19932510,12037900,6176598,1031000,3322400,11295400,38590000,61878000,2333800,5903100,6809100,8797200,1390600,9743500,5150900,5297700,7770100,3039100,1904500,2402000,2039000,1831498,2599100,3161474,1582900,8316000,3611300,1620700,1675200,1364200,9892600
2019-08-21,86141600,14970300,427244000,14152000,8398200,19381000,6142400,1520200,8189300,47785400,1160800,9876100,351200,2948300,13513700,4950400,6912800,2761900,19208728,7615700,6486072,749600,3894300,6549300,40636000,116914500,2053200,6454200,4740500,41449400,1682300,10134200,4578400,6044600,6427200,2886800,1988300,2783000,3265600,1837864,1906900,2732286,1855200,7483600,2754400,1279500,1501500,1074700,7637300
2019-08-22,89014800,18697000,303488000,17352000,10821400,12294000,11744500,1743200,9343400,49353700,1275900,8126000,551900,2322100,14703900,6901600,7213500,4498200,16933142,6495700,6588776,845700,3207000,4402600,53070000,98385000,2550600,5571600,5146200,17105700,2345500,8972000,4362100,4316200,6975600,2299800,1946100,2118200,8320900,2058340,3005000,2593248,1716400,9159600,1945500,1073000,1359900,1446700,9272200
2019-08-23,187272000,38508600,568056000,36254000,17323400,25742000,26531900,2851900,14762300,81880700,2200500,12310800,853300,4800400,21152500,8736700,15714000,4826600,27765311,8904700,10608694,1758500,6228400,5316000,105416000,128079000,3662300,8497800,8076600,8989600,1984300,15371900,7653400,7133400,13952100,5160000,3305100,6102000,11518700,4607817,4375800,5532580,2983000,10485600,3153900,1497100,2183100,2119700,13203000
2019-08-26,104174400,20312600,318208000,21166000,8773600,14249000,8975400,1792800,8209500,41499100,1441900,10408600,812300,3170600,15973100,5920500,8889500,2918300,17468680,4841100,6041825,1052000,3521200,3092600,61600000,75778500,2553100,4336000,5802600,5583100,1426400,7343900,3966400,4989100,11611200,2688200,1568100,5200400,4661100,3282734,3215800,3325936,1864100,7455200,2037100,968500,1642200,1226800,9486900
2019-08-27,103493200,23102100,290968000,23460000,14399600,14298000,6516500,1792300,14331800,52517000,1513300,8742900,1068800,3145800,15038200,9081800,20183800,4988100,24715351,7591200,6527049,1002600,4845200,4429500,60394000,81243000,2070000,3842500,6539800,5319900,5169000,9490900,4237100,5342100,10000600,2649300,2586000,3160700,3740300,2684542,2883900,3459571,1240700,9541200,3668000,1584000,2080400,1477100,16953900
2019-08-28,63755200,17393300,255612000,16810000,9386100,17202000,5326800,2776300,10585500,45897900,1437800,9881900,590700,2327400,14740000,10094400,9878800,4847600,26047924,6872800,6159934,1316600,3889500,3924300,48394000,48382500,2146100,4123700,4948800,6641000,5162100,9647400,4153500,4880300,11557000,3055900,2318100,3187900,2402000,2507567,2609900,3252047,1477800,11356800,2639200,1143700,1550700,1122700,15238900
2019-08-29,83962000,20168700,357976000,19636000,10128700,16429000,5979900,2171900,10002200,55432900,1816800,12191900,699700,1901300,16196600,7658200,6749900,4052500,19610302,6011900,6321012,1858500,3758600,3992900,60302000,77692500,2729800,5101900,4514300,5196600,2613100,9004100,4467300,6401900,12614300,3726700,2372500,3442900,2717500,4158377,2708100,7271105,1611800,8512000,2231400,986200,1499400,1458900,8538000
2019-08-30,84573600,23940100,290616000,18064000,10774500,16720000,7591000,2373300,10170300,41326200,1529600,7427000,466300,2366200,15250600,6896900,7371100,3384100,18873346,6415100,6795127,2165900,3627900,3776500,61174000,139809000,2733700,5235400,5209500,5309000,1801000,9180800,4881100,5131500,12443800,3164000,1932500,2912000,3147000,3349153,2209700,3702529,1629100,11786800,2157900,1426200,1861100,1686800,9962200
2019-09-03,80092000,18869300,296140000,25908000,9779400,22210000,4953800,1837000,9868800,50743100,2633600,8675300,540200,3198700,17224200,7749800,5710200,3382300,26624989,7915700,6695882,1590000,4060600,4360100,70860000,80311500,3183100,6360800,5150700,3992100,1842900,9849700,5672500,5142300,9366900,2467000,2140100,3780600,4272200,2970270,1981800,4028433,2030600,9718400,2620200,1843100,2044300,1370200,10470100
2019-09-04,76752400,17995900,227728000,21312000,11308000,19865000,3604500,1516000,6929200,40862500,1720600,6829900,525000,3746900,17123100,6904000,4807200,4526100,20649441,9618300,7868070,1288300,3673100,4320900,46482000,86415000,2252200,4151200,12937000,3963700,1375700,6959200,4595600,5803100,11018400,2951100,1664100,3688400,2737100,4217157,2732900,3585102,1562300,8909600,2102600,1796100,2226600,1210400,9232200
2019-09-05,95654800,26101800,695676000,26394000,13876700,20938000,5065400,2835900,13224700,63413700,2237900,8101600,888800,5261100,19243400,9395000,4754100,4256900,22096794,5602400,7524954,1470500,4356400,4148200,66216000,110929500,2752100,6328400,5514400,4144400,1865300,9901500,5394300,6014500,12117900,4059700,2668700,5355100,3643300,4786808,2854900,4231348,1672900,17661200,2721200,2059100,2383000,1911200,9232300
2019-09-06,77449200,20824500,376976000,18972000,15226800,13748000,4722300,2273100,7836600,56054100,1438800,7012700,467200,4552400,18846100,7047900,6758300,4183200,20873416,7502500,7047695,2337300,4451300,4484900,49938000,62841000,1976500,3625300,3991800,5274400,3018100,10418500,4578200,4635000,11976700,3794000,2117500,3315700,3022600,3530796,2116500,3375513,1083200,9130400,2578000,2307600,2075900,1066700,8920200
2019-09-09,109237600,25773900,417524000,31854000,14722400,21686000,6265500,3134500,13985100,68629300,2734500,11888800,724700,5336000,27651400,7962500,7684700,3895600,24675616,10310900,12040786,1568400,4444600,4652700,59990000,72040500,2569600,4282400,6523300,5005500,3397200,12840200,5048000,6176800,13461600,5133600,2396100,4433300,4183300,5296300,2882300,3675834,1725700,8297600,2935100,2994000,1500700,2862300,12848700
2019-09-10,127111600,28903400,352812000,27922000,15455900,20850000,6249700,4097800,14333100,71066200,2615800,12292700,734800,6196100,25822400,8701400,8239500,4257600,32250397,12155700,18087432,2428400,5613100,5063900,52278000,73255500,6407600,7072400,12490900,3949200,2725000,13810800,8728800,8567700,19638200,4342700,2367200,8479700,4547200,4479118,3070200,4552326,2702900,11094800,3179600,4266100,3160500,1788900,13987000
2019-09-11,177158400,24726100,361512000,23522000,11761700,19260000,6242400,2594000,9919200,53982200,1886300,9877900,605100,3674400,19190000,6799700,6203600,3168100,16963181,8369100,10602197,1293700,4458900,6209100,48656000,150642000,3393300,4623300,8406600,3704700,4754700,10525700,5509500,7940300,17918600,3585300,1924500,7592600,8437000,4294398,2437000,4557093,2213300,8818000,2756500,3019700,2148300,1292100,12241500
2019-09-12,128906800,27010000,327840000,31644000,11419800,33109000,4993500,2955000,12283500,72943900,2913800,13254300,602200,3733500,24305900,8829400,5250000,4713700,16692303,9560100,8416698,1108200,3517500,5203200,56470000,128718000,3439100,4057500,6862200,3185700,2942600,9100700,5818300,5712300,13089500,3200200,1868500,5594600,4495300,2946928,2224400,4805931,2732800,8671200,2339400,2334500,1701500,1640200,9491400
2019-09-13,159053200,23363100,324592000,23676000,11441100,62557000,3763500,2948600,16257200,79657000,2722400,11364500,586500,3941100,25142400,6777600,5369800,4523200,24099605,8135600,7521496,1083000,3633200,6828600,39426000,79696500,3791800,5894700,6972300,2508300,2306300,7337200,4885400,7885300,8453300,4123500,1688400,3704900,3628900,2906716,3107300,4807520,1789300,8213200,3322200,1908800,1737600,1717100,10719300
2019-09-16,84632400,16731400,231832000,28218000,8444800,22176000,2592300,2774700,11993900,43391300,2205500,6289800,697400,4280600,17759700,6585000,5101700,2973600,19877070,5992000,6191270,1062900,3991200,3402100,73510000,70921500,3437700,4171700,6339200,4642500,1508900,19830200,10683900,17898000,22533100,11888900,4654400,2876500,3055500,2575790,2294400,3355968,1164700,5033600,2934600,1422100,2156900,1263900,10950500
2019-09-17,73274800,17814200,223048000,20806000,9671100,21912000,3028500,4069200,10735400,48284900,2429100,9768500,675300,3054700,18346100,6244300,4976400,2392900,22091945,9013500,7375405,1514500,3578300,4290900,39648000,57981000,3667900,3248400,6493200,4325800,1758900,14452200,7246500,13487100,13493400,4902200,2464500,2888900,3269500,2426719,2007500,3369316,1347800,7596800,2615600,1853300,2230200,1186700,8801700
2019-09-18,101360000,23982100,258152000,17440000,9681900,16510000,2951200,7449700,10665600,66640400,2474900,8283800,641700,2844500,20511700,6663000,4373600,2960500,19679550,6252600,6943734,1221700,2767500,5486000,50112000,62553000,2534800,4722200,4510700,2950900,1666000,7292200,4801500,7412500,6949000,3876100,1814700,3005700,4186400,1943434,4116500,2773600,1215900,7681600,3066500,1318300,1872000,1694800,8451900
2019-09-19,88242400,35772100,245476000,16554000,10392700,19421000,2947000,3163500,9382600,43035700,1596200,6403500,517700,1975800,16887500,4935700,4730100,2666700,17746409,5541200,6922774,1003800,3392900,3646400,40630000,71937000,2552000,4231200,4843600,2938700,3004700,8050200,4034500,6270700,6234900,4099100,1332700,2725700,2928800,2069162,3733700,3479433,986000,5906800,2049900,2281100,1823300,1601500,7651700
2019-09-20,221652400,39167300,350244000,37692000,19934200,35524000,11733000,4046500,21862800,167269000,5458900,22404600,1228200,5301500,30229400,10962100,12053100,6220100,45990658,12968700,23631247,1775000,7130100,7342900,106838000,95295000,5979300,6991100,10913800,4199800,3409500,19736600,10420700,18124800,17917800,4754700,9381800,6412300,6643000,5358474,5308400,8439656,2942700,19007200,5069100,2787400,4647000,2475500,21019900
2019-09-23,76662000,17139300,249712000,20798000,13327600,14850000,3642200,1966300,9135100,52048300,1485500,7114600,647100,5089400,20603400,4463300,5183700,3281200,17295191,8092300,8909572,1032300,2279900,3268200,58446000,65103000,2812100,4790000,4532400,4945300,2025400,7495200,4705500,6729300,5849400,3749100,2413000,2723500,2674900,2467356,2999900,4137597,1412300,6634000,2089100,1267000,2272800,859600,8437000
2019-09-24,124763200,29773200,317268000,35804000,18546600,20292000,4120800,3288100,11696500,64806900,2837600,11246400,765400,5128400,21629300,5693600,7102600,5006800,24186560,8223800,9377085,1465200,3525400,6023400,92320000,193372500,3049800,10202900,5662600,5397700,2483200,13307100,6232100,9370200,12212700,4323900,2599700,3370700,3533300,2799130,3160500,4506881,3124800,8674400,3166100,1728600,2185800,1539800,12846300
2019-09-25,87613600,21382000,308432000,26798000,18068300,55588000,3445000,3307300,9389400,45807700,1593400,6909400,597500,2742900,21313100,7229200,4522900,4658000,20269685,5922700,7290936,1952000,2795100,6715100,69864000,141406500,2414500,25330700,4764000,3934100,1827800,8035200,3762500,5788200,11344800,3236200,3043400,2354100,4705500,1745345,3203000,3357875,2814000,8423600,2383600,1709400,1697600,852100,8088100
2019-09-26,75334000,17456600,234564000,23166000,16083300,27477000,3837300,4270800,9899200,33198100,1685500,5343800,516700,3411200,19984000,8429200,7545800,10444400,17059728,10324100,8104918,1693700,3265200,4042500,70736000,178267500,3053100,10408300,5026400,5166600,1877300,8420200,7834400,6655400,12359300,4100200,1762600,2227400,2520400,2103963,1999400,4278541,1808800,8703600,1986100,1350400,1681300,1345600,7438800
2019-09-27,101408000,22477700,362056000,34122000,14656200,28660000,5858200,3167600,10207800,41336600,1530900,8005200,539200,2909200,59467400,6272300,6006500,4834900,17583671,7677300,7827093,1144000,3396600,3111800,78144000,166746000,2333200,6420500,5987700,3188600,1538100,8224000,6850700,4329300,9969900,3422300,2297000,2214300,2730800,2668203,2456000,3395375,1591200,7501200,1960700,1832400,2273400,873900,7799000
2019-09-30,103909600,17280900,186184000,24470000,10740000,19826000,3671200,3992300,9755000,39191000,1794500,6213700,362500,2345800,26897100,4931400,6552100,5286300,17205391,8315100,9806974,1519400,4340900,3627500,52894000,88197000,2488000,7401200,6588300,3639000,2151500,9768900,6108300,5923700,9583500,3159100,1801600,2795300,3183300,2206350,2639000,4079122,1828700,8937600,2501700,1703000,2017700,1027200,9709400
2019-10-01,139223200,21466600,366008000,24504000,17073000,19429000,3172900,3245800,11250300,49434400,3156200,13437200,597000,2841300,27249300,35680100,7673000,5523600,22013001,10910800,7050001,1822000,4436700,3539600,61690000,92439000,4811900,8464900,6719400,3557400,2648900,10279100,7116600,6329000,12617900,4155300,1897900,3718200,2943800,2963585,4295800,5539095,2299500,6727600,2009200,1545400,1799400,1127500,8381600
2019-10-02,138449200,30521700,293372000,33030000,16151700,19543000,4432400,3370100,12548700,52293100,3386800,12052500,743200,4908800,23515900,20944000,12051800,4921200,22458000,8380500,8762433,1964800,5547100,4413800,66022000,84471000,4171400,6933900,9858200,5637600,2480600,14503700,9702400,6135600,13468900,4289200,2066700,4255800,3698300,4795826,3903400,5175532,2646300,8138400,3044000,1270100,2240200,1996200,12011700
2019-10-03,114426000,24132900,450588000,28368000,16086300,17096000,3660900,3545100,12735200,53015800,2914500,12293600,505400,3529300,20212200,24552800,6997600,3375800,22076135,6228500,5790095,1848800,3956000,2955200,69364000,226267500,3499900,5762300,5989000,3512600,3590200,10788400,5315300,4238200,11557200,3556500,1639800,3110200,2623900,3276580,2936300,4609053,1367500,8017600,3015800,1604700,2154500,955600,9769300
2019-10-04,138478800,22897700,265524000,24282000,10430200,25884000,3259000,2566300,9453100,42641800,3021100,5631400,349800,2728200,15779500,14326700,7233300,3700500,18065349,7007500,7504518,1742000,3390100,3421500,49438000,119925000,2220300,4551400,5869000,4116400,4513300,10534800,4757300,5148300,10554400,2525300,2097300,2442300,2008400,2908838,2321800,3009884,1217300,6552800,3129600,1621900,1503700,1498100,9824900
2019-10-07,122306000,15303700,480984000,17040000,9178300,18658000,2704700,1823500,6771600,36742400,2202200,6323600,566900,2556000,15691900,10249300,5427200,3843200,11759373,5163500,5086154,1915300,2673200,3991000,43094000,120963000,3057000,4975400,4382900,3755600,1988700,10993000,4694000,8158600,15854500,3736000,2377200,2334500,1931800,2349478,2775800,2662052,1221600,6154000,2311700,1005800,1191700,2744100,13744600
2019-10-08,111820000,25550500,444436000,20086000,9466900,22757000,2613200,2135900,10806300,58201100,2654900,8309000,498400,3757300,19734000,13000100,7870400,4817000,14761270,6121500,6416694,3933200,5924200,4633800,50840000,130173000,2555900,6916800,6100400,4339800,2201100,9748700,5323900,6968700,16807100,5544600,1904300,3530000,4030200,3626604,3373900,3970911,1848600,6968000,2470800,1962200,1735800,1526600,13832800
2019-10-09,74770400,19749900,292412000,15948000,7556900,16329000,2273000,1359400,7273700,37511400,2443500,8955700,380800,2365600,13467800,14228200,7787700,4483100,13634333,5851000,4660875,1733800,4008500,2901200,40870000,103416000,1745900,5115900,4427200,5832000,2235500,8580900,4601700,5632100,12176900,3575300,1827300,2557300,2774100,1782904,2553200,3864448,2089100,6004000,2608800,1038800,1225600,1266600,10609200
2019-10-10,113013600,17654600,309124000,12842000,8605000,17340000,2687400,1562300,10994100,48239300,2108000,8207100,587400,2384300,18267800,13028000,5119700,5252200,12198680,7329400,8580290,1129400,5085000,2797200,51504000,94249500,1853100,5794100,3986000,3647000,1637500,7100100,3555500,5426500,12784900,3057700,3782100,3242900,2723700,1711499,2209500,3710633,1996800,7465600,2382200,1888900,1432200,1486200,11832100
2019-10-11,166795600,25446000,446404000,22330000,14930500,23697000,4663900,2087600,15076500,70008600,3334300,14914600,733500,2860400,23024600,11315900,7161400,5891600,18446054,7164900,6229626,1283600,4423000,3652800,65100000,127131000,3945700,6220100,5611000,4563100,1855500,10101900,5134200,6810600,12652600,5662700,2388900,6747800,3935400,2381839,3083300,4849469,5006800,8301600,2320000,1352200,1461400,1609600,11349000
2019-10-14,96427600,13304300,200040000,13296000,7006000,13312000,1556900,1372600,8779000,36040100,2286100,6644500,709800,1864400,16870500,9452500,5700000,4075300,8700981,5040900,5513214,749100,4228500,1906900,38204000,153075000,3088000,4636000,4881000,2356300,1297600,6234600,2571300,4402900,9294400,5351700,1409000,2851500,2124500,1120310,1960300,2637740,1769000,4711600,2483600,766100,1407400,1213700,6876100
2019-10-15,87360000,19695700,664124000,27584000,15039100,21230000,3942600,1964000,23379000,78656000,8241900,10112800,834700,2379700,38478400,12800400,10008800,13397700,15178232,6028300,5205102,1183200,6429100,2720500,62234000,96492000,3766800,4292500,4695100,2706100,1580700,6645700,3742700,6226000,8943600,6107900,1606400,3289000,2836600,2986185,2616300,3964078,1898500,5672400,1904600,993200,2744200,1519300,11679200
2019-10-16,73903200,20751600,428944000,22986000,10516900,20046000,8988600,4315200,11087700,87131700,3405800,10088900,482800,2136700,23728400,13056700,12434200,5368600,14435795,8288300,5686134,2103500,10707400,2986200,55268000,100261500,2891400,4883300,3698700,2315700,1811100,9765800,3608900,5190700,22004600,4342100,1865400,3038300,3657100,3660238,2260600,3339125,1824100,7662000,2617100,1508400,1930500,1570400,9298100
2019-10-17,67585200,21460600,263436000,20958000,9603000,13125000,5024400,3319100,10818500,55575900,2876500,17965100,544600,3005500,20560100,6928300,8434000,6301200,15312090,6811300,7178486,1028100,4172800,2332700,52948000,71539500,3340500,3427400,4359400,4100800,1734600,9757200,3722400,4364300,15730800,4324000,1767600,3418300,2397100,3504165,2197500,4103751,1203400,5366400,2051700,1197100,1966000,958900,7323700
2019-10-18,97433600,32273500,307440000,31624000,16874200,16981000,6080000,4391000,10417400,48872900,2207000,10493900,527900,6188500,21199500,7582800,25868700,4922100,14219198,9480200,7883056,1186400,5219800,3155100,67250000,86247000,3518800,6209200,4631200,3887700,1853900,13472700,5679900,5160400,17218300,6595300,3015900,4329200,13544300,4691636,2720600,5413246,1616200,8784400,3041900,1544400,1728800,1022800,12339700
2019-10-21,87247200,20078200,261868000,18094000,8122600,13031000,3358000,2868800,12714600,61087400,1934900,14244800,568600,4259500,19409100,7654700,13823600,3029200,13237081,7839100,5352136,1053200,5487900,4169000,42608000,75304500,3684200,5185800,4861200,2886500,1322900,10199300,3926300,6734100,16441100,5603500,1638800,4225200,15493100,2688998,3251100,5951758,1375200,6488400,1550200,1272400,1773800,927900,10882300
2019-10-22,82293600,27431000,328720000,22862000,19537600,13046000,4460500,3349100,12549100,58662100,1868000,12366600,403100,3912100,18526900,7142600,7613700,5660800,14549416,6062000,18629038,1047100,4764000,6141000,42234000,69012000,10265400,5470100,5767500,3509100,1955600,9536000,4095000,6187300,17598700,4476400,1571400,4681600,7949700,3490796,8275700,10544286,1486600,12636800,1743700,1341000,2548500,1429700,9603600
2019-10-23,75828800,29844600,279916000,21282000,12300400,20957000,4761400,3020400,8828300,47771200,1574500,8328000,374000,3921100,14173700,5969800,6693400,3706600,14000598,6136700,8511961,2094500,4308300,4543500,42764000,78916500,7943700,11933600,7136200,5157800,1798700,8641800,4148500,5252400,12862300,5533200,2329600,11295900,10960800,2524225,3644200,5324262,1227100,8912400,2199800,1151500,2179600,1227900,10375600
2019-10-24,69275200,37029300,232020000,20224000,11413500,16896000,5280100,3511000,8020500,39491000,1266500,7469800,404600,2551300,16695400,6359100,12111600,2546900,19998385,5699300,5232769,1230900,4470900,3482500,88922000,445813500,4955600,12085800,4591100,3840100,2056700,9003600,3873900,4552100,11551700,4249800,3471800,3916200,5382700,2314041,2969600,7235353,2478700,6411200,1763400,1097900,1780800,996600,11143800
2019-10-25,73477200,25959700,423092000,27104000,8061200,20869000,4991400,1822300,9055700,43702000,2602100,9576400,475400,2325000,17433300,3928100,6947300,2815100,17497665,5497000,7868384,1061300,4872800,2671900,192528000,450091500,4773700,8147200,5235300,5659700,1686200,7607200,3369100,3046000,12385700,2398800,6245900,8319500,4058000,2069162,2704400,5074154,2102400,6072400,1818100,2409800,2179600,1025000,15036400
2019-10-28,96572800,35280100,330792000,65428000,13657900,12999000,7576700,2281900,9522200,58790300,2707800,10276000,584100,2552700,23914800,5534500,7876300,2957100,25800339,7146400,15557665,1399600,4768800,2651100,74178000,283054500,7711400,10304700,6653400,4448200,1672600,11209600,5076300,7574600,12727500,3211400,4706800,6174000,3234500,2511599,1730400,3773081,1433100,7164400,2761600,3431400,15446600,1216700,14621400
2019-10-29,142839600,20589500,211236000,52654000,13574900,13272000,5477300,1723500,9797300,48266600,2030800,7773600,473700,2756300,21063000,5708300,4506300,3528900,32212032,6391500,17371019,1225900,4614900,3587000,45538000,190264500,4454600,9044700,5699100,3004700,1295300,13894400,4548400,8699200,10309100,3939500,3838400,4427900,6113600,2879554,2867300,5647306,1586500,6861200,2675100,2044000,5335700,1080100,10619900
2019-10-30,124522000,18496600,205960000,29204000,28734600,17281000,4724500,2320800,8513700,45262400,1584900,7101400,323600,2264400,16155900,5284700,9627600,3299600,22019430,7222500,10026845,1395400,3534800,3065100,48988000,144627000,6332600,8127500,8731300,3567800,1264300,12840600,4690900,7907800,13940300,3361400,2286700,3948100,3997600,2075740,2417300,4040191,1624700,4959200,1831300,1520700,3690900,1110400,12136500
2019-10-31,139162000,24605100,209732000,31904000,42286500,27881000,4578300,2845400,11589100,49430900,1876200,9414100,429500,2507400,18814700,7119700,7686700,3960400,24539860,10009400,12419429,1505900,4614000,3999200,55624000,76005000,4961000,6752000,14008800,6467400,2277400,16169100,7177700,6346400,10079200,5272200,3940600,4037600,3868400,2273935,2954200,4852647,2181800,8228400,2454100,2021200,6367000,1303500,12226600
2019-11-01,151125200,33128400,283640000,28812000,21711800,21234000,4771100,2827200,11682600,41985300,2112300,9765900,441500,2036600,16359300,6238700,5541800,2919600,19263220,13356300,9281298,990500,5119100,3844200,55808000,95758500,4192400,5263600,10658500,3104000,1364500,14108700,7684700,6483600,11094400,3033100,2248800,6220200,3538200,3008147,4171900,6444348,3090800,8018000,2647200,2112200,4507400,812200,9629100
2019-11-04,103272000,16912000,376716000,30632000,16371300,34075000,5748100,2790200,9159900,54228600,2538100,15965900,544100,1956400,17559900,8368800,6140300,3186400,17709730,9127900,8947195,1052000,5508000,3524800,55438000,131805000,17662100,8161200,8271200,3195600,1651600,15858200,10348800,5667900,14206000,6808500,2031600,5437800,3703000,4650681,4230700,6823166,1990200,13459600,3105900,1640000,2574000,1086100,10133300
2019-11-05,79897600,18250200,300868000,25148000,9942000,38711000,4015000,6170600,13747600,68785600,2525100,13894100,716800,2630000,25965300,8986000,6257300,5393400,21688474,7475600,9937974,1876800,8238800,4135700,37710000,104151000,10496000,5589700,7054400,3292400,2204500,14930400,6971200,7545200,15720300,4412800,2268900,4516700,5468900,5470728,3117800,6453406,1314300,9502400,2626800,3449700,4955700,1132900,10645400
2019-11-06,75864400,16575800,269012000,24626000,10973000,18076000,4207400,2762400,11231100,47524500,1863000,7872400,792800,2420700,22051100,4888400,5450000,3668600,18757722,9303600,9735606,1017000,4489000,3654000,40596000,119113500,6473500,7033800,6365300,3234400,1675000,13996500,6104700,5464900,10647900,5247800,2130300,3736600,3815700,2909686,2820200,5015679,1929200,6976400,2186900,2206100,3107600,1084500,9287600
2019-11-07,94940400,17786700,280340000,45140000,13473000,23981000,3802300,3201600,13528900,68310700,3748600,14501500,756500,2845000,23452500,5835000,5873700,3646300,22727297,6561500,9251325,1210200,6020400,2630200,53022000,217009500,4820200,7110000,7221400,3494300,2399400,13073800,5440700,9492200,8832400,7641200,2386400,3816700,2834500,2704277,3156200,4407092,1652800,12473200,4125000,2117400,2307500,1098200,14604400
2019-11-08,69986400,16732700,189100000,30392000,10760800,17830000,3265300,1628500,9293400,38724000,1610800,7966500,356200,1984600,14722100,4274200,5003000,2200300,26626886,11364100,6653123,788800,3462800,2312800,42466000,91038000,3499400,4555400,7054800,2805400,1501600,12106000,4249800,4769000,8382200,3136400,1577600,2776600,3218200,1736645,2310700,2701618,1713600,6431600,6146200,1819400,2145300,966000,17644600
2019-11-11,81821200,14362600,243436000,17234000,8631200,9154000,3541200,1777400,8679000,27784000,2754500,7107500,414100,1704100,10659400,3455200,4371400,1765600,12542916,8726300,3725221,773100,3139100,3090400,38920000,149800500,2746700,3247300,5828200,3082700,1160900,8674000,3870800,3716200,8804100,2905800,1634300,2205100,11483400,1691871,1318700,2341233,1410200,6142800,4871000,1347200,1548300,881600,7754000
2019-11-12,87388800,18641600,283504000,28852000,17615500,16875000,3710600,2084900,9099000,37282200,1891600,6400700,365300,2012400,15187600,3887100,5228700,1892500,13338370,12165900,8616656,791000,3701400,2413500,40752000,110391000,2930600,3979600,8551400,5429600,1540800,13918600,4503600,4939900,11652100,3262000,2178400,2843100,5769700,1927731,1555800,2562421,1436200,5798400,3843000,1475400,2431800,1681200,7709400
2019-11-13,102734400,16919200,300188000,20538000,10860700,12625000,5389700,1739900,8023300,48887800,1756000,7022000,330100,1807900,16846800,4443900,5885400,3289800,25855252,5798800,6516883,1286600,3976900,2230800,59790000,126301500,3405000,5923600,7407900,3653900,1517900,11773700,5076400,4644200,9728100,3847700,1542200,3194400,3453700,1968367,1613600,2926302,1835500,7189200,5441900,1664900,2924800,1388200,10255600
2019-11-14,89182800,19729800,518080000,28948000,9040500,17268000,3820700,1459700,8483400,35554600,1483100,5836600,413300,1990600,16491400,5358000,4217500,2101900,25190600,5425600,7911247,860800,4474200,3400600,45296000,96973500,3173900,6035300,5285100,5968400,1336400,11279800,4882800,3971200,14068000,3425200,1507500,2581700,5339600,2343006,1580400,2757551,1307500,6329600,3905700,1362800,2837100,1003000,9530200
2019-11-15,100206400,23485700,1053628000,39286000,11524300,18120000,3693000,2011300,10163600,36398300,1693100,6439000,342100,2341500,15225300,7064400,10495100,10136000,36378810,8036700,9675870,1626900,5453500,6223500,78552000,72135000,2991300,6785500,7533000,5340300,1706100,11252800,5589600,4261900,9017400,3505300,1636700,2827400,5493100,3440505,1891000,3160839,1611100,7382400,3567000,1546600,2520200,1772000,11758800
2019-11-18,86703200,21534000,574588000,27984000,16167200,15850000,5556700,1632700,8749300,31133700,1603400,6446900,303700,2617900,14374600,6983100,9291800,6985200,18084532,5772300,10701757,1233600,5812300,7547200,56790000,66006000,3420300,6165600,6432200,6898000,1241300,10095600,4885300,5793300,11671500,2965800,1365000,2638600,3823800,2552554,1772700,2948866,1418100,7002400,4274200,1353700,1921200,1115900,10165100
2019-11-19,76167200,23935700,414564000,21864000,19056800,31743000,4952900,2142700,8824500,33183700,1817100,6980100,350600,1891000,14434100,6093500,5192200,4002000,26475110,7504800,9691380,1767500,4152100,7542100,45416000,115872000,2910500,5368400,6008400,7377500,1761400,12605500,8723000,6588000,10174100,3763500,2781500,2085100,6670200,2836265,3642600,4495758,1192800,6522400,16085000,1526400,3604100,1463700,10492700
2019-11-20,106234400,25696800,472588000,28892000,12355400,19927000,8450300,1841300,11782800,43612200,2177700,9138700,438800,2544100,14994700,6188200,7594400,4141600,19947582,10933000,8160147,2329700,5416200,6029500,55800000,100876500,3131300,6235400,6248700,32365500,1979500,16930700,5903100,10097500,15805500,4027600,4337000,3484700,3774800,4446333,2904600,4204335,2013300,8506000,6414900,1297800,2861500,1234900,12362100
2019-11-21,121395200,18576100,288388000,25546000,12131000,19317000,5724200,1609800,7705500,42787600,1677700,8353600,526700,2783800,16186100,42834400,6424900,3309900,20942664,9614100,7195568,1058600,5211400,7026200,53258000,91650000,3509500,5493100,8300500,10804300,1302500,14080900,5810900,10527300,11451700,4147700,2401300,3297700,2703800,3326341,1994700,3731131,1627600,4990000,7570900,1361400,3375900,1369500,8056000
2019-11-22,65325200,15901800,224100000,27776000,9959800,13216000,3761900,1508900,8167900,38783900,1529100,6609800,483100,1629700,13823400,16855500,9235800,2802700,25544006,7784700,7800159,841900,3964600,5567600,49582000,253059000,2417700,4264400,6080400,7537100,1277300,12143600,4786800,6575300,7515000,2903300,2261000,2258300,3915700,1965184,2597800,3783568,1292800,5016000,5763100,1779800,2014200,936700,10741300
2019-11-25,84020400,22420900,506476000,23590000,15272300,19636000,5509300,2205400,10068500,50238800,2181800,8461000,434700,2285400,15561000,37435100,6111900,4082900,31592385,9522100,9021289,1257600,5704000,5652600,69724000,185092500,3999600,5419700,5450400,8365300,1613000,10670000,7390000,7721200,8711700,3129200,2758900,3085200,3324400,2819608,2460400,3818367,1556800,7456400,6254300,1441100,2394500,1418800,10644500
2019-11-26,105207600,24620100,385244000,21910000,11735500,30793000,5881400,2619000,10490700,50626600,1926300,10360600,525100,4596200,18078900,23072200,10636500,2998600,34620633,6431400,19233420,1709600,8764100,9385400,63624000,119211000,3877200,5907400,7651500,7581400,3359100,15457000,10053100,8151100,9578300,3320000,4118100,2468100,2859000,4858213,2872800,5722625,2786900,15634000,6569900,1877600,5782700,1547400,11936900
2019-11-27,65235600,15184400,215784000,18808000,12736600,20182000,4012800,1469700,6607900,32097700,1614600,8614000,299700,2629700,16352900,11805900,5523000,2323900,19201034,4711800,6037318,864000,2865400,3367200,60512000,83334000,4133000,4017400,7502400,3430400,1906500,8393900,4106100,5998400,6538200,2346500,2290500,2660200,4145000,1108533,1862700,2401456,7626000,8584000,3229500,1117000,1811400,1074000,8795300
2019-11-29,46617600,11977300,141556000,12802000,7985200,9229000,2432500,1175100,5712000,19503400,770400,4138400,239600,1961500,10508600,4867700,3278900,1520900,9793873,3042800,4880222,667100,2410900,2786600,38468000,36984000,2815500,2541800,3857000,2660000,981600,7980800,3271000,2707100,5445400,1497600,1105700,1652500,1390900,1732719,1372000,1575494,1394400,3557600,1325600,654300,1652200,847600,6791400
2019-12-02,94487200,27418400,372036000,26538000,11503400,23158000,5117400,2891400,8615600,47158800,2118500,8117100,379800,5538200,20252700,11375200,4717100,2517100,15645998,6526400,5597997,955500,3801100,3429800,78512000,91117500,3197500,3892000,6425800,4194400,2705500,11116900,5195200,7171500,8583000,3938000,2418300,2896200,4794500,3239764,2438300,6121940,2694400,7118000,4202000,1189400,2554700,1718600,9142000
2019-12-03,114430400,24066000,465232000,25270000,11595300,18736000,6216400,1608500,10361300,58745100,3207100,12217700,465700,3792300,25560700,11151000,5741400,3239200,20869832,10054500,7466162,922700,2912400,3573500,67618000,98605500,3745300,5570700,6049800,4237200,1921400,12245800,6135800,6110000,10351800,4555500,4128900,3839600,4683500,4005806,2037000,5938729,1966500,9249200,3954400,1520000,2562800,1230600,10289400
2019-12-04,67181600,17574700,273424000,35506000,8456300,14439000,17803300,1522800,10318200,46637900,1583600,8608400,730800,2444100,18867400,6799000,7257300,2694200,14501248,6174600,7293766,985700,3953400,3003400,53402000,82995000,2217200,4456400,5940300,3935200,1742000,11049700,5706700,8036700,9780100,5310600,2128900,2484600,3014200,3112337,2202200,4829130,1756400,6699200,3503600,1276400,2493600,1384500,8237500
2019-12-05,74424400,17869100,184884000,24408000,9740400,15494000,7126600,1698100,9587400,38304500,1329300,6680700,460600,3128300,13499700,9766900,5472900,3357300,13098058,6072100,8267462,844300,3279900,3205700,56476000,55869000,2819600,6946000,5170800,2614100,1941100,13109000,5517500,5047000,6836700,3480500,1688600,2277700,4719600,2484968,4889400,3720644,1234000,6413200,3055400,868200,2293800,868700,9812500
2019-12-06,106075600,16403500,232236000,32968000,12270600,16937000,4751200,1733000,10170600,50908500,4229400,9487300,507000,3287600,18325700,14627100,6640400,2828900,12868708,6044600,7245872,1199400,4104600,3623000,62348000,114186000,3095100,6368500,8499800,4305300,1462000,13710800,6735300,8311100,8525400,4368000,2142600,2271400,2856100,2247198,2762700,4143953,1523400,6196000,2964700,1206000,2221100,912300,9296900
2019-12-09,128042400,16687400,211880000,30842000,11954800,24694000,3709000,2892500,8498200,32974500,2134600,6382300,372800,2885200,15070800,7147400,4241000,2697100,15641571,5582700,8054823,889900,4227000,3403400,48856000,135346500,2227500,6517800,7164700,3508700,1960000,12397700,4736100,5256500,8713500,3752000,1585300,1585100,2844600,1651447,1974100,2403045,1730800,4560000,3798500,938500,2174700,1038300,9370200
2019-12-10,90420400,16476100,256388000,17606000,9475700,14563000,4074700,2155300,7532900,41960100,1854100,10009600,354100,2518200,15959100,8317700,5310300,2515300,19171311,7816000,8663711,1301500,3904900,3850700,50286000,132424500,2470100,4234300,7944800,3573800,1565900,14281800,4886800,4630200,9497000,3646900,2215800,1888900,2920900,2151496,2438800,4246761,1643100,4345600,3208900,1414800,2635200,1135900,8290900
2019-12-11,78756800,18856600,233796000,20480000,8036800,20829000,4867500,2928600,9011900,43107800,1778600,6296300,469600,2015300,16834200,11033600,6631500,2751300,15569372,7326400,6821746,1355600,2937500,2897200,41952000,103467000,2490300,4319700,4921900,2816200,1749800,13748400,7039600,3959200,15742800,3158900,1652500,2265700,7369100,2306720,3354200,3603693,1245800,6212800,4994400,1441000,2297500,1159200,9657500
2019-12-12,137310400,24612100,404348000,29114000,23734800,38935000,5353900,3104600,13717400,64942500,2974300,11553400,535800,2933800,19119500,16916600,5012400,2996200,13414469,6260500,6863876,1187200,4155200,3741400,61918000,116458500,3024700,4762800,10282100,3677400,2742700,17068500,6462000,5162700,13609000,3754800,1618800,3714100,5970000,2416534,4320600,4327483,2168500,6970400,5842000,1836000,2238800,1333000,8571600
2019-12-13,133587600,23845400,454704000,33170000,18798000,70952000,5742300,6606700,10592100,48539600,1908200,10191200,455600,3919000,19179300,15217100,4257200,3599300,16678496,5975200,7571800,735200,3872000,4180300,54914000,98563500,2077900,5247600,6714100,2970000,5195600,12274500,4863400,6965000,11981100,2728900,1621900,3311700,4526300,2175262,2968100,3762911,1775600,8345200,5092800,1988600,5503800,1527900,10585900
2019-12-16,128186000,24144200,320976000,28128000,14911500,37921000,5370000,3436700,11372000,50777100,3218400,11007500,426900,3416100,19793500,11036800,5353100,4663600,24187824,6723300,10355183,915700,3843700,4304000,62904000,272613000,3650100,8211300,6705600,4488100,2410000,15208700,5619300,5590000,12149000,6744500,2097700,2414800,16488200,3403264,2978200,5162502,1408700,14284800,4597500,1827300,3308400,1797200,11493000
2019-12-17,114158400,25425600,321196000,32948000,10175700,20248000,4789600,2331900,11546800,50840500,3590000,10446000,425100,4325200,16723400,9239100,10722400,4409100,29038016,8750000,11690545,1375900,5368500,3864300,72888000,127452000,3338200,7050700,7296900,5617300,2474100,14450700,6755500,6211100,9658500,5506500,2672000,2850800,13526400,3225228,2804800,5759172,1247000,10374000,2969500,2439900,2631800,1433000,13648700
2019-12-18,116028400,24129200,343548000,23330000,23274400,35155000,4144800,2332600,10381500,48757900,2280800,9513000,542900,3154200,18857000,19820300,7849200,3621600,27339390,6490100,11578199,2424400,5831100,4895100,67028000,211815000,4287700,7332000,5859200,3940200,3309800,13652300,7496700,5598400,9204400,7742700,3074800,2629500,7029300,3835197,4957500,6036929,2209000,8585600,4003000,2143300,3114200,1427300,17292600
2019-12-19,98369200,24958900,445360000,28922000,16514600,31787000,4185400,2561400,9350400,45409500,2418100,9222000,428300,2543600,18133300,9618000,9414700,2905900,22022276,5447000,7602716,1546600,4643700,5116600,53056000,271606500,3345700,12214500,6022100,3292700,2333600,13273200,6220300,5197100,7048600,6791700,1850500,3576800,5492600,2844117,3201000,4755241,1249000,6882800,4867400,2958000,3127800,1205200,11901600
2019-12-20,275978000,53477500,603044000,50090000,27306900,50540000,8586700,4233000,29992600,109395500,3715500,18742900,967600,5828700,66318000,15327300,14532800,6608300,58199772,19134800,17849641,2275300,11606500,10323900,103016000,221290500,6415500,17641600,14271500,6224900,4866500,35092000,12171100,11008000,13465800,9119000,4666900,6805400,9489400,4617366,6945000,7252673,2593600,16198000,6715300,3333100,5370200,3034100,42977900
2019-12-23,98572000,17718200,355060000,19936000,13348900,20254000,4368600,2210600,9738400,33995400,1670400,6547600,361200,3031400,17637700,6931800,6558700,2098900,17454345,5907200,7895946,1319000,4067800,3726500,42728000,199794000,2388900,6350500,4349700,4051800,1309800,14172500,5875000,7019800,9911300,3159100,1937500,2346500,9534800,2734940,2047500,4361328,1005700,9474800,5060700,1096400,1637100,967400,9477500
2019-12-24,48478800,8989200,138864000,13468000,6046300,7024000,1238000,1066400,3324300,13805400,467700,2087800,126400,953500,4635500,1819000,4238900,714000,5187683,1798800,2343223,489200,1067700,1281400,17626000,120820500,1152500,3328100,1847800,1643400,543600,3979400,1640100,3188400,3860400,1236200,1190800,966200,4120100,663656,872000,1596786,332300,2739600,804500,491900,980400,399900,6640100
2019-12-26,93121200,14520600,182852000,23662000,9350700,15848000,2155500,1055100,6770900,26992100,1704000,5517400,157000,1486600,12517100,3408600,3019300,1050600,9384078,4066700,3062675,680700,2033100,2942500,120108000,159508500,1809600,3709900,4177700,2197900,1101800,8840200,3648600,4835200,7629700,2588800,1147700,1576900,4593400,1347152,1274600,2231274,518100,5813200,2314000,1035300,826800,481000,8117800
2019-12-27,146266000,18412800,254644000,23212000,10284200,14487000,3409900,1229800,7868200,28111300,1343900,4116900,221700,1788600,9892000,3733600,3432700,1547100,10117662,4087800,3758966,628800,2508100,2458900,123732000,149185500,2263900,5307500,4129300,2233600,1439100,10516100,4138300,5414300,6769100,1868300,1427500,1544500,4124000,1383438,1419500,2928050,719500,4319200,2596200,749400,1250400,825500,8166800
2019-12-30,144114400,16348400,258056000,19994000,10524300,13104000,3197100,1896700,6963000,30705100,1494500,4532800,276200,2306500,10900500,5121400,2923300,1511700,11554264,7014800,3932934,606600,2706100,2112800,73494000,188796000,2242400,3495200,4655600,2546500,1238900,12689400,4580200,3665200,8155800,2251800,1712000,1789200,4525500,1771976,2430700,2674605,953000,4450000,2237700,1259800,1374000,807500,6765400
2019-12-31,100805600,18369400,231004000,19514000,8953500,12487000,3273500,1592300,7201600,29630100,1447200,5131600,296900,2340400,12566000,8841400,4435000,2224200,15175703,4702100,4710760,875800,3261100,2806400,50130000,154285500,2278700,3213600,4115600,4059800,1550700,13151800,4215700,3639800,10649000,2238900,1695900,1952500,4958800,1834363,2875100,3227100,748200,6910000,2540700,1199100,2254400,1040000,8466700
2020-01-02,135480400,22622100,237536000,27278000,12077100,20329000,5189300,1990100,10803700,37614200,3736300,7808000,560400,2708000,16803100,5644800,5777000,2543400,16514072,5639200,8251428,1173300,4969000,3917000,80580000,142981500,3554200,5644100,6473800,5149800,2103600,12456400,5205000,4122800,9147400,2496400,1607900,3311900,4544400,3031701,4158100,4451584,1591100,7884800,3921800,1426000,2246200,2604100,11447900
2020-01-03,146322800,21116200,205384000,23408000,11188400,22870000,3205400,1577600,10386800,50357900,2274500,6706000,337300,2090600,15608800,6698900,5752400,2711400,14922848,5988500,5903698,819600,4747000,2764600,75288000,266677500,2767600,4541800,4874100,5018500,1926000,17386900,6360900,6333200,9752000,3716200,2236900,3100600,3875900,2976317,2477800,4969756,1301100,7097200,2825400,1598900,2188000,2899300,13263200
2020-01-06,118387200,20813700,262636000,46768000,17058900,20789000,8836200,1874700,10259000,42185000,3329300,7476700,411300,2855200,13200300,6804300,7731300,3079100,15771951,6786600,7522963,1010000,5631700,3332000,81236000,151995000,4660400,4612400,5409800,4226900,2655100,20081900,9953000,8823800,15534100,8485500,3917100,2549600,5355000,3477852,3381600,4139504,1234200,5518800,2410300,1526800,1794500,2395300,15094500
2020-01-07,108872000,21634100,314856000,34330000,14912400,18565000,8272700,2500800,10531300,34149000,5255200,4538100,453900,2042300,13278600,9985100,7382900,2492900,20108107,7242500,11132275,917700,3408100,4443800,80898000,268231500,4047400,6719900,6514700,3641600,1963400,17387700,7856900,5974800,10971700,4320000,2687900,2841900,9898600,3185971,1952300,4348775,1234200,6653200,3980900,1463800,2054500,2589200,14293100
2020-01-08,132079200,27746500,277108000,35314000,13475000,31979000,7225100,2248500,9695300,45311600,3564700,6185200,726500,3458200,16585600,10887000,6605800,3379200,16403507,7696800,15200506,939100,5693900,5482800,70160000,467164500,5284200,4942200,7296300,5731600,2492800,15137700,7295900,6470100,11327600,5337300,3452600,2153200,8239200,2700776,2016000,3772445,1713900,5936000,2583300,1433900,2013700,1327300,15926500
2020-01-09,170108400,21385000,255112000,33200000,12642800,42397000,5952900,1626300,9469000,39861600,3980700,7308000,477100,2787100,20817400,9749600,6112700,2838200,21971895,7518000,9714750,901900,6432500,5120900,63346000,426606000,5971600,5007500,9443500,5369700,3261200,14811800,7345300,6005100,12186000,6908200,3127700,2272500,8175600,1898660,2151500,4672455,1459100,6958000,2377200,1376700,1688300,1086100,20134600
2020-01-10,140644800,20725900,316296000,26258000,12119400,40705000,5111800,1480400,10190900,39730400,2248100,7686800,484000,2789200,13777600,7452900,5042600,2477900,21557357,8581400,5945304,801400,4680400,3180900,57074000,194392500,2336400,5135300,7097900,4678000,2024200,11995600,6393800,7233100,8089700,2950600,1910700,2393700,7161700,1773674,2545000,4605240,2560900,5125600,3225000,1578900,2204300,1217600,11786700
2020-01-13,121532000,21626500,319840000,30730000,14463400,22054000,6202600,2069200,12355200,37956100,3359200,8334200,651800,3285700,25197600,8906000,4593200,6994900,15392405,9292200,10261492,1379100,5571500,3367100,55616000,397764000,2784200,6722400,7382500,3632800,1778600,9953900,6846700,3675300,11665600,3399700,2243100,3355200,5648500,2399876,1826200,4910010,1300900,5879600,2979000,1840600,2833800,1225700,14158400
2020-01-14,161954400,23477400,359088000,26076000,13288900,28911000,4342300,2274400,24906000,66719300,4302800,9602000,923600,3836000,56668300,8874500,7037500,6056300,20919160,8876900,8625669,1069800,8751400,5694200,68818000,434943000,2622700,5088500,5855200,3291900,1459900,16261000,7189100,6119400,13958700,4281700,2753400,2742200,6945300,2324863,2598600,4987712,1039800,8252800,3009800,1217100,3124500,2107300,12697100
2020-01-15,121923600,21417900,263104000,21550000,10036500,22733000,3886600,2213300,16293400,74745500,5411200,11342500,1005100,3187200,47148000,7654900,4960300,6081300,23925800,8490100,9614038,1350600,5389700,3683200,57932000,260532000,3369400,4209200,6145300,26743400,1604000,11390300,5808800,3933300,13737700,2562500,2386300,2640500,4578300,2759449,3168400,4937023,1139200,6397200,2357300,1152100,3309500,1078200,10291300
2020-01-16,108829200,23865400,284192000,26080000,10015300,21508000,3485300,2439600,10783800,50368500,3968400,34590700,778100,2424500,37020200,13752200,6476000,3710300,16216422,7073200,7252474,842000,5023300,4019400,53190000,326050500,2726700,6571700,5180300,9361600,1758600,13340300,7022000,4315200,11771100,5128600,2568200,3070900,4024100,2350539,2426800,5671300,1410400,7914400,3244200,1782900,2627500,1302600,10689600
2020-01-17,137816400,34371700,253792000,52424000,15905900,26896000,4577000,2536100,14697700,54156100,3108400,15403900,669100,3659400,29669200,10257100,9083600,4632200,23083970,10122300,10131226,1100300,5879700,4906100,79946000,204436500,3540400,6271200,6962800,7303800,2506500,18144100,7885900,4765500,17644600,4542600,2782000,3331500,11061700,2767088,3403400,7365492,1653400,9354000,3053500,2352900,4292500,1903700,15615700
2020-01-21,110843200,29517200,217916000,48930000,14275800,21967000,6302400,2121200,8474200,50811000,2492400,20833900,775800,3102700,30858300,8849900,9543900,4962800,23115696,13552000,10022129,1340700,7458100,5596900,74156000,267052500,4100500,4854700,7094600,8188000,3585900,17982600,8470300,6974000,16710200,4522700,2102000,2476700,19318000,2322105,2960700,7797382,1655100,11486400,3429000,1827100,3335500,1384500,12857600
2020-01-22,101832400,24138800,239240000,28458000,12212800,29264000,4781800,1600300,7549100,38879700,2030900,10276800,778100,2483800,20367700,6699600,10305300,3117600,18097812,6438900,7800474,922500,9841200,4169400,64326000,470535000,2757400,5031400,6157400,5070600,2218900,17033100,5589900,6755800,12796800,4030400,2505400,3602400,18792600,1996484,2425300,5546881,1285700,7065600,3638500,1294000,3434700,966900,8847100
2020-01-23,104472000,19680800,244516000,26650000,11195000,30266000,4369000,2084400,9345700,45717100,2806800,10064500,804500,3841000,17297900,8126200,8671900,3169600,27148510,12266800,13198093,1213800,7418400,4125900,49692000,294765000,3378200,7102900,6100600,4641500,1535900,19605900,8007800,6199900,11844000,3369400,3520300,3182700,9702100,2582474,2493700,6369348,1245100,10212400,3824900,1485400,3200900,1400700,11109000
2020-01-24,146537600,24918100,373512000,29786000,11905800,55782000,4653600,1640200,15166400,47797200,2877400,9752000,751200,8612500,21239600,11268100,9051900,3678500,34143698,13215400,14954960,945800,4218700,3382500,75324000,215304000,3106300,3839300,7815500,4338900,1986100,18238600,6920000,5689500,10408600,3128800,2120500,2526200,17798200,2903957,2015400,5879141,1103300,10310400,2218600,1284800,3201800,1541600,10182800
2020-01-27,161940000,32078100,470536000,34132000,13810700,38843000,4239400,2652000,12860500,57096200,2506200,10649100,516500,6432400,18156200,9537800,7587100,4399400,31964026,13832000,10847534,1236100,4482200,4192100,70570000,204121500,3389300,9841400,11066500,6779200,2265100,21231000,7609800,7321100,17360600,2968300,2472800,2920500,7468100,2643482,2903800,6889427,1586800,8678800,2481100,1197200,2770800,1947800,11482300
2020-01-28,162234000,24899900,310976000,29724000,13413800,23166000,3445300,2270800,13062800,38834600,3123000,9232900,496600,3712700,16673300,7282900,7336600,4341000,70202408,8614400,9496347,1667000,4983700,3422700,56160000,176827500,3855200,5673200,11922400,3865100,1571700,19664700,5771900,4824700,10938000,2794300,2926900,2763800,5502200,2311282,2039600,9083677,1750700,8262800,3696500,1051800,2245200,1229400,15367500
2020-01-29,216229200,34754500,258848000,21566000,33181300,23668000,2785500,1521300,9326000,37414700,3711600,9027800,434700,2518400,16166300,5918700,6288600,3963800,34165726,5703200,8511227,1434400,3914300,3019500,41760000,267022500,5734800,4503700,17678700,5250600,1713700,14202800,4772800,4102500,9003800,2701000,2395600,2620000,12454700,2333139,2845400,6079832,1959200,6008400,2335700,1434400,2730100,982700,13408900
2020-01-30,126743200,51597500,290504000,27110000,48775500,21128000,3715700,1834900,9048900,50542800,3261700,8685900,511000,2428500,14760200,11536600,6470600,4211800,32316589,10870000,11016471,3670000,5248100,5056200,126548000,435085500,3560700,7065100,12224900,4466400,1232600,18544700,8382700,6931500,10489600,4535800,2610400,3862600,6022000,3263742,9473000,6958867,2496400,6328800,3273100,1271400,3455200,1381300,16719600
2020-01-31,199588400,36142700,370420000,43822000,31359900,22123000,4193300,3692900,12785200,54845300,3482800,11286900,646400,3522600,23080400,12297200,8651700,5532600,33894005,13870100,9621583,2623700,5914100,6067800,311346000,235789500,3920800,8780300,11693900,6961900,1837000,34282900,13699600,7673000,16887900,5004100,6451000,6785700,4999600,5835500,7234300,7325131,1693300,7536800,3175200,1700900,5227600,1909700,14283600
2020-02-03,173788400,30107000,255564000,71636000,15495600,21288000,4755200,2693800,10021100,48485500,2733000,8375100,503100,2721900,15471100,10490500,5765200,5646800,20875735,10143700,9729318,2693900,4675900,5618400,117834000,705975000,3539200,9727000,9090600,5186000,2816800,27389300,8785500,7015300,9202500,3803200,4306800,4385300,4841800,3758805,5627100,7450027,1813400,11041200,2666200,1560200,23204900,2911500,15566400
2020-02-04,136616400,36433300,271544000,95880000,19628900,22559000,3983200,3053000,9157100,45061600,3052500,9375100,851800,2547500,14973300,10595100,6541400,4290200,31150865,8251500,15091305,2019700,3904600,4000300,105786000,914082000,3367900,6559600,9997100,3626000,1982300,31922100,9909000,13403000,12373600,4725200,3427900,3501600,3779800,3175043,4858700,6090160,1412200,10482800,2802600,1105700,4978000,2369400,13924600
2020-02-05,118826800,39186300,208220000,36376000,12538200,24825000,6162700,2463400,10150700,54604800,3126600,8237500,943000,4084500,20141800,9583000,5979900,5761000,29443490,10020600,29290133,1786600,3565700,3811000,87524000,726357000,2911400,6108300,9982700,3636700,1731800,32099200,6914100,12891800,11399900,3724800,3100700,4448100,6071800,2990004,4439900,5727709,1476900,8666800,2319300,1338700,5736500,2970400,10271900
2020-02-06,105425600,27751400,218284000,37822000,10567500,22683000,4102700,2224500,8992300,39511500,2225600,6976900,824400,1708600,18259200,8767600,6201200,3044000,21047748,7769700,16110170,1636200,4270700,3763700,63660000,598212000,2903300,5641800,8901400,4024800,1917900,16055400,6274000,5901700,7980300,2128800,2606100,2283800,12845500,2575578,3861800,6011664,1805100,7874400,1611100,1257100,3935200,2234200,10283700
2020-02-07,117684000,33529100,189752000,28360000,12242500,15883000,3713100,2092700,6379800,31263000,3006500,7588000,712900,2885600,13174600,5680200,5700300,3425900,21903596,19090300,11419427,1577300,4472300,3946900,101906000,255952500,2421600,4121800,8073900,2970800,1903500,15112500,4830100,5081800,8582100,2257800,2481500,3812300,5337800,3453025,5754400,7886048,1711100,6410000,2747900,1237500,3643800,995300,9418100
2020-02-10,109348800,35844300,529608000,38302000,11856400,19218000,3873500,2426800,5960700,24373800,2591300,5115100,744100,1816500,18124800,6062000,4835600,3147400,19998385,13998300,10590983,1781600,4219400,4056800,101124000,370338000,2318800,4213900,7289300,3862000,2336300,20934500,6011800,6756300,7197400,2865400,2171400,2331600,5876400,2546082,4669400,6419878,807700,7666800,2647800,1576800,5153300,1435600,8270200
2020-02-11,94323200,53159900,638556000,34852000,25030800,15527000,4299200,2004700,6578600,32476300,2238800,7120800,598900,1733300,13686100,7082600,3715300,2992200,16027335,10682800,10252689,1808400,2661900,3959300,114920000,175462500,2694500,4871800,5098500,3065100,2047500,14908700,6072700,6143000,8825600,2191500,2682900,2381900,5311500,3128359,2806300,8577104,1315700,7850800,2993100,3231900,3740400,1385500,22488200
2020-02-12,113730400,47062900,374644000,31042000,13813700,15310000,4535400,2355600,7958000,36656700,2119200,7130000,426300,1715400,16668100,5136400,5166800,6701900,22944315,10591000,19630926,1948400,3389400,7629200,66686000,180337500,2844900,8075600,7747800,3764800,1384600,17862100,5725700,5906800,9094900,2860000,2361400,3222000,4421500,3130799,2493300,9167100,1008200,5836400,4377700,1625400,2523300,1238000,20938000
2020-02-13,94747600,35295800,528016000,22914000,15396600,13857000,3132100,1917100,7447500,31775100,1461300,5718400,479700,3178300,12530000,5873100,5480200,3565500,22099745,10613000,19388734,1560100,4448800,5639900,60636000,394339500,2853400,5386800,8576600,2654900,1438000,16949400,5991900,5995600,11718000,2197600,2727700,3318800,3783100,2106828,2768300,5420874,831100,7500400,5132500,1146600,3652700,2231800,19460100
2020-02-14,80113600,23149500,1041924000,23198000,10741700,19137000,3599400,1690300,6627600,26447700,1718700,4579300,472400,2360300,15526400,7106600,5716300,2485600,21006747,11175800,8743464,1467700,3919800,3815600,52124000,235405500,1720400,4305300,5686900,3289100,1113400,10855300,5148700,4204500,7904500,2087700,2254900,2813400,4199800,2640829,2694600,6175331,1152400,7354800,6300400,1600700,3296000,1280300,9138900
2020-02-18,152531200,27792200,620164000,25642000,15609200,26693000,4957000,2074400,8996400,40318000,2736500,6897800,403200,2428200,22423800,8165700,7230700,3241700,17988513,9406300,10017308,1462400,4492300,12050300,58912000,245725500,2712600,4916200,5288800,3122500,1547100,18948500,4975800,3937800,11792800,2520800,4542600,3869700,2904600,1929535,3371600,4553280,1177400,9789600,6256900,1998500,3742800,1524700,12427300
2020-02-19,93984000,29997500,694332000,22746000,12135100,20525000,3903200,2580400,7071200,29632100,2207100,6075300,383200,1785000,15602500,6377500,6115200,3021100,17750941,6349100,11740220,1189400,3464900,5198400,51224000,381345000,2229500,6200500,5210800,2866700,1413600,12804900,5887500,5267400,6592300,2765200,2441800,2134900,4935700,2614835,2663200,5339993,1244600,21134800,2809100,2618500,4724300,1590100,13642800
2020-02-20,100566000,36862400,810052000,25962000,13109200,25521000,5451200,3789300,7422800,42604100,3183700,58533500,475200,2541700,15965500,16198800,7464700,2885500,42953135,5446200,10941330,1505700,3657500,4914900,62626000,264523500,2869400,6427600,5969200,2659300,1427500,14817200,4466600,5755000,7836000,2447100,2905900,2678200,2807500,2479345,3171200,5380831,2048500,10731600,2711000,2150300,3992900,1534700,16748600
2020-02-21,129554000,48572600,768180000,42520000,14092300,24522000,5242100,2742800,9772800,46675500,3081600,29536400,494200,3106100,21729100,13500500,7776800,2987100,32425256,6676000,9295970,1540100,5570900,5493800,92926000,214722000,2791200,5750900,5800500,3856500,2239000,20315700,6443900,5216300,7246300,2963700,2406900,2855600,3709900,2058764,6034600,6796948,5917100,11030800,3520000,2570200,6382300,1660100,15704300
2020-02-24,222195200,68311100,856916000,49560000,23080100,36849000,8463300,3924000,13618400,79159600,4139400,28670400,1063700,6329300,23075900,13407600,10588900,8790600,37969296,10705100,13734145,2638300,5667200,5334300,130940000,227883000,4218800,8364200,8313600,5304900,2300400,32096600,9539800,10350200,16714900,3854400,3732700,4964800,6073200,3399762,7300400,10190257,2292900,9091600,5282900,2329800,3688200,2020400,18520900
2020-02-25,230673600,68073300,1055496000,51580000,21433500,31892000,11361100,4188100,20797200,91586800,5343100,25568400,1064600,7628100,31110100,16466000,10529000,8171200,41878898,11366400,13171683,2378300,7021800,7074400,124382000,259357500,5053700,9602100,9404000,5095900,2881800,36414500,12871900,10447900,18709700,6558100,4211800,4840200,8052500,4341824,7609100,12089748,2358500,10285600,4093000,2268600,5305900,2743100,19384900
2020-02-26,198054800,56206100,747732000,49776000,16524500,23074000,13923100,3489700,24825600,80012800,4171100,22286100,959600,5268000,27372600,15389400,10093800,6806600,47920005,9786900,11940283,1944800,7380100,5426300,104492000,211282500,4190800,9308400,10541500,4318300,2236000,29801000,11990400,11646700,19240700,5371300,4156400,3902500,6987300,3619814,7411700,13401785,2545200,9551600,3152200,2024600,4662200,2711200,16803600
2020-02-27,320605600,93174900,906416000,62290000,21682600,34837000,9927300,4737700,23005500,121148300,5848200,26815200,1286000,8279800,41180000,28185100,12566700,7604300,55444827,14184100,15734253,2231900,8657200,7263500,162880000,364158000,6406200,12825700,17120800,6713400,3625300,48141300,15783700,14676100,23765700,7699300,6900500,7369000,10982400,4192329,9143800,16203986,2957500,14604000,4784000,3168700,6227400,3685500,25907200
2020-02-28,426510000,97012700,1133252000,80198000,32568900,44586000,12640800,6463400,45931400,171198800,6727100,36978800,2039300,11362100,71703000,27459700,19820300,9961000,66057447,18450000,29246117,3961600,16671900,11686600,189620000,363343500,11324000,16552400,19108600,9174100,7091800,62446700,20835100,16558800,26830600,11070400,7137800,8300700,15364300,10141144,11498000,19610008,3048300,27468400,7908900,5188100,7285600,5555300,45828300
2020-03-02,341397200,71030800,890744000,55430000,24949000,31976000,7761000,5398100,27355400,147776300,5285500,23234100,1278200,9851600,44231200,21834000,11508200,8866300,42034469,12171100,18840525,2741000,11483600,8358000,135234000,302925000,6154200,14102000,14258700,9691100,7563800,38127600,15050800,10672800,23253000,8008500,5279400,6100200,11012300,7156339,8738800,14433840,2532100,19305600,6803600,2718500,5715300,3489600,30736200
2020-03-03,319475600,71677000,652792000,56602000,27984100,29930000,8323500,4204500,32547700,138698500,5677200,30206600,1589800,9285000,45091000,28382000,13662500,9188100,46174475,12660900,17394599,3895900,9510600,8371600,150690000,386760000,5115200,14767600,12395900,10927400,5131400,50580700,16525500,11785400,22020400,6432200,5710300,6358100,7499300,6481119,9263400,14444010,2443100,15636000,5060500,3502600,5843400,4063300,27500200
2020-03-04,219178400,49814400,597408000,47598000,23062500,23477000,5846300,4146300,25795900,111239800,3520400,21938100,1175000,7470900,33881500,26339300,10560500,14533000,38712155,16590400,20224199,3043500,8660000,8935200,95458000,225735000,4260400,6904400,10999600,6834800,4219300,24079600,14753000,8924200,16155900,5455100,4201800,5074700,6986100,4808983,6644800,9077480,2513800,14713200,4284200,2350400,4210300,2755600,17626400
2020-03-05,187572800,47817300,540328000,54380000,19333400,24374000,5797500,3199000,25025600,110878700,4151500,23950200,1022200,12060600,45037900,28000700,11339200,5908400,35096303,9688400,15017840,2192400,9288700,5881600,94964000,162790500,4107200,8851100,12545300,5294900,6407700,40788200,12814400,9603800,15754600,4905100,5724800,6015300,14669100,5723777,5277200,13601522,1878400,12412000,4327400,1969400,3135200,3204300,21249900
2020-03-06,226176800,72821100,515412000,64640000,24559600,30169000,9757700,5622900,38159400,119121200,5071900,30898400,1460300,9897700,56766500,29385700,12239100,5361900,40931036,12664600,14208574,1922800,10647600,6843100,105472000,189943500,6360100,12336400,18080100,5370800,6185500,55640500,16861900,14504800,23793200,9915000,6374400,5767900,12861800,5327918,5598400,13614711,2973400,14556400,5522600,2693600,5562100,4466800,22510800
2020-03-09,286744800,70419300,614160000,69252000,29949000,43934000,9657100,5291900,40352000,145196000,6443000,28177500,1478200,12266300,53277200,24766500,13848600,8070700,43183856,15806200,18942810,2520100,10285000,9053800,156264000,256105500,7788500,13272700,15930300,7346600,5203100,72896300,30595500,29828600,86148000,18938200,7993800,8636200,11585500,6205789,8648300,13778378,2886400,15564400,5616000,3209200,7291600,4822700,31862200
2020-03-10,285290000,65354400,580648000,54872000,24517800,55071000,11443900,5973700,31102700,134863600,6803900,27111000,1608300,9793200,40078700,20293200,12698100,7366000,40548329,12965800,17527486,2707500,9417400,9725800,142666000,233916000,5835200,12755900,18414000,7461000,4245500,60445900,22642900,20337700,40409000,13804500,7047200,8293200,13059600,5811734,8914200,14774045,2797700,23743600,6386600,2658300,6623400,5604100,34330900
2020-03-11,255598800,56371600,499964000,54732000,20373900,36030000,10341300,4869200,38127000,127347000,5314000,27376200,1263400,8822900,44769500,27992400,17763400,7744600,65350213,10382200,14274179,2566400,11534200,7893800,112496000,199837500,5625100,16172000,17138000,6102500,3622700,51986100,18412800,18460700,33291900,13208700,8448500,6543600,28503500,5121341,5557200,16346679,2397300,19631200,6268200,3360600,7836800,4315300,21147400
2020-03-12,418474000,93226400,816540000,94326000,43266300,64281000,13213000,7230200,49725200,139552600,8357700,27964600,1669700,12206600,68447600,32521600,21539200,10496600,62731445,19935700,22664782,4519200,13876300,11417400,226924000,283636500,9079300,21534800,25170600,10208800,7307600,65725300,25768200,16581700,47922900,12384000,11492100,10285900,31734400,7607901,9412800,30644501,3288700,31668400,7684400,4734500,7912600,6340400,45610600
2020-03-13,370732000,92727400,634836000,79400000,35028600,84714000,13765400,8935200,38543300,128357400,6368400,33305100,1579400,12680400,78365700,26153200,20084200,9308400,60553038,21867700,25857094,4534400,18316900,13456400,176194000,339604500,8042600,21859600,19247200,9267200,6100100,79891500,23497500,17506900,29182100,13961100,6997200,8718600,21168500,6710613,10918900,26649596,2525500,31586400,6156000,4220300,6021800,6386900,45744000
2020-03-16,322423600,87905900,726972000,96520000,39120400,76935000,13845300,7140100,38589700,121688800,6888000,26789900,1569300,15072400,57466700,23373900,18877900,10303500,50995050,20916000,20808354,3766500,14358900,10210000,178346000,307342500,9341300,17976700,23354300,6963700,5465500,48924700,17535300,13774100,24971100,10311100,7192800,9899000,26844400,6250351,9006300,19586014,2617700,20240400,7118500,4093100,6663800,7079300,36990400
2020-03-17,324056000,81059800,833632000,83194000,34255600,70662000,12191500,6189100,35239800,120065700,6876300,27047400,1609700,10512200,58112800,21796200,18911800,9642200,54220606,23205000,24745795,5253500,13315300,11584600,218342000,359919000,13708200,17122100,25045200,10586400,7170600,41204400,22684200,18692900,25536500,10122100,6274500,7206100,54492200,9044813,10476100,25522359,2909600,21538000,6712800,4527100,7883800,4956600,33898000
2020-03-18,300233600,81593200,874268000,93044000,37553100,98993000,12988200,7293300,41525600,148272500,9543200,27603000,1969400,14359300,51904100,24241700,17521100,12917500,43884976,23712800,18558508,4570700,17541100,10468300,192904000,356793000,12627600,19498800,28770600,8845700,6701800,54036400,24947300,17039700,28198200,7759600,6970800,6995100,61943200,8099568,11152100,36292760,2635000,22198000,6426500,4210000,7302000,4723900,38417400
2020-03-19,271857200,85922700,765512000,74064000,39862300,74438000,10444000,6023800,32175100,122461300,6548200,23929600,1593700,12330400,53123500,18311100,18482300,8065200,59820929,19739900,19268738,3511100,14476000,11112000,207998000,452932500,12773400,16177200,25167400,7414200,5429500,49412400,29871000,15655100,25449300,9407700,4936100,6870800,40210600,7229760,7690300,25171667,2455700,17441200,6361700,3847800,5489800,4296100,33024900
2020-03-20,401693200,84866200,804636000,82878000,32568400,74044000,12450100,7461800,30150800,150910400,7561300,27472500,1363100,12208600,73915800,15922500,19785100,9364100,52488989,18844500,23075912,3715600,15131400,11355200,196358000,424282500,12000000,15761900,28420600,8057200,6581200,76534600,26960400,23790200,32875200,12411400,7605100,7650300,41370700,7216073,7355300,22923550,4155200,22482400,8975700,3940900,6826500,4699900,46013800
2020-03-23,336752800,78975200,643876000,83672000,29830800,46921000,11898300,6016800,32536600,181898500,5472600,26401000,1422800,8907600,47064100,20573000,20815200,10654500,52853041,19219000,18375003,3477200,13037100,11494600,156170000,246817500,10660400,17690000,24905800,7104300,5646400,56952500,23764000,16239400,24393500,8642100,6075800,6737500,46140100,8700624,7117800,19084526,3130900,23661600,7060100,3890100,5631200,4434000,39225100
2020-03-24,287531200,82516700,1101644000,72468000,30440400,62970000,11834400,6592200,34363200,147882400,6647400,25905500,1319600,10593900,48630300,17925200,17604800,8894400,44466784,18376300,19901939,2691600,10903700,9955900,142942000,343428000,11678400,18849500,28286200,6498600,7124200,61835600,29198800,16724400,25812600,10485900,5476000,7417100,43683100,6152845,6067100,20411023,3488000,17900800,6516900,4221400,7893700,3423100,40626900
2020-03-25,303602000,75638200,793432000,90324000,35184300,64442000,10639300,4830400,38111700,146991300,8587800,27198500,1951000,11046500,53341100,22746200,13986100,10014000,44601275,20017300,18311494,3075700,9351000,16273700,129582000,318340500,9708700,27053200,22977200,12563200,5639600,56607700,22560100,14295900,24201200,9492500,6516900,6578100,77826000,7595805,5682000,19096125,3962200,17794400,6573700,3201500,6918200,3258400,38551300
2020-03-26,252087200,64568100,696108000,76562000,26556800,60213000,8573100,4531000,29826300,116111400,6762200,26422500,1598200,9459400,45494700,16976500,15066800,7517600,43269967,15979400,18052848,2856100,10530500,12537800,124426000,260710500,8259900,17200800,20997500,7014000,5463100,46722000,24129100,13576900,22180200,9263100,6014400,6059600,63267300,5935658,6373900,23079589,2227500,14655200,6163700,3413500,4965400,2726000,32610900
2020-03-27,204216800,57042300,638828000,62794000,24879900,39448000,8273500,4862100,30041500,91522800,4186700,33375400,1044200,6999800,38942800,12461700,12133200,4879500,38290344,12293300,12467218,2314600,8360600,10665800,107758000,215661000,6441400,14183400,18950500,4902800,4250400,51558600,20411500,10647200,21794500,10078900,4191500,5746500,47880200,4164319,4671100,16126443,2302600,16184400,5091300,3367100,4490800,2301600,25363600
2020-03-30,167976400,63420300,602252000,58736000,22515200,52343000,7650400,4340200,21656900,80449100,4152800,18046400,1177300,5565000,41232800,10078800,21754000,5329000,29943508,10671600,15803316,1990000,47540200,8248200,122522000,179971500,5621700,10960100,14199700,4485600,4396000,45835000,18486800,11089600,25981500,9148200,5207900,5725600,51052500,5342878,3994200,12019832,2251100,16373600,5300800,2581600,6295900,2480500,20660200
2020-03-31,197002000,77927200,949960000,65228000,23676300,50191000,10429700,6413700,23379300,95213700,3588200,17122600,1389200,6075900,36920300,10708400,15746100,5450000,29466151,20474400,15079672,3275100,23792300,14088100,102472000,266572500,4519900,9610100,20109800,6388400,5618600,41491600,18514200,13481100,25754200,7816000,4743800,8970800,29954000,5619056,5391300,11616702,2240100,18899200,5115500,4629900,11324400,3142300,21251800
2020-04-01,176218400,57969900,656912000,51970000,19507600,41858000,8737600,3903000,28029600,83961300,4689100,23755100,1163700,8313400,48497400,11700200,12606100,4548800,26709625,12948000,11665288,1927400,12208300,8110000,82438000,200298000,4668900,9771300,12880400,8581000,3745800,36045900,14362000,11101400,25393800,6250300,4142800,6847000,41899700,4505112,5762800,19658472,2040600,13691200,4600700,3772000,7994100,3822000,18672600
2020-04-02,165934000,49630700,675764000,56410000,20886300,45049000,8150500,3589700,24018000,70007400,4446900,21656000,649300,8338100,33113500,15329500,11594500,4636800,27186876,8077800,12843345,1666600,10167900,7152600,86720000,297876000,4803200,12731300,18175000,5929200,3500600,62000200,23220600,14693200,33976500,12694000,5169000,8106500,42372400,3717956,4039900,20980044,2863800,9234400,3665500,3993100,5395900,3369800,20159400
2020-04-03,129880000,41243300,663212000,51374000,25983300,28960000,6004400,3934700,21199400,68293500,2801600,16926500,612600,10023100,32735800,9127900,10071200,4650300,32837370,8062700,10039211,1320400,9139400,5625700,72198000,338431500,5050400,8476900,14676500,6815300,2650100,48425700,14905400,11505000,24822900,13593900,3587300,5036400,37347400,4277422,4471900,18932300,2053100,8755600,2907200,2858000,3882600,2665700,17612500
2020-04-06,201820400,67111700,727884000,63320000,28453600,38868000,12296800,5145100,26820800,97766200,4689400,18788700,957900,11253000,36056100,11658800,14994400,6365900,40503217,10266500,14314108,2437800,12373800,8952300,115464000,223527000,8330900,11266500,18010800,7107800,5272500,41301900,17334900,13532900,24572200,9030700,5347800,5785600,51085500,5171632,5642700,28777500,2079300,13267600,3960100,3050300,5914400,3604000,20284400
2020-04-07,202887200,62769000,784520000,61620000,31411900,45892000,7859500,5422300,22563800,94560300,4953500,19536700,831100,8693200,39229900,13087400,11567100,4984100,24226295,11591700,10657950,2126500,10872100,7688400,102280000,268797000,7848300,10468100,13799400,6599300,4036500,48921800,16394800,11704200,29091500,7531800,5281100,8489900,56699100,4298854,5113900,27110200,2067500,10507200,3522900,2226100,5388700,3097600,21786000
2020-04-08,168895200,48318200,542444000,40334000,21664200,27565000,7665500,4002500,22903300,81212300,5194800,15376700,772300,6122800,42213700,8104600,10758200,6390200,25523980,12218500,11481888,1997900,9266400,7655400,79546000,189840000,5665700,6642700,10417600,7542900,3964400,33355600,12284800,8171100,16039000,7217500,3754800,4686100,41351000,4127927,6628400,26540900,1210100,18290800,6729500,3329400,5110400,2495400,18234200
2020-04-09,161834800,51385100,525564000,54028000,23534300,34828000,7094600,3290200,42055900,125275700,6445800,21902200,1154600,6902500,62462000,12354400,11125400,4923300,30648107,9425900,13876568,2445300,10466800,8079400,92930000,204750000,4901300,7773600,19748100,7069200,6487600,60107300,17023800,14176800,25065500,10998400,5316800,4752100,37874200,4631265,5588500,24734300,1596100,19587600,6536800,4331000,8283900,3206800,19689500
2020-04-13,131022800,41905300,398408000,38702000,19355400,25729000,5138600,1839000,26911900,83164700,4774300,13369900,689100,5037700,36068900,11531300,8153200,2964900,18270141,9293500,7706678,1547900,6665800,5355500,134334000,337131000,3182500,5077600,11191800,3235500,3120400,29651900,13854700,10222000,16740700,5758200,3438100,10519600,26034100,3200294,3355100,15181800,1655900,10757200,3800500,1830900,4250500,2087700,12977700
2020-04-14,194994800,52874300,530948000,63358000,21011800,23094000,7334300,3858900,46151300,88991100,4149600,14471900,566300,8703200,64267100,12376800,13838000,4778900,21845309,11072700,12155333,1513100,9861300,5013600,161744000,458647500,3863800,6397200,10912000,5032300,4288300,30769000,14797600,11082200,20214400,5410700,3496900,7166300,33970500,3699283,4093100,16758300,2479800,11673200,3812800,2011800,3663800,2372800,16765600
2020-04-15,131154400,40940800,366148000,42236000,17423000,25926000,4042600,2818600,30118600,99082200,6042700,15590100,590400,10415600,41883900,11516400,11962300,7841800,21312196,8977300,10809072,1652300,14128000,7727300,137332000,353655000,4961500,8053900,10642500,4225600,2937300,33125000,13982300,11354700,22681400,6256000,4093100,5652800,39297600,3451221,3721200,16662100,2938200,9990800,3694300,1909700,3870200,2025500,18372800
2020-04-16,157125200,50479600,745620000,57896000,23593200,26896000,4391500,3918600,32449600,89213300,4662200,27913000,764900,7526600,52962100,10852100,12181700,7738900,20657451,10326900,9145058,1830000,27036500,7944400,240764000,309868500,7120800,9373800,11946800,5950300,3940000,30934000,12291900,13220600,18242900,6638800,4363300,5926400,41364800,4261719,4303400,14108100,3642700,10331200,2335100,1640700,2887300,1806700,17825800
2020-04-17,215250000,52765600,539120000,51050000,20974800,34089000,7312900,3342400,30191900,92800300,5426700,25074500,977200,8269000,46985000,13305000,10920000,5857500,24404843,10734800,15433162,2057200,16074800,9559900,158600000,196923000,6467600,8111400,14268400,7617500,3688000,40829100,16130100,13162600,33939700,10886100,5601700,4132300,52389400,5040493,5850100,14111000,2468300,10952800,4299100,2328100,3678400,2634400,15054300
2020-04-20,130015200,36669600,449388000,35292000,16110700,23801000,4686000,2772000,23679400,74446300,4674800,16573800,589500,6140400,45441600,11016500,12226200,4072600,22530620,9126300,11675768,1717900,17251400,4729700,115414000,221199000,3856500,7244400,9684700,5329600,3156300,39260800,15749000,13226400,21290600,6680800,3468500,4083800,34983800,2683269,4359500,10564000,1974900,8714400,3144000,1281800,3187900,1598100,14002200
2020-04-21,180991600,56203700,735160000,49648000,24850500,29138000,13737900,3548200,23035000,78871300,3819000,14134900,1200700,7360300,41918700,9671800,9951100,3977500,23975233,9627500,17876574,2183500,12030300,5472900,149534000,303136500,4758300,6597000,10345800,4519700,3833000,44381600,19620600,13639500,22926600,6313900,3287100,5743300,27043800,2565604,3793800,9877400,1958500,10622000,3682900,1925500,4255100,2010000,14234500
2020-04-22,116862400,34620200,483356000,46296000,33242000,35438000,6660900,2231500,16662400,49669500,2314500,10449000,842800,5130300,28043300,8397300,11515600,3663300,20182624,7033300,11933890,2321700,8369000,7696500,84244000,212482500,4243600,6463000,11347000,2954600,2970600,27074200,10320700,12048400,20596000,5273600,3071800,3794000,22734500,2790112,5099500,9439900,1280400,11759600,3089900,2041400,3317900,1376400,12701100
2020-04-23,124814400,32790800,424160000,34202000,21426600,21659000,6281400,2120300,16638800,50614800,2013300,8694800,512300,5807200,38331500,8748800,10665000,4420500,20185365,7869600,8152497,2668100,10567500,5854900,101332000,198550500,5050100,5343500,15513400,16508000,2625200,35271000,14226500,9849600,20619600,7565400,3419800,3545400,25936400,2956370,4061800,9320000,1377000,9360400,3298100,1419200,2974600,1249900,15684400
2020-04-24,126161200,34277600,352328000,37402000,28792000,23373000,6710500,2143900,15809200,47633500,2024400,8567500,517600,9125400,35135900,8043200,8653400,3265000,17353794,6770700,7686451,1987900,9016100,4631500,76498000,198180000,3319600,4450100,8456000,6088600,2019400,28653800,9175500,8683900,22709600,5192300,3399900,3045300,35884700,3011012,2792400,8557100,1498500,8029200,3723900,1775600,2916300,1187700,15371500
2020-04-27,117087600,33194400,479388000,44186000,29197800,16588000,5036400,2375200,22870200,66916700,2743100,11619400,613900,7785000,39606100,11030800,8924000,3706200,23394057,9209700,12786753,1878500,6838200,5019000,112912000,310221000,4048200,6875100,8258500,4340700,2287300,28274400,12037100,8302500,17717100,4777200,3234300,5344800,34563000,3329100,4362300,8305700,1528900,8457600,2593100,1557500,2539400,1542000,16050100
2020-04-28,112004800,34392700,442904000,80700000,21731000,18988000,4731800,3895600,20238900,65504900,3344700,12778400,655700,7165900,35188000,7674800,8558700,3862900,35666728,8341000,20273560,2361400,7805500,4501000,105388000,228330000,3805000,5145400,12801400,4904700,2425900,26545100,10645200,9445700,18234000,4409600,3851900,5604600,37806900,3583952,10400900,10477000,1752100,8464800,3135500,2091900,3141800,1896700,13392600
2020-04-29,137280800,51286600,379160000,108358000,45954500,28871000,5256700,5006400,20462600,73493900,3086300,15880400,638000,9396500,38515200,8225300,9285200,4258400,26518535,8231700,13687194,1936600,7068300,5393600,91832000,243240000,3465200,9461400,24575500,4929800,3667700,29502500,12342800,12958100,19406700,6661500,5191400,4261100,60454400,2812923,9974000,10327900,1563200,9901600,2997600,3505800,3151300,1282300,17818100
2020-04-30,183064000,53875900,375916000,55842000,46230100,23379000,6830700,3902200,19127600,55244100,2695400,13431700,580300,6553700,29506100,8061700,14829600,7631700,29450973,15535800,11638878,2215000,7978300,5497000,190692000,427078500,7127200,9371400,15186000,4769600,3794300,37076300,12222000,11760700,25829800,5449300,5993400,4040500,37876600,4766649,6262500,12472200,2054600,17934800,3536500,3410300,3377000,2104400,17532400
2020-05-01,240616800,39370500,342096000,48872000,30415600,26836000,4276900,2578600,18547700,51772600,2650200,12806200,526300,4620200,35197600,8176600,7309000,3526100,22679867,12705300,9518565,1603100,6839800,4172000,195452000,487977000,3764800,6151200,11216700,4590500,2525400,35399300,13250100,9256700,18752100,5699200,6626600,3960400,36613100,3905647,5415600,13680400,1603100,9168000,3036700,1896800,2643300,1169200,13857400
2020-05-04,133568000,30372900,317556000,30806000,19250700,17046000,5974200,2372000,15725900,45886100,2990100,13985100,634900,4875400,34343900,7292100,7198400,2894200,19893512,6833000,8850255,1189000,5036800,4717600,97318000,288556500,4027100,6348900,12921800,4578300,2477500,27465600,11192400,12515600,23079600,7710200,7575800,4500700,30708900,4374503,4784400,15623300,2277200,9077200,2947400,1642700,2212200,1828000,11833600
2020-05-05,147751200,36839200,368896000,39666000,21071200,26462000,5264800,2377400,18064100,45691900,3272600,8951200,525900,4410300,56753400,7645300,6562300,2501300,24123952,10927000,7401395,1139900,6747900,4200200,64850000,254875500,3828400,6321500,12976000,4201100,2460900,29276200,13608700,10096700,15936300,7181600,6934400,3477400,30621000,3312760,5001000,12776400,1125500,8042000,2781000,1421200,1845400,1171900,10902400
2020-05-06,142333600,32139300,323464000,31732000,21857000,22727000,4112600,2319700,20978000,53874600,2408700,7817800,520900,4723400,57732900,5791200,6191600,2579200,24047432,17042600,12414922,1215600,4248400,3605900,62356000,166848000,3916900,7342300,12740900,4913900,2406700,22659000,11145900,8213000,8990700,3247100,5972000,4465300,29627700,2492820,3630300,8822100,1150800,7377600,3581900,1441400,2277100,1336100,12460400
2020-05-07,115215200,28316000,373732000,30652000,15152000,18238000,6460900,2465200,16771900,51884300,2480100,9348900,537100,4627600,52387000,10672300,5570500,3162300,33546080,11941800,12602410,1795100,7255000,4403500,67928000,172915500,3039600,4565900,13360500,3689800,2601800,22160300,9749600,9520700,14609800,5907500,3586900,4377900,29525000,3285387,3309800,26893800,1059000,8692000,3426400,2548900,2704200,2295100,14083100
2020-05-08,133838400,30877800,339216000,33326000,12506000,16757000,5403400,2547200,20487800,45181000,2277500,12096400,450500,3913100,53725300,9489400,4712100,3200000,19893618,20188100,8791672,1616000,6167600,4277800,64132000,241297500,3411600,5488000,11917200,4266900,2337400,19977400,8585900,6974200,16418000,7284300,3275800,3911300,22695700,2907564,3418000,10177300,1727400,11308800,2875200,1879700,2249000,1841400,11097900
2020-05-11,145946400,30892700,469060000,32718000,12911900,20851000,8696000,2266200,31907600,68951800,2212200,10106400,699600,5917600,51444200,9750800,5887500,3490700,25620421,19219800,10622528,1313900,7239100,3490400,65184000,247794000,2631300,4937600,9004500,5996300,1865900,22258000,7101000,7076800,12661300,5279100,3441800,4207300,20055400,2500140,3118400,10652600,1356000,7854400,3924200,2040700,3627800,1894700,12636800
2020-05-12,162301200,32038200,493060000,33918000,14704600,18764000,5904600,2071800,27962900,69588700,3549200,13605600,3499000,5504900,53560500,10475300,7039200,4214300,19335314,23492300,9544660,1510000,5384200,4411800,61498000,238603500,3610600,5622600,8549900,4897000,2264900,25439100,8749100,7375900,14169600,5286000,3117400,3874100,22579000,5167494,3504600,10906200,1392500,9565200,3524700,1852500,4440100,1741100,13117700
2020-05-13,200622400,44711500,625852000,40368000,20684600,21927000,12534900,3365500,35451600,112113400,3445300,11565900,9666100,10681600,90209900,10168100,6970500,5474100,24596882,23562600,10935146,1791200,11622500,7111000,95658000,285982500,4729100,6739800,11532700,4677900,2954900,30827900,12215100,7666400,15827300,5768000,3687400,5376100,26002000,6139158,3690800,13948000,2027400,14076800,3998300,2200600,3935500,1857300,20604500
2020-05-14,158929200,41873900,602312000,36660000,17178900,19912000,7442300,2752000,35152500,88359100,4176700,14986600,11804100,10625100,87965500,10143000,6871400,5704600,22362507,13379500,11407585,1147600,8189200,6355800,72962000,205233000,4868400,7431800,11932300,5635600,3718900,24856500,10678200,6718700,13323200,5903800,3159700,5542400,37499200,5544998,4031700,16745200,2720600,11595600,3649300,2112500,4389700,2442300,15859200
2020-05-15,166348400,46610400,987660000,41544000,19383200,21650000,5673800,2626600,26099000,64484000,2867800,9175800,5957000,6618600,51616700,6780900,10340400,12182800,25460002,14071200,9367234,1614500,13609400,8591500,84700000,157776000,6879600,9165000,9489100,8354200,4577200,22445600,10113000,7242300,10347800,4004800,2830600,6583100,26756800,4944578,3990600,22048800,1649600,20232400,5250700,2246800,4971900,2829400,10174000
2020-05-18,135178400,35264500,774460000,47094000,20151900,26531000,6398300,2351900,30504400,86589400,4505800,14722400,5587200,7781700,55684400,15300500,7388400,4015100,22635177,16300200,12552630,1396000,7646500,7047500,87144000,174987000,4653000,8517200,8903200,6320900,3987300,32026100,12304300,9047300,22646700,6340600,4530900,5603500,43781800,6793371,5509500,19741400,2450900,9123200,6747800,1792800,3123300,2105200,15735900
2020-05-19,101729600,26799100,717320000,31586000,31843200,18702000,5264000,2753700,19597300,62179000,2210500,8895500,2099700,4920600,48234300,7009100,6107300,3059400,19476234,9892500,10591822,1201200,7693100,4801700,86410000,144547500,3365000,6514100,6484900,7914900,3523000,21771600,7749300,6126300,12776600,3559100,3736700,3404900,32373000,4697896,3674300,14442300,1859400,6532800,3020800,1542800,3093100,1774400,18467100
2020-05-20,111504800,31261300,587536000,38262000,50162900,18605000,4951200,2824700,20552400,59789500,2599900,12031600,1496400,5218500,45297100,8876200,5713400,3200600,17504200,10661500,11027685,1352300,7488800,4270900,79962000,109639500,4920800,6347000,7790500,12897000,2827000,19352400,9160000,7203000,14142800,3303600,3501500,3735700,21835500,3129632,3291700,10344800,2399400,5847200,2710900,1346600,2519300,2300400,21405400
2020-05-21,102688800,29119500,761068000,30894000,47782600,14847000,4429700,2261100,14621400,57726000,2153500,9654200,1007600,6241900,28376500,7426300,6487300,3604900,17652181,10393200,9000329,1175900,6148300,7021400,102288000,183819000,2913600,7504300,10312600,7620700,2492100,19130700,8830900,6646000,17533800,3881100,2299500,2342300,48263900,2519132,5452100,10309900,2100200,8308400,3108000,1263200,3091900,1891600,18201000
2020-05-22,81803200,20826900,1038764000,28544000,33925600,17452000,4965100,1688200,13557900,48107000,2176400,6468900,632700,3734500,30415300,7300200,6140900,2922800,15781226,5507000,6357482,1098200,5184500,6518300,57342000,149812500,2475200,4049500,7653300,4902900,2366400,15406400,8563100,4674000,9974700,2500200,2036100,2735100,21098800,3138438,2406600,6510700,3427600,5990000,2760600,2812700,1276000,1676000,19960000
2020-05-26,125522000,36073600,770780000,44590000,33178300,23573000,8353600,3526000,41233900,119485500,5971200,19709900,1064300,6559400,57720300,14756000,7072300,4567800,23260094,11869800,19146017,1647700,6243800,7086300,71364000,121345500,3990900,7185200,8422200,7274600,3234600,20356500,9430000,7702600,11760900,5685300,2747400,4185100,30338300,4636782,5563700,15937800,2500300,7658800,3910200,2833600,2743400,2214300,20830500
2020-05-27,112945200,39517100,1175892000,31684000,34697600,22812000,6340200,3553300,39402000,117672700,8182100,25892400,1182100,11007700,61963000,13261300,7950000,5618900,25904158,12529500,12828987,1744400,5420600,6163700,101138000,173242500,3993400,7915900,8245300,8260300,2980200,20788300,7822600,5768100,13778600,3968600,3328100,4462700,32799900,4553494,4436400,13951600,1936400,12343600,3606600,2311000,3045000,1603400,17063800
2020-05-28,133560800,33810200,734896000,35170000,29377200,18543000,10275200,2903600,24713900,84340800,4886100,17615900,1132800,9268200,51490200,8760900,6189600,4387700,22521767,8765900,13180906,1290400,5316300,5444200,63804000,108834000,3567600,7260700,8331400,6137300,4301900,19698000,9633300,5871500,10372900,4688700,4129200,3743700,34734300,3694190,5460800,12683200,1914700,12416000,3957600,2190900,2616900,1740200,15427900
2020-05-29,153532400,42130400,745256000,37044000,23241500,27300000,19588900,5892000,26526400,113811100,3822600,13102100,1159300,7710900,51336900,14247600,8504000,6251500,48333067,13758800,13517104,1548800,10138500,8956300,70198000,176467500,5717200,10332500,10043600,8705900,4971800,25874700,17010000,10172200,21018100,6602700,4305200,4219000,33853900,4387235,5962400,13950600,2249000,15309600,4017500,2138600,3769900,2354700,34227800
2020-06-01,80791200,22622400,389876000,25162000,18223800,18444000,5711600,2034100,15176800,58375500,2230800,8649500,668000,4269500,34201700,7469800,6141800,2894000,76884979,8486500,6269241,845700,5451600,4860000,58578000,224092500,2168200,4295400,7922000,6020100,2293700,19031000,7344000,6344300,10251700,3263900,2470200,2131300,27127300,2197437,2510300,11314000,1464600,6655600,2438800,2035000,2310600,1658300,18156100
2020-06-02,87642800,30794600,391320000,23442000,20919000,31847000,8571800,2509600,21195000,71118100,4128700,11179200,846800,5433800,39058000,6232800,6078300,2756800,42690900,9413300,11352984,1166500,6394100,8363300,50598000,203484000,3125500,10798700,9521000,5144600,2528900,22319000,7880300,5858300,16286900,4824400,3151900,2977500,24780500,3846974,2860500,14938400,1335400,10640000,3446800,1809800,3143300,1675100,17300400
2020-06-03,104491200,27311000,365440000,27732000,15380300,31926000,6004000,2537100,25941100,86744600,3471900,11253500,1071500,7301000,50814000,9672100,6339500,4360000,38751996,8588400,13675457,1209700,8056300,7508900,53420000,119242500,3881500,5867700,9956700,5815800,2165900,23418000,8440200,8024200,13986600,4638800,2562400,3712600,66486400,3175255,3633800,15875900,1678800,7303200,2449600,1802200,2970000,2155300,16086700
2020-06-04,87560400,28761800,424280000,26982000,17041500,34997000,7301600,2422600,26784700,94545300,3522300,15279600,913400,5841600,61839200,26855900,8170500,4374300,27013388,9525700,9292930,1763500,9113600,8785200,58974000,133315500,3469100,8775000,7667600,3963600,4553900,18731400,6371700,5577000,20361300,4361200,2586300,3076700,67155600,3998060,2768400,10135000,1469900,12012400,3640800,1997600,3326300,1951500,16147300
2020-06-05,137250400,39893600,481748000,42642000,16750400,50958000,8232200,2793700,42231000,118767900,4737600,17976100,1438000,10097600,107651200,20489900,9725400,5554300,36705655,9630100,10413347,1712100,11874500,10060400,66128000,117178500,4728300,8363600,12030800,4578800,4375600,41328900,12760100,11578800,26486400,6327200,3767300,5591900,99846000,4800919,5026800,14203100,2061200,12370800,3353300,2336800,3612200,3525600,17105600
2020-06-08,95654400,33211600,387736000,33878000,15466500,23916000,4592600,2593000,24881800,79598500,3260300,12150300,1133400,6795200,69051300,12200400,7555600,4635500,30194149,6621400,9956838,1314800,5426800,6929600,79414000,212620500,4443900,6165400,10229600,3578400,3764500,33579400,11090700,10242200,21082500,6075100,3355700,4139200,80902800,3791377,4561100,11945500,1373000,8149200,2771000,2095800,3536700,2970400,14963000
2020-06-09,147712400,29783900,468488000,33624000,27462900,22335000,4025600,2279300,17031100,77773400,2478400,15090400,851900,5517400,51480400,11529200,8247200,3061500,21675088,9555900,8846168,1672300,4857400,5622500,103520000,170823000,3728600,5385900,7999800,2923500,3155800,27276900,10745400,8203600,17914700,6336900,3809900,3819600,66688700,3903525,4567900,9964900,1977400,7990400,3023400,2691000,2888800,2499400,14530800
2020-06-10,166651600,43872300,632180000,31762000,20720700,25914000,8127200,3611600,24913300,90415300,3091200,14770900,779700,5747400,82090000,11641200,10137100,3296100,29557217,11138300,9080920,1140600,5829100,6098300,98920000,278451000,3459900,5194200,19683800,3653700,2713700,31156800,10486300,7882300,16602500,6349300,3201700,4018700,90384900,3511698,3793300,9765900,1311700,6674400,2721400,1603500,2378700,1750200,13649100
2020-06-11,201662400,52854700,583652000,47144000,26708200,45115000,6521200,4123700,36259200,149875500,4923400,17961900,1250800,8601200,75621300,11348300,11913300,6638900,63166642,12584800,14303838,1647700,8168300,8829600,116002000,238747500,5796000,10976900,26422200,5005100,3443000,39183000,14944800,8435200,19638300,5890600,4387200,5969300,103212800,4440179,5306100,13709000,1576200,9718400,4974100,2548900,4992400,2925000,23412500
2020-06-12,200146000,43373600,570908000,36676000,22091400,39439000,5443800,8332600,24856800,73729700,3380800,14093100,1065600,7251100,51301200,15666500,8687400,5416800,37902472,8010100,17000656,1523100,5590400,7333400,108722000,251451000,4108600,7416400,18529800,4953400,4020000,30978100,9532400,8928400,14646700,4552500,3025700,4492700,89550100,3832756,3334400,9589500,1598000,8356800,3935700,1436500,4247000,1711900,17129000
2020-06-15,138808800,32770200,400004000,30468000,15340300,29824000,6000000,3781500,22153600,76538900,3467400,14758800,1242900,6472400,48311400,10012600,8649600,4494600,36247482,7120200,17684162,1632100,5666000,6026000,77302000,235458000,4499000,8645300,14644700,4593800,3266800,27929300,12289500,7992100,12742000,5415200,4308900,4093100,78612900,3516154,6440200,13553100,1321200,8404400,4501000,1532400,3647800,2142100,14826800
2020-06-16,165428800,42556700,535716000,30648000,15236700,30387000,5824100,3764400,22193600,96796500,3099100,13551500,826900,6706000,52985600,12662400,7579100,4245400,55616945,9366100,21437050,1549100,6143400,6500100,71712000,210766500,5434800,6054400,10890100,5138000,2633800,26203400,8726700,6932400,17831200,4660800,3419100,6892400,76496900,4036575,4283300,11523900,2105600,8056800,3865100,1837500,3441600,1878100,15021300
2020-06-17,114406400,25687800,408304000,30610000,19578100,20279000,5038600,2112300,15639800,58349500,1798300,8674400,704600,4408200,38660800,12120900,5100100,2538000,27509822,6212200,13983045,1302600,4359100,5360900,59186000,148362000,3154100,3405500,6906700,3808600,2188400,19279400,6019900,5967200,15816600,3933500,3665500,3228100,53085400,3721564,4413500,9294400,1131600,6767600,4181800,1380100,2713500,1577400,10652100
2020-06-18,96820400,23061600,254408000,34862000,15782500,33625000,8677800,2578400,16591900,53419000,2051700,9825200,531800,3645700,33670200,10430100,4797400,2926600,32278855,4571600,7750903,1129900,6022900,3692600,49756000,146278500,3153300,4392400,8486000,3261100,1881800,21478700,7064100,7293700,15867700,3444300,3760200,2467700,60849900,2739078,3204500,6431100,883800,6386800,3480100,1776100,2314000,1563800,9019500
2020-06-19,264476000,44441100,524160000,52784000,30081300,58465000,11841000,3931600,40371200,127563600,4962400,20962700,1875200,7589500,71903000,14817900,12206900,5172800,43986266,9210900,17691393,2328500,9473300,7084200,115540000,130195500,6267700,10304000,12538600,12611200,3438000,48899900,14838800,13702800,22249100,7928400,7484400,6488000,67262100,5587120,9027100,19144400,2046200,14452800,8089900,6193100,12157500,4635000,28868200
2020-06-22,135445200,32818900,398468000,29442000,18917800,27195000,6252200,3156300,16216900,55484300,1806900,11657400,478600,4799900,32808300,8242500,5285600,2174100,23332503,6004300,7474231,1138100,5072800,5370200,64176000,95436000,3223200,6918200,8238600,4671200,2094400,17565400,5939200,5009100,9110100,3335400,2455400,2806300,53901500,2684224,4385700,7566100,1188500,7190800,3878700,2034300,3409900,1510800,12333900
2020-06-23,212155600,30917400,375108000,37752000,24017900,22419000,6950800,3065900,15381400,46108300,2451800,9672600,605900,4364800,47279100,9923100,5921600,4023400,37690408,6715600,11428650,1680600,4156900,5160200,84634000,95479500,2951900,6499000,8076600,4307000,2409600,18916600,6317700,4962200,18440100,3850000,2749700,2357100,50281300,2450698,5565900,6935100,940400,9306000,3771600,1941400,2397000,2044300,20716400
2020-06-24,192623200,36740600,449372000,31592000,20834900,19096000,4903100,3329400,22919800,75437100,2756700,12806200,868800,5958300,57380900,14398500,8211200,3399900,30817695,9025100,8084901,1892700,6141900,10928600,90532000,164394000,4146600,8611600,12306400,4181600,2398100,27626900,8974500,7137200,17967800,4258300,3560200,3766500,56534800,3576843,5471300,9880500,1985600,6901200,3675900,3475300,4726100,2068500,24794600
2020-06-25,137522400,27803900,376072000,23958000,18704300,15029000,4022400,2275200,25743600,65031900,3466500,15014300,713900,5195400,45102200,14814500,7421200,3112500,27418651,6411700,7583328,1294900,5781100,5671100,59374000,138817500,3145200,11531400,8624800,2759500,2274300,19353600,7398000,5981000,18885600,3504500,2655200,2903400,57335700,4264159,2987000,12717400,1671100,7824800,3984800,2648700,3009300,1163300,17122500
2020-06-26,205256800,54675800,592084000,97640000,76343900,31425000,7595700,3829700,41896300,118139200,9530700,20082500,1167800,10489400,81172300,28270700,12849700,5043200,42153992,14568400,12328882,1656400,8522500,9108200,130016000,132823500,5107400,24918500,17627800,6670800,2866000,31518600,13766000,8399400,18480300,4342700,3797700,3645800,50644400,10880873,5489000,17537900,2302800,10107200,5321500,3268800,4403200,2794600,30211900
2020-06-29,130646000,26701600,342248000,45074000,58514300,14516000,3972100,2623900,18499700,66269200,3736000,9380800,774400,4962400,43769200,12378300,5309800,2356700,23956261,6676400,7230990,957300,4669300,5241600,84468000,135396000,2622200,9624200,8653000,3258900,1841700,17052100,7022200,5764800,14061300,2634100,2364900,2798700,78499900,3152443,3395200,8908700,1094100,5793200,2953700,1638200,2249000,1406100,15930300
2020-06-30,140223200,34310300,367892000,40286000,33927100,25125000,4478900,2944700,19137000,61716200,3102800,11894300,1067100,4367100,46610000,15650400,7738300,2932900,25451676,8112500,9940804,1710300,5220900,5463800,75394000,253777500,3163100,9065500,11324000,3633900,2391700,22153600,8263600,6313900,18613000,3104900,3502500,2778800,65493100,3912968,3954900,10746400,1836600,9532400,4890000,1980300,5111900,1697400,17414800
2020-07-01,110737200,32061200,326648000,42182000,43399700,15661000,4754600,2581700,18755700,57379900,2620100,11363800,548600,3301000,37509300,21721400,6174800,2303800,73503009,6522900,9948769,1600200,3389600,4328700,127268000,199903500,2193800,5733800,6750000,2836400,1906100,17290100,6379400,5600000,13923300,3394800,2251700,2807800,49036700,2768680,8982100,6860300,1111100,6024400,2835800,1207200,2624800,2126100,12831600
2020-07-02,114041600,29315800,364056000,57218000,30633600,16638000,4200300,2503000,27845600,56000200,2699400,7488800,742000,4239700,37013300,7862700,5152200,1971700,45270881,6158800,6827825,1127800,3845300,3937800,131868000,258751500,2690200,5354900,6544400,2216100,2540500,18216600,5832800,4775000,10301000,4166400,2624100,2527500,41792300,2926769,3442900,8238300,1044900,5981200,2819700,1175700,2717900,2837900,15814500
2020-07-06,118655600,31897600,315892000,44712000,26206200,17561000,5794200,2761200,18625300,59589000,3567700,10649600,703100,4059600,46983100,13573500,6156400,2395000,27150935,7039000,8058282,1859200,5919100,4366400,137612000,308548500,3171500,4995000,7235300,3766400,2332400,22692000,6747500,5825100,11469600,2381400,3592400,2491900,49471700,2479239,3445900,6128200,947500,6256800,5997800,1504600,2510700,2860700,11231100
2020-07-07,112424400,33600700,357800000,42364000,27887800,16150000,5431500,2684600,25757200,60645800,2853500,8750700,557300,5564200,36920500,7198500,5622600,2075700,25148018,6345600,6956414,1368300,3389200,4045600,105150000,322345500,2399600,6352900,7515100,3908300,3346600,17407600,5898000,5995100,9742500,3779700,3120400,2018100,37105300,2781942,2194700,8783000,1118600,6017200,4129600,1289800,2555100,2171600,13319700
2020-07-08,117092000,33600000,365480000,31766000,29791300,18023000,4233700,1999200,18762200,52922600,2789700,12322200,435700,6382100,38413400,6916000,6257400,1987400,24256545,6154400,8211394,1456800,3815300,3956300,100752000,244669500,2776400,5634600,7346200,2845100,2364500,18291400,6736400,4896800,10031300,3867400,3798000,2279500,38116200,3806656,3051600,9306900,1042600,9633600,3434200,1389000,3082900,3063600,15320800
2020-07-09,125642800,33121700,494548000,41836000,22174900,25225000,6062800,2269800,25600800,79385900,3160100,9119900,462700,4484500,38118900,8475800,5738600,3061700,20363702,5817300,7966058,920200,4576800,4061100,127774000,175764000,2333500,6282300,9618200,2861000,5313600,25882000,8833600,9189500,12015300,5209700,6096200,2663500,33514500,3360399,2366200,10778900,1283400,6818800,3457400,1143400,2583200,2312400,17618400
2020-07-10,90257200,26177600,497676000,35918000,22982700,13280000,3783200,3676200,28954200,81142900,4414800,13386000,489500,4400900,56483300,6258800,4282400,2391600,24459019,6202500,5161400,983600,2923200,4933900,109720000,350064000,2714100,3967000,7524200,2033500,2484100,18951000,6218100,9218300,9806200,6245700,4247900,2691400,40955600,2466825,2281800,10458000,982700,10079200,2545700,911400,3033200,1448300,15652200
2020-07-13,191649200,38135600,457076000,42954000,24674900,21549000,5555400,3480700,32079200,73598100,4449600,14904000,786400,4819700,51038800,8679900,6951900,4263300,56569129,8507400,8114245,1052800,4297300,7442300,154408000,584781000,3221600,4845600,9464500,3469700,2583200,20028300,7074000,5887000,10945400,3817700,3481400,3708400,43364700,2743428,2301700,7440800,1829700,9600800,2205100,1791700,4693900,1498000,15285100
2020-07-14,170989200,37591800,542676000,38108000,23378100,18363000,5854700,5666700,42731700,67423100,5202000,16075600,567300,4044400,118952600,7862300,7447100,4234900,32854129,6765600,8397100,869200,4122800,5421900,144638000,351271500,4138600,4850600,8780900,2578200,1844800,21444100,7440500,4953500,13525000,3695600,3423300,6540800,39256200,2811438,2538000,7256800,1651500,12154400,4218200,1877500,4206300,2554800,15683600
2020-07-15,153198000,32179400,403984000,31026000,19133600,15253000,7681800,2566200,22508400,57384400,12516700,17424200,767600,5405600,61714300,9873300,8512800,5116900,26294454,5661600,7709717,1137200,6205000,5644600,115778000,245517000,3735400,5343700,10300700,3533900,1770700,17332400,5935200,5777100,13852400,4202100,3635500,4915200,48044800,3166661,4841800,9036900,1992300,8444800,4501700,1301000,3859600,2616100,13903600
2020-07-16,110577600,29940700,344964000,26484000,18880700,12929000,7350000,2677700,16886900,78067100,5769600,25026800,729900,2666000,48676800,12191300,9304700,3844500,18421812,4269200,5850774,1002600,7582200,4123800,127884000,214512000,2111100,3594700,6649300,3109900,1402000,14673700,4795700,4655700,9806100,3080100,1857300,3621500,35050000,3923154,2528200,5684100,1142400,10142000,2874300,1475200,2902900,3216400,13477400
2020-07-17,92186800,31635300,266284000,34264000,18152400,13354000,4324300,2568200,16137700,66659100,3614300,16263800,1150200,2861600,39184100,11840000,7441100,3016500,23347365,6890900,8191378,1206700,8315500,5557700,95226000,139950000,1972600,7405700,6087500,2715500,1768100,17958900,5964000,6699300,8818600,2949500,2122100,2458200,26170500,5184577,2782400,10789100,1140400,12461600,4603000,1291900,3325100,1900900,13506300
2020-07-20,90318000,36884800,284852000,30166000,20872200,14323000,5729000,3512500,14458100,61114000,2268700,10423600,706700,3560100,38682200,9564100,6191500,2375500,36815693,4823300,5434194,1511200,5677900,4081800,151964000,256821000,2157100,5822300,8832700,3825900,1863300,18553900,14974800,6407600,13673700,4004100,2079600,2478000,25294300,5173648,2365900,6688300,1314500,6368800,3271400,1422200,2385200,1966500,10572900
2020-07-21,103433200,37990400,277036000,27486000,19364200,14312000,5376800,2027600,17798100,75499300,3393500,11951200,523000,4227100,58395200,11384700,5575900,2340200,23588520,8239000,8967526,1486900,5063500,3664500,122426000,241608000,3505400,5855600,10637500,3195400,1874200,28821800,15115000,7950900,18805000,4584300,3241200,3221100,40740500,2540034,2054400,7395200,1079300,5958400,3892800,1161900,3539900,1686900,12619700
2020-07-22,89001600,49605700,367292000,24482000,15427900,14404000,2833000,1400300,14271200,52193700,4978400,13604000,460500,4360300,41030500,7585000,5910200,1935800,90705554,4441800,12362103,2283900,4662000,3618000,82084000,212416500,3484400,4097000,9213100,3876600,1312600,21345400,10317500,5158400,12653600,2565000,2585400,2156800,29790300,1908315,3508200,5758700,1246300,6368000,3763300,1355700,3412900,1390500,11223500
2020-07-23,197004400,67457000,411660000,33910000,21771800,19417000,3639500,2313900,12870200,61047600,4088600,13527000,453600,4239800,50791000,7457300,6566300,2367700,59639536,5127200,11558916,1522300,5905800,3652600,113138000,364927500,2702200,4530500,7795100,3267500,1561700,17934400,6586300,5953500,13233200,4936400,2104700,1613700,29587200,2785762,2349200,6043300,943800,8150000,2373100,1324900,3099300,1068900,16718700
2020-07-24,185438800,39827000,473292000,29902000,18325800,15631000,3908400,1900800,12744200,50217600,3191500,6860800,421600,4790300,39357000,6577600,5405900,2415700,33870501,5169400,9068763,1323400,4534400,4071900,112648000,290949000,2199900,5638400,5673400,3832900,1423400,16415300,6620500,5202600,16738200,3055000,2040600,2036300,28548000,4634766,2539000,6058900,910800,7716000,2953100,1391300,3020600,1304400,17981700
2020-07-27,121214000,30160900,292132000,27124000,13163100,20646000,3015700,1622000,11959100,54721300,2601200,12087100,618500,3501800,34761000,10588000,5675200,2060500,27640307,5030700,10958307,1312700,3717900,3701900,83410000,240730500,4541700,4273400,6771100,2423400,2083300,18547900,7599700,5312400,15020100,2474800,1826600,2506900,30243800,3584376,4446000,10194300,887100,8909200,4198700,1417500,3130000,1469200,12306700
2020-07-28,103625600,23251400,271636000,30910000,14170100,13974000,3114200,1463400,11754300,48406500,2139600,7287900,488900,3567400,30505200,8882800,4842200,2257400,56393954,5941800,8494564,1107000,4114200,4325500,62534000,237130500,6051000,3822600,12273400,2337000,1374000,19190500,6787300,6188300,14551100,2763300,2428300,2029900,25349100,4142356,2497600,13111800,850000,6547600,4851400,1553800,3263300,1677400,13454700
2020-07-29,90329200,19632600,284508000,22676000,13588300,16562000,3747800,1489300,12743500,71393500,2635000,8074300,724800,2791700,31442100,6592700,4489100,2672700,37033660,5512000,6398040,1099300,4744200,7020200,59482000,141403500,3342900,6872400,15261100,2095800,1341300,14143200,6386900,6305200,7444900,3016100,2449100,2338300,51709600,3513502,6769600,11162500,1886900,5381600,2501600,1452700,3888400,1967900,9341800
2020-07-30,158130000,25079600,308880000,36042000,20615300,21259000,3587400,1449000,14834800,61755900,3057900,9410100,341200,3856300,51019200,7323500,5922500,2205300,32273796,6411500,7152600,1142800,3176900,3830000,122566000,114315000,2705700,4018400,7889800,3606300,1390300,29901100,10112800,13421000,15563300,3226500,3118400,3063500,29140000,2916795,30970900,12292100,1235700,4235200,2828600,1959900,2758300,1855500,12635800
2020-07-31,374336800,51044000,386080000,91468000,53005100,24719000,3734000,2034000,14535000,61955800,2399700,9669900,375900,4088200,45537900,10384800,8259600,3913500,28472124,14613000,12291154,1217900,4604000,5155300,161710000,183123000,3194700,5509900,7423800,3267100,2149900,32116200,19119800,7719900,15338900,2885500,5838600,6780900,30263100,4308933,7429900,11437200,1409600,8030400,3292100,1781200,3832100,3184700,16202900
2020-08-03,308151200,78983000,412720000,45482000,23124900,20796000,6557500,2075200,12962800,58284000,2294600,9912400,496400,2869000,27863700,7285600,4078700,2628500,31036400,6919000,10601463,1049400,3670900,3708100,101494000,132139500,3143500,5472700,7138300,3319200,2480200,23033600,11220100,8064700,9618800,4004500,4331600,2851100,38520500,2233829,4317200,8789300,840600,8624400,2552200,1504600,2062800,2577700,13493400
2020-08-04,173071600,49280100,310336000,37212000,17183500,25258000,4480300,2622600,13366200,37985300,1944700,6445200,513100,2415100,28106900,14859100,4162200,3594900,29448549,7865100,7218729,911300,2730600,4241600,93886000,126225000,3699900,7539300,12792400,3924500,3933300,17724000,9077900,5808100,10141800,5754300,3412600,2301800,30853500,3266076,4841700,7844600,672800,9142400,3234500,1782900,2988300,2435500,11601000
2020-08-05,121776800,28806400,249924000,29134000,13050100,22299000,3559100,2353100,15260900,51322600,2232400,6636100,465800,2844900,32935400,8142100,5467500,2982200,24292697,6918900,6492465,906100,4415300,3201500,78330000,74217000,2259600,7217500,7780800,3688800,2923700,17175100,7324200,7315000,9127500,5052800,4538200,2767800,46189200,4347129,3939300,10115900,1366100,6381600,2861400,1069200,1550500,2166600,9809300
2020-08-06,202428800,32656800,244316000,33306000,45241600,14193000,5113300,2362000,10482100,51999700,1882400,5701100,455000,2698800,44670300,8077700,4837900,3305300,20922111,7269300,7256562,1229900,3943000,5009000,78812000,89884500,3158900,4060900,6764800,1979900,2104300,14434900,7035600,6588700,6751100,3290600,3187800,2446400,32921600,2655365,2420900,5786700,968100,4588000,3036300,1127600,1743200,1938800,10369900
2020-08-07,198045600,27820400,342516000,27718000,72766400,14192000,5423400,3289700,14743700,63354500,3075000,6225900,469900,4690700,46272400,7823100,3635100,2600800,23097251,5226600,6977584,1006700,3141900,4476900,78722000,133446000,2980000,5545600,6569300,2303100,1759000,18757900,7185000,4445300,7084800,8528400,2914000,2223700,19318000,2673932,10074200,6263100,1254600,4368800,4289500,1023300,2014700,1750100,12783900
2020-08-10,212403600,36716500,427796000,20546000,30248800,11989000,5528200,1836800,14989900,64051100,2432800,6518300,465800,5254800,50602600,6043100,4096600,2563600,19964552,7623600,5782445,1206100,2776300,5096400,63346000,112834500,2783600,12678000,6604300,3002900,1503800,24367800,8150200,5612600,11555800,4088700,3387100,5181600,35857700,3033187,7396400,10042600,2631100,7240000,4323300,1282400,2653600,1159100,12114500
2020-08-11,187902400,36446500,354512000,31098000,28238300,19316000,5015400,1900200,31518600,81441000,4042700,11792600,576800,4744000,55000100,12160300,6388400,3018200,21326847,7208400,7636671,1337700,4823000,4464800,74362000,129387000,2478400,5400700,10238500,3915900,2065600,28987500,9074300,7975900,12373700,5528600,3544200,4206000,61036600,4003896,6071900,12120800,1909900,6825200,4546200,2111800,3576100,1506500,12833100
2020-08-12,165598000,28013100,464412000,22512000,21415700,18471000,3980300,2223700,19240800,61971300,2439400,8949400,612200,3407800,42868500,8998700,5257300,2915800,19957595,7705600,7295652,1060500,2668900,3471800,70442000,327441000,2167100,4714800,5378000,4860900,1853900,22503200,9057400,11822500,14560900,4644300,3442200,2541200,40674400,2832233,4247200,7327000,1629000,6124400,3397100,1381000,2751400,1323300,10802100
2020-08-13,210082000,22588900,374460000,22388000,17374000,15095000,4711600,2028000,13598600,55955500,2219900,5728700,359700,3265400,27387800,5937600,5155500,2159500,15340021,6004200,7455262,1080500,2951700,3715000,62980000,306379500,1795000,4281700,4383400,2324800,1536500,17338700,7314600,8286400,8551500,3394600,2875500,2939900,22958800,2731969,2848200,9452000,1324700,3680000,3219200,960900,2104400,1147700,7428600
2020-08-14,165565200,17958900,366436000,21942000,14792700,10140000,2833000,1111000,12134400,50931900,2287600,5782300,316700,1956500,26743400,8740700,4240200,1787200,12901276,5488100,7390496,898100,2739900,2925700,55034000,188664000,2060200,2985700,3771300,3180900,1522900,13595700,6343000,3349800,7290300,3498900,2638100,2038500,32414100,3018227,3479000,5124400,900600,4912800,2016100,737000,2689800,979300,8715900
2020-08-17,119561600,20184800,621300000,19990000,13351100,10594000,3574500,1555700,14988000,57518700,3922600,7333000,411100,7488500,36661700,8340900,4306900,2772500,17494187,7251400,8764319,1225800,4657400,3689600,53824000,303634500,2619000,3017000,5360400,4632300,1504700,15554600,10473800,6089300,8658100,4693800,2816100,2284000,23352100,2989049,2408900,6408400,1025900,4801200,3849500,1435000,2087200,973500,8371900
2020-08-18,105633600,21336200,503448000,28378000,18690400,8857000,7284800,2097700,13246500,45850100,3067900,6450000,456200,3337300,29680700,7710000,4322600,2520000,10846398,4557400,6551572,1037300,3777600,4043900,106920000,247117500,2921500,5023000,5272700,5756800,1489400,13014000,7981500,5711500,7845500,3215400,2658800,1563200,21488500,1983327,2606600,4727700,1120900,4764800,2606900,1896100,1490600,1013400,10130600
2020-08-19,145538000,27627600,622624000,30472000,23291500,11273000,7080700,2439200,13533000,59856000,2458500,5957600,418700,3079600,33667800,8035700,7816300,2066700,15690055,7672000,6896050,1230100,2716800,3353400,83702000,183079500,2711100,9508100,6840600,40211800,1730100,14473100,9120300,4526200,8055100,2878900,3100800,1849500,25601500,2226084,2691600,5381200,1512700,5481600,2623100,1496500,2827300,1626100,10816300
2020-08-20,126907200,26981500,921388000,26382000,20299700,8910000,5175100,2485000,13672600,49403700,1764200,5186300,552400,3102500,36022100,8161000,4874700,2245600,21957455,6798000,6380434,928700,3548600,3350500,66650000,309177000,2084900,4304000,5099500,12046000,1717500,15678500,7872300,3943200,10240700,4225500,2598700,2279700,23213400,1697918,2296700,4689200,1558700,3631200,2715200,1017400,1794500,1905400,8061500
2020-08-21,338054800,36249300,999868000,34838000,15538600,11508000,5727800,2645600,12228300,55010700,1780900,6408500,418400,2845100,27198000,5804500,6722800,2488500,25467170,5269000,6890495,1301300,3585000,6734100,71518000,322344000,3484800,5564000,5594100,7061400,2372600,25517700,9003600,5034200,8913900,4166400,3124900,2524600,16945900,2660776,4420700,7067400,6446300,5685600,3911100,1139600,1411000,1781100,11059300
2020-08-24,345937600,25460100,490564000,25638000,23685600,11996000,5699000,1840500,17898300,54579500,3097400,7728500,381600,4141100,36906700,9920000,5387900,2922200,25011947,4103600,7582280,1201100,3212700,5265400,93326000,300954000,2463900,8173100,5867400,4355300,1461500,18208900,8738700,5357400,8702700,6078900,3011200,2921700,39317100,2214307,4084000,6379800,3177900,3548800,2679100,1201400,2015900,1363000,10931500
2020-08-25,211495600,23043700,289076000,25150000,42127200,11140000,27096500,3967400,13648900,57304700,2627600,8425500,373300,2946600,35077300,5261000,3863500,1879300,26221201,6710000,10245982,963600,2626400,9155300,79856000,159883500,2302400,4380900,17659500,2984400,1176200,31285600,6835800,4160600,11012500,3263300,2303900,2467500,31318500,7851931,2931500,12678800,2706800,4051600,2769200,1060800,3120900,1064400,11316800
2020-08-26,163022400,39600800,321244000,52188000,69015200,14844000,63253400,7780300,12052400,39478000,2563200,5920800,540200,2936500,28348200,4117800,8008300,3178900,24083689,5682800,7844175,945900,2968800,6126300,130174000,213591000,2316700,4477900,7934300,3061600,1757000,26795000,7486500,6753300,7982000,3054000,3003400,2379900,16189800,3678063,2761700,8659600,2039900,5238800,3367900,1479400,2780100,844900,15096400
2020-08-27,155552400,57602200,317604000,31350000,30301300,12552000,22817100,3631800,22163900,52934800,3692400,8910100,428900,3992100,36706600,6467400,5575400,2321000,22156556,5271500,6464902,2092000,36319000,6872500,85296000,355395000,3226800,4390800,9099200,3773100,2220700,32034300,7438200,6231600,8549000,5453800,3160200,3010300,29548100,4542247,2913400,8749800,1875400,4555600,2932800,1398200,2035200,1084000,11405300
2020-08-28,187630000,26292900,537160000,22418000,17157400,14589000,28068000,1926300,13756700,46466400,3697400,8743800,436000,4382900,25797300,6156500,5395700,2883500,32830519,4938300,6134049,1325000,17204000,5699400,57940000,301218000,3212500,3731100,9303900,2835600,1487300,33477100,7307900,5058100,12613700,3365900,2469100,3698700,20383900,13805520,2979800,18550100,1261400,4618400,3190500,1062900,1941800,959900,11873900
2020-08-31,225702700,28774200,500840000,26422000,17345100,22229000,16010100,2346700,14219400,49416200,3046200,8026600,581700,4665800,27615500,8331400,6362700,4341600,30032465,9932300,7929273,1557600,6943200,4706200,83718000,355123200,2900900,3519800,6401600,3025600,1586900,25259600,9437500,6165700,13596300,3017300,3657000,2886500,16264300,4840176,3960900,10885700,1944500,6013600,3569300,1307500,2630400,2297600,14555500
2020-09-01,151948100,25725500,511316000,22652000,17295900,29205000,13293600,2404000,11595600,46109200,2457000,5568800,402800,3142500,30508800,6146400,6307700,2487100,36145560,15783600,6797433,1489700,7963100,3705100,68644000,269523300,2926700,4912400,8166100,3603500,1773700,22464100,8990600,6267700,9446800,2906400,3194900,2673900,18977300,4217051,3097000,9308800,1873400,5729600,3194100,1085000,1735600,2285800,13358400
2020-09-02,200119000,34080800,874012000,49522000,24341400,37053000,12963800,2783400,14475700,57300900,3565200,7547100,684200,3536900,40334000,8021200,6881900,2846500,29068688,9139200,11571597,1221600,5843700,4452200,78630000,288528300,4092000,6775400,11378900,4128200,2434900,26413400,10821900,7441600,10875100,5249900,4491700,4515500,16552100,4362726,3778000,7511900,1983000,9754400,3626200,2034000,3236600,2912700,21711900
2020-09-03,257599600,58400300,945128000,63726000,32294100,41795000,14000600,5837600,23281200,86192500,3533500,11029600,739200,6747900,42349300,13777900,8672800,3872500,35956788,8921900,12983672,1882700,6096900,5028100,163222000,262788300,3126700,7264400,11036600,4135300,3630400,28817200,16179900,8733400,16863200,5188200,3365700,4479100,27799400,3742890,4759900,8515700,1975200,7855200,3134800,2094600,2367900,3305100,23126800
2020-09-04,332607200,59664100,1463684000,55850000,30333700,58514000,14374300,3900300,26325500,99621400,3668900,9413000,822100,5235100,48745000,11454000,7200100,2901000,26872257,9444800,9359688,2189300,5027700,5813100,175636000,330965700,3828600,5157600,10349400,4742100,2557000,24632500,10516600,8285300,15384300,4418300,3420100,5129400,18867300,3529417,3601300,6785900,1662300,7247600,2820200,1885100,2042800,2924700,22250100
2020-09-08,231366600,52924300,795728000,54032000,24864000,26685000,15229600,4533100,22108600,74978600,4574700,10946600,837100,4517000,49082900,9022900,8756800,2594500,26736818,8563900,9095592,1515200,5217700,5090900,121884000,346397100,4107600,5300100,11083100,3503200,2144300,38496400,14942500,9338600,15677400,5747100,4119800,4775200,22622700,2967405,3176400,10523800,1918500,7158000,3252000,1451200,2764300,1849300,18469700
2020-09-09,176940500,45679000,736200000,39242000,22918800,26273000,9988600,3312100,13434000,53822700,4681400,8808100,830500,2474700,49427900,7657700,6960700,2195600,27490533,5373500,8862307,1665900,4365100,5549200,103774000,238397400,3213200,5997900,6928700,3279300,2100900,25886100,9269800,6440000,9925300,3565000,3057100,5345100,21951400,2978758,2317600,7560700,1569200,4781600,4411100,2202100,2999700,1854800,15896200
2020-09-10,182274400,35461500,698684000,33024000,24814700,22851000,5945000,4248100,15922800,56609600,2510300,8609100,891000,3288900,54211700,5709900,6191800,2421200,21650741,10403600,6907578,1540600,4271200,3636900,106614000,254791800,3325600,5032800,7552000,2828100,1959600,34381200,11845900,8582800,16190800,7457200,3100900,4387000,14532600,2986609,2450900,8670400,1840300,4362800,3591200,1256800,1792100,1095400,15811200
2020-09-11,180860300,33620100,636928000,30706000,18913900,17362000,5455200,4414200,13784300,47708300,2376400,8969700,660900,2604400,34861100,5890300,3934700,3085900,24109301,8385800,7171254,1743200,4111000,2836700,101880000,182152500,3616500,8565200,7103300,2356400,1599600,26838600,13732400,6769100,8634200,5658300,3002100,3237100,14722400,2245819,2466800,9780900,1902400,3932800,3196800,1219400,1830200,1382400,13924800
2020-09-14,140150100,30375800,1201744000,42660000,24093800,16447000,4255200,4463800,19017400,47802400,2756900,8812200,631400,3620100,49787100,6875600,4375800,1795500,29565543,5212300,8575994,1052300,3824100,4393500,90592000,249061800,2543800,4990300,5535800,2706900,1522300,26129900,8182800,5436000,9913100,5543300,2889700,2569300,17228400,2264174,3617900,6548600,1249300,3916400,3438100,1333900,1842800,1524900,11932500
2020-09-15,184642000,21823900,727556000,23042000,18478500,16618000,4133600,5682400,23683000,63820200,3717600,7660100,626400,3371500,41954800,12952500,3658800,1468300,22003726,3851300,10826678,1292600,3654900,3293600,80430000,291894600,2640700,5934200,8361900,2206200,1362500,23724200,11732000,8333400,10611400,4791200,3397700,4092400,14881700,1964123,3238500,7069300,1740200,10827600,2582500,2426700,1524500,1401100,9444300
2020-09-16,154679000,26328100,556384000,22128000,29183400,18498000,5441200,8462600,19270600,64598600,3571400,8699700,1003900,5798900,51768200,8778900,4323000,3438200,22208412,6304400,10380230,1842700,4242500,3723800,90244000,216837900,3463700,7023700,7146400,2072500,1656500,30890900,13019000,9240700,14177400,6553700,5347700,3302000,21851400,3344272,5736800,8873300,1572700,19501600,2904600,2326100,2363600,1635000,12699000
2020-09-17,178011000,34011300,792512000,40008000,31281400,22862000,5279500,4560800,18290100,48862000,4274800,7533700,1033500,3215300,51531300,7298400,5461400,2394100,17894390,5604700,8090455,1304300,4283500,3541900,128982000,230337600,3376600,7376400,7386600,2391200,2681500,24696200,10515100,13147700,11677400,3900500,4187000,4487000,19717800,2823745,3002200,6062800,2094000,9385600,3355800,2341500,2309000,1506400,14996200
2020-09-18,287104900,55225300,698460000,63056000,28130800,35295000,6595600,7182300,20121600,94055800,9066300,10743900,2989100,6630300,115153200,9021000,12174000,3795400,31694623,10076300,12308446,1737800,7622400,6265900,177852000,259220400,3861400,12876600,10113400,3614800,3409300,46853800,14517800,12409800,19118700,5865800,7292400,5113500,22057100,5207388,7274000,16814200,3063600,14386000,5035900,3270500,4555400,2460200,22584500
2020-09-21,195713800,39839700,721044000,56908000,24709400,24198000,5561600,3913700,28378800,75218600,4871300,12909900,659600,8339900,56188400,11448100,7574500,4124700,26608968,7328300,10445311,1283200,4559800,4821300,122358000,328430400,2831800,8486400,7188800,3360000,2427400,35351800,16199100,11316000,16106800,4719900,6187500,4278200,23125300,4731636,3894400,8845200,2134000,7558800,3001600,2848900,4409500,2180300,15871400
2020-09-22,183055400,33517100,646452000,33950000,30293100,19500000,3600800,2629100,19257000,68665300,3355800,11164400,565600,4884400,39839500,7816900,5295900,3163600,22727297,5306100,8143170,1168600,4180300,3568700,138976000,238742400,2475600,13007200,4465000,4334500,2128100,27303200,9155000,7963000,8862700,3767800,4135900,2579500,17768900,2653561,3051900,5883200,1622400,7192800,2703700,1702200,3161900,2209100,12198900
2020-09-23,150718700,30803800,647012000,37726000,19641300,15542000,7507900,2671300,19952700,59950300,3116100,8248100,511400,9427200,45697700,8151900,8784400,3709900,23102521,6253000,7085842,966500,4040100,5057800,113054000,285222600,2777700,37822700,6414700,2801300,3577100,31251400,16649200,7714500,10684200,4041400,3725300,2420100,18247500,2660564,3842400,7280000,1683500,5855200,2322700,2550300,2543300,1753500,15416200
2020-09-24,167743300,31202500,731240000,34552000,20006800,13611000,4166800,2838800,18366500,53570700,5114600,9832700,552800,4249000,43329100,7039200,5614800,2869100,20859925,9980800,7844280,904700,7604000,5352400,110588000,289683300,1727000,13485800,4881500,3223100,5779300,26796000,15203500,7084000,17772300,4431700,2981000,2138800,27098100,2374836,2975100,7737300,1025900,7478400,2582300,2246600,2235300,1391200,10875300
2020-09-25,149981400,29437300,588016000,30326000,18351300,18183000,5117800,2541100,13293100,42111300,3106000,9816000,486400,2775600,30229900,5768400,5531200,2455800,14365598,9935600,6932101,1112900,5060300,3661900,92304000,201625500,2196800,9182800,5981500,2743300,7338500,23486000,11070500,5240900,16290200,3365800,2824300,1848900,29123000,2752128,4399300,11955200,1225400,5456800,3854600,2861500,1634700,2227300,10676300
2020-09-28,137672400,32004900,573808000,30784000,18826300,22192000,4088300,2844800,20894100,47996900,3280100,9466200,567000,3930900,41103500,6035300,5843200,2575700,15044269,6306900,6123674,1110700,5515500,3403200,84484000,149158800,2111700,7525000,5976200,3627600,3459200,23396500,12863800,8958400,11912400,4169600,2126600,2212700,38868200,2665869,4338400,5457500,1191500,6918400,2424600,2593500,2298700,1182300,11910500
2020-09-29,99382200,24221900,621460000,31816000,20200200,13722000,3983700,2030400,12848200,45695200,2400000,11355600,409700,3200400,38416300,7150300,6768600,1797800,13512491,5508900,6742413,911900,4464300,4044500,69916000,150657900,1731700,7796400,4064000,2784200,2526000,20770500,10553000,6662600,15827200,7017000,2464600,1605600,19874700,2301627,3113700,6362100,892800,7094000,2126100,3098400,1826400,1178100,10005900
2020-09-30,142675200,33829100,689184000,40924000,20142500,22403000,8188500,3508200,16400600,56226100,3075800,15047300,741100,5060900,43071500,7214300,8487700,3497300,22629275,8209300,11593605,1516300,9487000,6474400,97922000,144436800,3034100,8699700,10134400,2806000,2525800,22223700,10466500,8111700,15527200,6033700,2670300,3642800,38436700,3059287,5426700,7708400,1883900,23238400,18804900,3345600,3645700,2121000,16348400
2020-10-01,116120400,27158400,525004000,32884000,20009800,16016000,4318000,2264600,15778700,44782200,2288700,25275400,551300,4179300,38879800,19959000,6457800,2731200,22520396,8777300,8410305,1452300,7242100,5228200,99438000,152224500,2443000,5637200,7241200,3866000,2053000,36890200,14930700,7929600,17901600,5085300,4047100,2157400,30677100,2556267,4934100,6525600,1383800,10018400,6249600,2500800,3090400,2480100,14547100
2020-10-02,144712000,33154800,552496000,31222000,16367600,17100000,4494500,2780900,15149600,51682100,2541200,12681800,523400,3783300,26238600,22728100,5485600,2338000,21461759,5554300,5255406,949000,5590500,4116000,112262000,214290000,3833100,7491100,5602300,1978700,2125000,32694300,9854800,7069100,14625800,5428500,3453200,3220500,31773800,2482634,4482700,8381200,1403600,8306000,5925200,2138100,4631200,2458600,10741800
2020-10-05,106243800,21331600,479820000,21602000,12822300,18923000,3403500,1984100,13871900,44396800,2551600,19140100,435300,2863200,22607500,94997700,4992800,1638600,19400029,5984200,8807182,1149100,3603400,2551000,75506000,134168400,2913800,8270300,7004800,2268600,2093500,22965200,12049800,5652500,12192000,4113400,2711600,2597700,19082100,1856750,2739000,6077800,2071500,6599200,3038400,2130300,2747000,2728300,10457400
2020-10-06,161498200,28554300,784420000,26096000,18696900,16672000,4448100,2041500,19220400,67541100,2833100,22980200,704300,3309200,30991300,19905300,5118200,2434400,25233392,8743800,10273230,1198100,3992600,2982500,101738000,147438900,2453600,5978000,7951100,2932600,2760400,26731800,15294500,6645600,13187300,6025700,2926500,2559800,47132500,2488894,3671400,7187200,1385800,7288400,2993500,1913500,2637000,1988400,12524900
2020-10-07,96849000,25681100,418084000,36108000,23133400,12747000,4963200,2025800,16358500,47648000,2326600,12019100,573500,3048400,34647300,18282600,5603100,2596600,22160034,5899700,9845226,1012900,4162400,3386000,86188000,129383100,1972500,4390500,5179300,2927000,1959100,23779300,15410300,6633200,10374000,4513200,2621200,2334200,26019100,2154042,3847000,4925800,1029200,10130400,2480000,2048000,2056800,1791300,13674700
2020-10-08,83477200,19925800,378900000,26076000,16312800,17045000,4150400,1590700,15659000,52080600,2330600,23836600,538100,2922600,26483400,10818300,4413500,2056700,17857395,5535100,9217160,832400,4168400,5617000,63482000,121263300,3195800,3595600,4958800,2189200,1793100,34413700,11590900,6758800,10855600,3714900,2398000,1842900,20598600,2098552,2797500,4483000,1148300,5694400,3253300,2501100,2382500,1537800,14266400
2020-10-09,100506900,26458000,346892000,32966000,14107800,17253000,4225000,1853800,13689100,44511500,3040900,11381800,525100,3511300,28211300,11643900,5054100,2028900,23667465,6005800,5956098,1066000,3060700,2950900,98158000,86777100,3237700,4293400,6197700,2582700,1730700,29228600,12260900,6382000,11704100,3398000,3185700,4084200,17406000,2797751,2861100,3996200,1091500,6472000,3686800,1538700,1918900,1849800,9846200
2020-10-12,240226800,40461400,434744000,55344000,31019300,18839000,4317000,3149700,16058000,48362900,3474200,17615000,644700,2626700,25855600,14481600,7273200,2424200,19413837,7314900,8276370,927200,4201800,2898900,167284000,116373300,2412400,5136500,5909100,2436300,2806900,17912800,9056900,7214600,12381400,3806500,2769000,4279800,12176600,3603474,2274000,5378900,1234800,5816400,3131600,1430400,1302900,1453300,20211200
2020-10-13,262330500,28950800,344604000,39072000,18063300,16731000,3713200,2438100,21697300,61186900,3317300,17448000,1154900,2602600,29939600,10841100,11057600,2713500,21543233,7851700,9125774,916400,4773600,3822800,114894000,103391100,2098900,4245000,5732000,2015200,1823300,20995100,10440300,8121000,14015000,7808700,2885600,3319000,15182600,2456533,3018000,8836700,1311300,8596800,2544400,1622100,2096800,1668300,22109600
2020-10-14,150712000,23421700,276100000,33174000,15577800,17298000,5129500,2032900,15204100,127409500,7550100,20330100,694200,2826300,75388100,10013400,7706400,4455400,22120298,5863900,9166122,851900,4191600,3582000,116254000,143639100,1862600,3586600,4760700,2284700,1904400,17743000,7057500,9817400,15875200,6919300,2111400,4087100,10505500,2530061,3156900,5971800,1062500,5501200,2420700,2049300,1668000,1077000,16591900
2020-10-15,112559200,22733100,267224000,31210000,15416100,14361000,5256800,2042800,17171200,66832400,4325700,21059700,792700,2699300,60328600,15403400,5978600,3172200,16089205,6190900,9151974,936600,3518500,3952600,104468000,107017200,2177300,4235800,5002200,1859000,1697800,23251600,10052100,8633700,15709600,4791600,3502000,2958500,13226800,2585233,3059700,6166000,1225200,5739200,2170600,1790900,1280500,2389200,13644500
2020-10-16,115393800,26057900,242392000,34194000,16622700,10295000,3092300,2441200,13275000,58357700,3244500,16923300,765500,2394300,43141200,14090400,6097000,3293300,42993503,5358500,7903492,1070300,4363500,6405600,129488000,98327700,2162800,6010900,4721300,5047900,2459400,22627200,9305600,8312900,39866400,10261100,2938700,5569000,31780600,3850157,3446000,8287700,1652600,7449600,2811200,1480000,2167900,1836100,13364200
2020-10-19,120639300,27625800,298068000,29734000,13587000,14803000,3242300,1931400,11725700,51377900,3235300,12677000,775700,3196500,37423600,12294100,7250800,2482100,31931352,10288000,8614455,1248800,4228500,5333600,104472000,108863400,2009500,5160800,5426600,2322500,1938100,23645800,8357100,21684100,18285500,8378000,3683200,2757700,16519600,2231814,2884600,7373300,905500,7710400,2284000,1323600,1938900,1130000,16075100
2020-10-20,124423700,22753500,229212000,41670000,18763200,13297000,2989300,1453900,11257100,62476400,3335500,11177600,473500,2954700,34751200,9961200,5325400,1988600,22384852,6932100,11144746,1081900,3873500,3879400,90194000,94968900,1883200,3799200,4939700,2698500,1282300,23040600,7753200,19243000,20802200,6117800,3471300,3007100,12319900,1676698,2784700,5960800,968100,6003200,2243100,1407300,1780300,1415100,18696200
2020-10-21,89946000,22724900,219596000,60322000,28998600,11896000,2794000,1369700,10730500,41564900,3083600,18583200,452600,2588400,29528300,7672700,5221300,2139000,18984859,9776900,9689808,2212800,5716000,3566900,91854000,97111500,1518200,4916300,4119200,3033500,1466500,28619300,9800600,19210200,18537500,6314500,3798400,2502000,11450600,1938447,4428700,5647200,1506500,7796000,2233300,1100500,1922200,1360300,21498300
2020-10-22,101988000,22351500,290480000,30512000,16720000,13547000,3685700,2613700,14837200,55402000,2136900,13264400,483300,3748800,32238300,10093800,5279700,2100600,19243616,8080100,6075990,1454600,4953800,4306800,84240000,119979600,1961300,2869900,4257800,3647400,1813200,31831500,9810100,15029400,15937500,7240100,3408600,2356800,14238200,1996908,3897700,6990100,1246400,8463600,4162200,1836600,1639800,1466600,16636100
2020-10-23,82572600,18879600,233484000,30548000,17535200,8868000,3159600,1899300,15087600,51007400,2110200,11538500,494200,8921200,24558300,8243400,4154400,2349500,30557884,4238700,7309381,1164400,3573000,3919000,69334000,101151000,2278100,4046300,7811500,1816800,1108000,27429100,8727200,15335200,13862100,4466200,3291400,2857300,10024200,2109162,2763100,5864600,820500,5617200,4532000,1057200,1403200,1323700,12879600
2020-10-26,111850700,37111600,336896000,35826000,21322900,15509000,5864100,2337400,12410700,59450200,3249700,15561400,686100,5731500,34034100,11991800,6929500,2408500,33783124,7986300,9122840,1310900,7298000,5763800,118024000,84717600,2537800,5422500,7756400,2310600,2145000,30888700,9710900,11522800,17382400,5054900,3215000,4506600,16151100,2465446,4053900,7596800,1010500,5707600,2711800,1657600,1927400,1252300,15196800
2020-10-27,92276800,36700300,250520000,25902000,16287200,9620000,4285600,1896500,10391700,55009300,3430400,11593300,349800,3780300,49636500,7881800,4890100,2427700,36851529,6705600,12241374,1332000,4518000,5023200,85820000,68059500,1801900,2985700,8027500,2406100,1525400,27100700,14251700,13017800,14749700,7082400,3525700,4857900,15491900,2131867,5753900,14785900,1395700,4834200,2275900,1433200,1797900,1566400,12253000
2020-10-28,143937800,51195600,376520000,45174000,23121800,22331000,4425400,2677300,16389500,81942500,4214600,13622800,645600,7037800,54835900,13941200,8426100,3301400,33857537,11480200,8989954,1673300,7104700,7089600,111766000,76354200,3272900,8618300,12738800,2655700,1908300,42136400,15961900,15274500,18198000,8754600,4911700,5645100,20279800,3430744,11120900,19787500,1375200,7508900,3658800,2449000,2666800,2297200,18720200
2020-10-29,146129200,31432600,320080000,55406000,32368100,15697000,4589000,2125300,14208800,57490400,3581200,10887800,447400,5419500,46184000,14757200,7205400,3279200,27545341,8876700,9314310,1330100,4237600,4858200,131930000,67965900,2477600,4947000,8440000,2157700,1838500,38622800,12292200,15560100,16151800,6106000,4436300,3867200,14554300,3303530,5849600,14994500,1190700,7753100,3424900,1693300,2234200,2239900,19146100
2020-10-30,190272600,36953700,416820000,99878000,47247800,18530000,5741200,3127000,15194500,66453400,3658800,14907400,530400,4736300,34592400,13154600,7364100,3556800,25631067,18089100,11096748,1251900,4433200,5872300,167728000,127533900,3450900,7791600,11400700,3694100,2724100,47885700,17191600,15681700,17496700,4707300,4578900,4373500,15374700,4657260,5240500,14571800,1306200,8790500,3304800,1621300,2273800,2480600,17632800
2020-11-02,122866900,30842200,299652000,44228000,27165700,11757000,3953400,2479000,15011600,59756400,2459600,16337800,462400,3572900,38401200,12719800,7088000,4519000,21430666,10781400,8145475,1656000,5907100,5302700,145148000,87063300,2983200,4740400,8904900,2674300,1646300,40130300,11475500,13762900,18490900,4858500,3732600,4072400,13854600,4454396,3924000,9750800,1435900,9233600,2929900,1551200,1830200,2182600,16086400
2020-11-03,107624400,27512000,272900000,31432000,17961900,15457000,4151400,1758600,17482600,65106200,4545500,13142200,560400,4004300,38427000,12927300,6363000,4043900,21636617,8518800,7693578,1714300,3870100,3859200,97958000,103055100,2615000,3490900,6910400,2545400,2013100,36773000,8608000,12131300,13028200,3683700,3287300,4843600,12249800,3946708,3142200,7740500,1571800,6887900,3512400,1268800,1521500,1595900,10693500
2020-11-04,138235500,42311800,410228000,71342000,35364400,21277000,6505400,4524300,18886500,88845500,3868500,17378000,811700,4545500,47203200,15044200,10263500,10344900,40870536,25849000,14731422,2300100,7421200,6023200,136780000,96429300,3360800,5061800,10509400,3156600,2449800,35410100,10925700,15178400,17689400,6095200,3709000,9081700,11344700,4582035,3530000,8662000,1992600,12128800,2883700,2434000,1958800,2347200,20785700
2020-11-05,126387100,36080100,319028000,39758000,23823600,21783000,8961700,2401000,17837400,74722600,2892800,9444300,714400,4197300,38319700,9876000,8016200,4786500,33926995,8013000,9277210,1526100,5139900,3692600,115786000,85243500,3622000,3940000,6169700,3114900,2255800,30824100,10627700,10316600,15004600,5564100,3211600,4821600,12328300,4864791,3998300,7446700,2031800,8644100,2531900,1877400,1594000,2917800,20156400
2020-11-06,114457900,25231900,383348000,28622000,13891000,13545000,3798600,1956300,12552800,55454500,2475100,6453900,493900,3126300,29502900,6824100,5942500,2994900,23870676,7006900,6945515,1367000,5644100,3924300,92946000,65118000,3916100,2954000,6626100,3498000,1950200,33985600,8366900,10484500,10324200,8823500,3617000,2983000,8995600,3268198,2960000,7849800,1481600,6076100,2380500,1181400,1765200,1725000,11986200
2020-11-09,154515300,44395000,582976000,53440000,25117700,24088000,8777500,3625300,47792400,178378800,6960500,24243300,870000,17261700,102118900,14747800,12351600,4635300,230153864,11028900,11184046,4192000,13990700,11674900,143808000,104499000,7981200,7491700,16225800,5092800,4371300,76879400,24015200,17614500,31835600,10837900,8912800,5969600,49014400,8207047,9453000,19021200,2219500,12864500,4148100,2423600,5949600,3184300,24265900
2020-11-10,138023400,44045100,644068000,43022000,29067700,26784000,6863200,4920300,20539300,77694600,4166500,15502900,758000,7056800,49029100,10791600,7386500,3733200,80091668,12267200,8593914,3377200,5243500,5441400,131820000,90852600,4255600,8014700,10474700,3577900,2662600,49055400,15039700,20650600,19098500,6593300,5192400,3499100,46404300,6241014,3329800,14358600,1852800,8649200,3146100,2717400,5771000,1935000,22051800
2020-11-11,112295000,29440800,404744000,31838000,14957000,15133000,4163400,2634200,14443400,48360900,2680700,9731600,455800,5642700,38309200,14938300,6382400,2048200,58980997,9476500,5741678,1917800,3994000,6191700,87338000,52073100,4126900,6058700,8296500,3336500,1688800,34124500,11640600,17225000,16402100,7126700,4588500,2345500,29907800,3436049,3240200,10124700,1659000,6903300,2704500,1573700,3898000,1841200,12196900
2020-11-12,103162300,21593900,365812000,26474000,12899500,12160000,5607000,2115000,22063000,67912600,3005500,9889500,501700,4941200,34505900,9621300,4710300,2907300,46767877,7646600,7464799,1463800,2816800,3904600,87240000,59565300,4253200,4780400,7058400,2708500,1535900,30933700,8920700,10944500,10762200,4738900,5068000,2185500,20288400,2822048,4070000,8345100,1275700,5901900,3119000,1882600,2968300,1669700,13293300
2020-11-13,81581900,18621100,346312000,29744000,10391200,10997000,5160000,2965600,11847900,52421000,2832100,9919100,664100,4811500,30056100,7519300,5893500,2442100,40175634,6888600,7694206,1160800,3918900,3627100,75124000,59313300,3072100,3986100,5516100,2765800,1274600,29241500,10890300,11997500,9321400,4854100,5655700,2120200,19724500,2498867,2628500,6824200,976700,6235000,1887300,1476400,2470300,1196700,10652800
2020-11-16,91183000,24953300,413776000,25468000,12970400,12100000,5712600,2522200,19858600,57396700,3004700,12201400,607600,5339100,36954800,10664000,6266400,2790100,75530167,8611300,9503474,1737500,4144900,3690500,76174000,80515800,3702100,6116200,9371300,5035600,1691500,38596800,18980200,18701200,23092800,6993000,6020300,3902400,40562800,5197627,4406300,12885000,1927500,7667600,2842900,1433300,2061500,1720900,14289400
2020-11-17,74271000,24154100,312028000,21314000,15040300,11950000,5090700,2407600,14553200,46402300,2722900,9599100,768900,4023200,29490400,16788600,7297700,2557600,46984500,11593500,9509133,1546600,3793000,3589000,68894000,183564900,2443100,7002900,8722300,6299900,3299100,26521100,14329000,14466800,13972500,5393500,5370200,2110800,38299300,3658116,3627800,11134200,1411100,5866300,3178500,1354200,1982600,1947400,11698200
2020-11-18,76322100,28372800,510924000,20108000,12152900,13517000,5880500,2063200,12571200,54416700,2856200,11536700,509000,3264300,44318300,15442400,6661000,2722500,63442700,8880600,8678174,3527800,4545700,4393100,58336000,234132000,3095200,5572800,6039500,13092300,2134600,31068000,10583700,23319600,15408300,5104300,4151000,3165100,65990700,4692060,3393500,13392600,1618400,6501900,2948800,1617400,2012500,1180100,11698800
2020-11-19,74113000,24792700,565936000,20106000,12963700,14555000,8084600,3132700,10202500,46423000,1505200,7220200,471200,3249800,44560000,11022100,7987700,3935600,43261800,7550300,7037110,2093500,3548100,4477800,60206000,187425900,2840500,4642800,4252300,6834900,1768900,26954400,8820200,12504100,11924300,4186700,2673700,2012100,34236100,3462043,3143600,8929000,1700400,7392300,3368600,1636400,2276200,1205300,12663000
2020-11-20,73604300,22843100,341088000,27694000,18114700,16140000,7286100,1849900,12718900,40538000,1848100,7739900,396200,3702300,38469100,6365800,6354900,3702000,60633800,9682500,8415440,1868600,4075300,4380600,67488000,98735700,3932600,4318100,4609700,6652900,1807600,18351000,8294600,12037800,10300900,3497200,2651600,2449800,18230900,2502899,3988100,5833800,1614900,5891000,4213800,1965500,2530300,1345600,14225400
2020-11-23,127959300,25683500,361356000,22530000,20990800,12212000,5383600,2370000,13209200,45421200,3371300,12647400,505400,3022900,40691400,6970600,7318300,2535700,43673100,7541500,9498548,2251300,4105500,3507200,94178000,150780900,3010300,6118400,4803200,5755700,1679600,29367600,13379300,14643900,14791600,6339600,4504300,2403500,28372400,2977590,3770900,7208800,2094900,7634600,3795700,2848400,2537800,1231300,11601400
2020-11-24,113874200,33979700,346500000,27984000,16930400,13455000,5797300,2584900,20121600,80387800,3915200,22357700,652000,6163400,80523400,10115700,11034800,3759700,42485300,9322200,12790840,2832500,7316300,6673800,72042000,160945500,3870900,7204700,6319900,4688400,2061100,46979300,17257400,15439200,20774100,10364300,4207300,3447000,31132000,4300870,5371700,10570500,2345300,6699600,4350900,2635100,2746400,1982100,15481400
2020-11-25,76499200,21012900,259916000,19600000,12467000,11787000,26394900,2634500,11715600,57249900,2272800,11509700,401200,4646600,38875500,9898100,7594600,3145100,26955800,6368100,6023590,2650200,6224100,3266700,75808000,146790600,1889200,4484500,4027100,3780700,2034200,28178200,10556600,15644800,12188700,7565600,3755900,2506400,19254100,2582792,3497700,5374200,3037900,6443100,1959300,2478800,2028700,1172000,10604300
2020-11-27,46691300,14512200,167276000,14790000,7808400,6846000,7395000,1815500,5983600,25971600,1050400,5581500,313400,2447700,20281400,4626600,3059000,1558600,25277000,4418800,5644528,899700,1979000,2082100,47858000,112683300,1394400,3506800,2169700,2371900,1329400,14971900,4627700,4694000,6550900,2187000,1936000,976900,9970200,1521686,2216600,5103400,1072200,3669300,1293800,937400,1273100,1082000,5763700
2020-11-30,169410200,33064800,286952000,32418000,16693300,15454000,18966400,2787000,14411800,63567900,2705400,15610700,888400,3517700,48211000,21664600,15663200,5265700,65425900,20726500,14501910,2557000,5702300,5797300,81278000,189009300,3413600,9652500,5197300,8010000,3733800,45614300,14288400,20248600,21516100,9701300,6423000,2382600,16501900,6860108,4708600,10730800,2342200,13120300,5012200,3547200,3730200,3384300,21839100
2020-12-01,127728200,30904500,296948000,37350000,20738900,18181000,18872000,2531100,12668900,50255100,2577600,15857200,549500,3583400,41924200,12399900,9738200,3817700,72499700,7623500,10166543,3041900,4265200,5035500,90740000,120310500,4224800,3833100,4970000,5034900,2996800,32472900,9913600,12424900,12717300,4337800,4021100,2710200,15754200,4027026,5371500,6544600,2086400,8099500,2947300,2471000,3645700,1802900,14282600
2020-12-02,89004200,23724500,283360000,29424000,17361600,10031000,52225500,2107100,10811300,45257500,2136300,10790700,484100,3271900,35508000,6785000,7745500,2864300,84347500,5492200,7165805,2003400,3444700,5116800,62586000,143327100,6223700,4132700,3377900,3109300,2212800,29369500,10509600,12460200,9741900,9378500,4410700,1971000,25912300,2609954,3853300,5401600,2773200,5128800,2173900,2755100,2791500,2060200,14169900
2020-12-03,78967600,25120900,199520000,24728000,12921700,16120000,21395300,3062700,12904400,54013700,2142600,11757900,604400,4285100,41264600,7579300,7310500,4169200,68570100,4693600,7085109,1488100,3846300,3441400,57840000,127656000,3732500,4930900,6264100,4214600,3976400,27038900,8249800,16215400,12517400,16458000,2732700,2903900,45945100,2948943,2844200,6893900,2079900,7660500,2286100,3702600,4348600,2463800,11937200
2020-12-04,78260400,24666000,202244000,20544000,10880300,20083000,20504800,2749800,13583700,66188200,2373000,10169700,816100,5048600,47168800,7371400,6747100,3255100,35368100,7235800,8651554,1650000,4686800,4077900,58272000,88203900,3151100,4344000,6952700,2935700,2839700,28723600,10791100,12730500,16201300,7008400,4437500,6086200,29378400,3393927,2766200,9297900,1655000,7763800,3172200,3298400,3284300,3030900,10495800
2020-12-07,86712000,24620000,223244000,22288000,13007700,19707000,12864100,3441700,9724300,42197800,1788600,10402100,680600,4253700,31713000,7657100,6634700,2999400,48253700,6532500,8829190,1263500,6928000,3047800,55026000,168929100,3826000,4590800,4514800,3430800,2652900,24899400,9398400,10586100,10067500,5689800,3059500,4587400,33246700,2753401,3117200,4913800,1598400,6752200,2030700,2554500,2264300,1771300,12537500
2020-12-08,82225500,23284100,271920000,19936000,10747700,18121000,12116800,2175700,9592100,33869100,1371800,6386200,598200,3623000,32209500,7494200,8339800,2471200,87039300,6688200,8664969,1433700,6643500,5768100,65726000,192795000,2709400,6953600,3911300,2682200,2685500,32573800,7627300,10575500,8064600,4818500,3050800,2001600,19682000,2442740,3885000,4364900,1303600,8255400,2409300,2607300,2365500,1397500,13421100
2020-12-09,115089200,32440600,401300000,31728000,25189700,20908000,15651800,3449100,13073900,54886300,3552300,10145500,489400,3622800,35276000,5592000,8440100,2600400,86118500,7350700,7168320,2417100,5742400,5574900,82016000,213873600,3010900,4341300,6629900,2853800,2461600,37824800,11129400,10773100,15063300,6915600,3602200,2915500,19043600,3126130,3327300,5329300,1373800,6683700,2998200,3413500,2919200,1450300,14949500
2020-12-10,81312200,26733300,207764000,28688000,20065100,26244000,9258600,3922000,13668400,58859600,2541700,8888000,438600,2818800,31730200,7825300,7392900,2896900,57749200,6285700,7349205,1564300,4828500,3398300,60604000,201249600,2956400,4511000,12939200,2643700,2566300,38058700,11992100,14997800,13977800,5231100,3352600,3109400,16185000,3169419,4708600,7497900,1158900,6204600,3628500,3028100,3828000,1245900,15464400
2020-12-11,86939800,30979400,209264000,18628000,14391400,26664000,8214400,3561300,9981600,40538400,2077300,9034200,488100,2942800,29779100,7629500,5977400,3071700,60737000,5205200,7979158,1192500,4719000,3843400,61294000,139425000,2770800,4172400,6262600,2676500,3483900,25478800,9584500,14242300,14589200,3929300,2557000,2673400,17311800,3311063,4777500,7185900,1403600,6022500,3225100,2893400,3177200,1328900,13673000
2020-12-14,79184500,28798400,270156000,33050000,16376900,26116000,8508500,3945200,12112400,40267100,1927800,10236600,658500,5336300,28378000,7981000,8547300,2479000,94809700,8272700,13139300,1745400,6250000,5414700,83116000,156121800,4745000,7599000,5156200,4016400,2778400,30595000,12198400,17094500,11809700,3937200,2816400,2533600,19231200,3549363,3388700,10849300,972900,5759900,3684200,2501500,2769800,1814300,15706500
2020-12-15,157243700,27000600,193016000,21352000,23979500,21207000,10766800,2558600,12590200,43672700,2348000,9718800,617300,4528900,38866200,7674600,7612600,2616500,65712800,12101000,10087838,1129100,5256600,7534000,66390000,135214500,3798200,7637000,5195200,3487900,2133900,27138400,11775300,9853600,12686700,4081000,3028500,2360300,18993700,2655153,2555300,7769000,2051100,6859400,4059600,2181200,3010100,1365800,15876000
2020-12-16,98208600,35023300,223116000,24676000,15885000,23160000,8821400,2555600,11169400,42463200,2400900,8806400,849400,2943700,35204800,7448000,8486100,2365600,56515300,9182100,9487649,2058300,4458700,3356600,88552000,126287400,2682000,6573400,6409300,2193700,2385100,34273000,9892900,9311000,11062700,3417500,3395200,2031800,17858400,3108836,3421600,5621100,1210700,7787700,4057900,2347600,2896500,1355000,17165900
2020-12-17,94359800,32515800,231384000,34880000,16377800,17152000,9946900,2178400,11618000,43182700,2983600,7197500,832200,3746700,42870500,7291000,9920300,2525700,52036400,6360600,11710038,1765800,3924300,2944600,69486000,168810300,2558800,8727000,4535700,3495300,2314200,21204600,11748900,9294200,8481200,4054000,3162500,2296500,17465600,2279346,4386900,5769900,1525000,9384200,4309900,2484400,3842600,1538600,12095500
2020-12-18,192541500,63354900,342064000,85256000,26693200,45243000,11845400,4667400,28954800,82817200,4088100,15499800,1610700,8394100,53716400,16739600,17137200,8742700,60259200,13906800,33161759,3379600,10669800,10211600,119914000,666378600,7929100,17970800,10215000,6715800,4140000,46596800,27427600,20819300,20038600,9911100,8457000,5262700,19092800,7094058,8581300,16809800,3274100,13298300,7342800,4538000,7273900,3525700,31909400
2020-12-21,121251600,37181900,302332000,33974000,16553700,19096000,9219000,2412900,28323600,93397400,7408500,14787800,631800,4528300,52731600,7605400,7893400,2892700,40891800,6664600,11140764,1282200,4544000,4308600,76736000,174135900,4342500,16111300,7175900,4077400,2329700,27869500,11430500,10998100,10778300,5317800,3479200,2071000,18726500,2618018,3180000,8351700,2147000,7251400,4682100,1963400,3483400,1716200,18567500
2020-12-22,168904800,22612200,185580000,20370000,17312900,17929000,10339600,1701500,11788200,39054300,3599800,9807000,596900,3632300,25655900,5444100,4699500,2069700,33634400,4002900,9052414,1043900,3426400,3953300,47388000,155148000,2772800,6339400,4302700,3103200,2105500,21792900,8585800,9189600,17182900,5033400,3573900,2493300,13280000,2142796,2489200,4028200,1531700,5335300,2831600,1845600,2425000,1162300,12951500
2020-12-23,88223700,18699600,179144000,22974000,14329000,10533000,7090500,1428300,14973200,52537200,3376100,8772500,752600,2725200,38383700,4254100,4607300,2348100,36182000,3659100,6056078,1241000,3149500,2373400,41876000,99519000,1658800,3388300,3817300,4753000,1782100,19085900,7223100,6137600,9474500,3660400,2988100,1862500,10869000,2171549,2553800,4312900,938600,4626400,1956500,1553400,2218400,1036700,14012100
2020-12-24,54930100,10550600,97884000,9312000,6702000,4123000,6146300,589200,4164900,22632300,968100,3126700,173300,707000,14443700,1633100,2114900,1360600,14790100,1378600,2957456,442100,1451500,1025200,29038000,68596800,1047700,1821900,1949200,1941200,972500,8039000,3335600,3530300,3664900,2128500,1295200,585700,6398500,800949,1006100,1758600,289900,1387500,733500,705700,714000,276400,7751100
2020-12-28,124486200,17933500,212564000,27650000,23299700,10625000,6422500,1515400,8072600,32861200,2793400,7417100,272300,1878700,21658500,4635000,3855500,2308200,26993700,3948900,4804242,736500,2034200,2286400,113736000,96835800,2550100,4081500,5055200,2442000,3207700,23877500,8051900,6178200,6461100,2594800,2442000,1508800,9090600,1820358,1861700,2938000,691900,3753700,1473400,1842500,1327200,1257000,15355600
2020-12-29,121047300,17403200,170372000,19726000,16383000,9593000,6122400,1434100,8389200,33291900,1430900,4701300,318400,1860400,19584400,3421500,5212000,2275700,23152100,5096400,5708037,803200,2834400,2717600,97458000,68732400,1665700,3232400,4780900,2359700,2072600,20287700,7670800,7003100,7140300,2027800,3847500,1490300,14593800,1620784,2864600,3670100,892800,3774900,2044400,1283000,1512500,881100,15686100
2020-12-30,96452100,20272300,225396000,21026000,11803800,10553000,4724000,1529900,7398000,26370100,1566500,5283200,355300,1954200,18519300,3971500,5412800,1866000,24889800,5328400,5933357,714800,2415800,2055200,64186000,128538000,1855000,3052100,3654100,1935200,1778000,23807300,7901800,6268900,7077100,2324000,2906000,2720600,10812600,1699828,3107100,5015500,792800,3804800,1838700,1361300,1568000,924900,18259800
2020-12-31,99116600,20942100,192424000,21070000,12900400,10211000,6011100,1462100,8580200,28716000,2043100,5297400,361500,1747800,21081200,4085100,5099900,1969000,30796500,6148100,5511118,967200,2982200,2544100,59144000,148949700,2610900,2949900,3566300,2571300,1628900,22786500,8350700,7612500,7844300,2407800,2003500,1717800,10487600,1492190,2349400,4177000,805300,4119400,1638800,1669300,1569300,909300,12906300
2021-01-04,143301900,37130100,560640000,37324000,15106100,24171000,10319900,3612900,16819900,51483900,3572000,14014600,623600,3472100,31421600,8650000,11765900,4203800,33565700,9523400,10502637,2220400,6192000,4579200,88228000,145914600,4055400,6178500,8041500,3463100,3322200,27764700,9234900,8597600,8743400,4406500,2714200,4078300,21225600,2470963,4304000,7660500,2800000,9388400,2683700,2786400,4454200,1741300,19129800
2021-01-05,97664900,23823000,322760000,20360000,9871600,15069000,8657200,2010100,13731200,48507000,4207100,11120400,431400,2112700,37360000,7995700,9602300,3160500,29909400,6823800,10956526,2046700,4322800,3395200,53110000,96735600,2576100,4163100,5721900,4843300,2748400,44035100,13414800,12393600,16256600,5624100,3907000,2933700,19338300,2304598,3967000,6436800,1829200,7339800,2547400,2481600,3844400,1620000,16220000
2021-01-06,155088000,35930700,580424000,46588000,24354100,17226000,9789800,4156600,24909100,107002800,6383500,18334300,730700,5861500,73507500,16551800,8230100,6561400,34962500,11017500,10521396,2112300,5539600,4493900,87896000,134100000,3083400,6072900,5017200,5610100,2661400,36484800,13916800,11035300,19456300,6350800,5097800,8034700,16202200,2915522,5061400,8753800,2778300,12155700,2823000,3230900,4786400,2586600,22678500
2021-01-07,109578200,27694500,461480000,41936000,15789800,21267000,8443100,2901200,21940400,74358500,4009700,13530400,656000,8696600,50634100,10949600,7747200,3366700,27809500,8196000,10447931,2144400,5568800,3908900,70290000,154496700,3142000,5256900,5057000,4226700,2849500,29528100,9286600,9648200,14502400,5715300,2568200,5297500,14474100,2182795,6024300,8771400,2227300,8816000,2989500,2933800,3187800,1757800,19079900
2021-01-08,105158200,22956200,292528000,35484000,18528300,15271000,7301700,2266100,12035100,44641400,2800800,12896700,622900,2934500,32324700,9165300,8228900,2947800,33462400,5345900,9563105,2221700,4242200,3529900,70754000,225166500,2639100,3950500,5869700,3321500,2599700,28628200,11152100,9448700,11951900,5804100,2683600,3186600,14144000,3478913,4844800,5158100,1781000,8376200,2752100,2310400,2199700,1879300,28411600
2021-01-11,100384500,23031300,518344000,34796000,30412300,11660000,7199000,2382400,15937900,51868200,2649700,9077500,614400,3311000,33739300,8766100,7066200,2695100,47286900,6334200,13488179,1669600,3177400,3712700,73668000,177904800,2545400,4252000,4257400,7219100,2562500,38246200,10635000,10839600,16877000,5665600,4944300,2540800,16770300,3118173,6127800,4569000,1303700,7064300,2193700,2284700,2268300,1913200,15688000
2021-01-12,91951100,23249300,291476000,29528000,26383500,13846000,10736000,2964900,18033500,68166200,4814400,11831100,675900,2671300,59146400,12194500,6903200,2372500,47831100,6106900,10128606,2039000,5777100,3213100,70292000,138812100,2952000,3678800,4332600,3866700,2387600,36915100,10923900,13013700,20803200,5489300,2648600,2466100,12836200,2651227,4612100,5356200,1952300,7669300,2860700,2468900,2475000,1785200,22699300
2021-01-13,88636800,20087100,210028000,23432000,19528900,13118000,6839200,2105900,14816800,43172800,2413800,9852200,848600,3678300,35734800,17171700,6643100,1974500,31027900,9821300,10093812,1410200,6047100,4070900,66424000,99937500,2069800,3330100,4804500,4098200,1968800,29000300,9723300,11839900,11276800,3792200,2520600,3154700,8570500,2275951,2643000,7032600,1203800,8542600,3592500,2314800,2621000,1518800,16985400
2021-01-14,90221800,29480800,283120000,29212000,29739400,19692000,6548000,3508300,18565600,48483500,3192200,9854300,1642900,3404700,55856900,9165800,10030800,2919900,30272000,8268800,11366398,1426700,4391000,4281600,61418000,93798900,3666700,4104000,4528300,3321200,2363900,35474800,13950200,12857900,10285800,3732300,3028700,2486600,12446800,3884852,2625000,9712500,1370800,8899000,3097300,3735000,3269700,1903400,18341100
2021-01-15,111598500,31746500,277780000,31444000,24942900,18165000,8525600,3200400,27881000,57684300,3863700,12882600,1174500,3948200,91993100,9952400,7630800,3777000,34287800,9196200,10203538,1892600,4480100,5659500,84880000,116332800,3593700,6412400,5522900,4289900,2340400,42411300,10244600,30004600,13449000,4933100,3413700,3317100,11103300,4124638,4816300,6980800,1766300,10561600,2914600,2404700,2735200,1955300,15785300
2021-01-19,90757300,30480900,226188000,41660000,28028500,18819000,7753800,4419200,19843800,78130200,6727800,14897700,852400,5818500,43806800,8277200,9057600,3361300,33451300,7723800,8467316,1758700,6820300,4508500,66102000,76101000,3331600,6537800,6519600,5347800,4533800,24932600,9574800,14498800,21249400,2966700,2976200,2361200,11947200,2818334,4537400,7381800,1509600,8142700,2486200,2536400,2540600,1643100,18821300
2021-01-20,104319500,37777300,258572000,64152000,25199900,14710000,9857700,3859000,16028800,53920000,4792600,16133000,747600,4090200,29949800,9798200,6839900,3036800,35400100,6554600,11097901,1257100,2952100,4062500,106196000,76997700,4077700,4654400,5844300,3443200,2767200,22342400,8735400,21178000,10571800,2280700,2566800,2501100,9727000,2601996,3029800,4657700,1327500,8576800,2331300,2399000,2980100,1773300,19923100
2021-01-21,120150900,30709400,337780000,58634000,20838700,15749000,6785900,2768700,13411700,49626600,2516000,13591300,639600,3654900,28240600,6367000,6818000,3749800,33829700,5417000,9043716,1514200,5028100,3806000,98722000,61563300,2674900,4011200,5731500,4585100,2121600,29044500,10393100,16897000,21086200,8526200,2698600,1951200,11091300,2870111,2002800,7366800,1931000,9268600,2254700,1736700,2376200,1559800,13601500
2021-01-22,114459400,30172700,246820000,32744000,21954000,16248000,10186100,2534300,12933200,45314500,2568800,15460000,565700,2954800,24476100,5472400,8137000,2585100,26271200,5185500,9436926,1936600,4163900,3028300,56438000,60199500,2196400,4150500,5231600,3257100,1960300,23264800,7810600,9535400,13559500,5481100,2563600,2027000,7514600,3716365,3131600,4558100,1429900,6371800,1917500,2113900,3065200,1582000,16364500
2021-01-25,157611700,33152100,251112000,50586000,19087000,14692000,8213500,2697400,14212800,48078400,4575000,15933100,806400,6156700,28515500,7888800,9924400,2506300,31728500,6928200,9957677,1509700,4689300,3287600,74996000,123520200,2615300,5998700,5009000,3423900,2735900,26395800,7689400,10739700,15541000,4902800,3003600,3837100,14276200,5026700,3938100,10514000,1539600,13215600,3469200,2401800,2965700,1990700,22444300
2021-01-26,98390600,49169600,163980000,31462000,19373600,10742000,5021000,2363100,11307800,36373000,3296800,10899700,827900,8932500,28026500,6786900,14205700,2467500,27718700,5554600,7748283,1006300,4142400,3371600,59104000,69394800,2907800,5312300,7195300,3463600,1807000,23976800,7827800,7616300,20225800,3702400,2056800,2506000,11011800,2336216,2962400,13322200,1364200,12476900,2261500,2838700,4360400,1544600,37892700
2021-01-27,140843800,69870600,371272000,82512000,35346200,21857000,7641100,3586400,17603900,63809200,3891800,17002600,1104400,5816900,45074900,10579800,14207300,4770900,50561200,11887900,16230376,2504600,9104900,6894600,93204000,82002000,5464000,7815900,18139500,6985900,3120800,32410300,10178500,8841600,17044000,7499600,3080400,4095300,20948500,4359225,2821500,12377000,1769900,16893300,3002300,2763100,2884400,2681600,37239000
2021-01-28,142621100,49111200,228316000,55278000,37758800,16946000,7246000,3000700,13761800,51223300,3778700,14986200,822400,5788500,28770200,11278600,8944400,2769900,39466700,8534300,12972039,1619700,11296300,4236900,62984000,79134000,5401600,6244600,8868200,3965200,2251100,24967200,8155500,10283300,12418200,7417500,2654500,3445400,10403200,3959334,2565100,8753200,1504200,8541300,2001000,2685600,2371600,2110400,24000800
2021-01-29,177523800,42503100,271552000,44530000,30389500,22069000,6473000,3061100,14808100,64019100,3412000,17566100,801100,5059300,39500800,17772200,22505900,3899200,60251900,9380400,10671470,2586400,10995100,7315100,85872000,104972400,5203300,7166100,8203000,3612300,2598700,38961100,14699800,11660400,15573600,6691300,5732800,4541400,13683700,4917841,5007900,15649100,1734300,13189700,4967400,2701200,3090900,1647300,26231200
2021-02-01,106239800,33314200,217204000,40252000,22914300,17027000,5696700,2554800,11080700,40985300,2324100,11961600,483100,3359800,23713400,8601100,9971400,3020200,40395800,7518200,8224599,2083100,8337100,5905500,83204000,76174200,2812500,4366800,7206300,2637300,2371200,24412400,8073600,9229400,10081500,4710300,2968800,2738200,9061900,3065229,4783000,5994000,1163400,5589500,2570900,2172100,2982300,1629200,20541100
2021-02-02,83305400,25916300,220440000,66332000,17320800,16141000,7134900,3022000,12253600,53527000,5195500,13893900,879300,4036700,25302900,8720500,11443300,2663700,84062400,10481300,9866710,1502000,7277000,3865900,141972000,73038600,2786000,7132800,6917700,2920500,1905000,31940400,9233100,8834000,11058000,6255100,2324900,5265400,11130600,2936636,10758300,8710600,1637100,6645400,2240700,2045200,2148700,1526000,18974500
2021-02-03,89880900,27158100,245408000,97882000,14223400,17857000,5357600,2146900,10600800,49404900,2712800,8014300,685300,2782500,28507800,10230400,8601900,2537100,38524200,12101900,10034810,1704900,4991900,4602900,141776000,55030500,3020700,4678600,3934800,2135400,1759800,28459300,9256500,11133600,15843700,5047600,2598900,2979000,11836900,2026616,4559200,8370000,1185300,5971200,2577200,2503000,2440100,2365700,13909300
2021-02-04,84183100,25296100,201340000,48596000,16060000,15243000,4770700,2005100,12419500,51751900,2994700,8889400,636400,3915900,30825400,7890900,7758100,5962200,34284900,9077800,18867563,2921900,4377900,5903500,73414000,47438100,2777500,4533700,6926800,2309500,3411600,25280300,7917600,11372300,12894700,5451900,1997000,2253800,11869900,2411971,2811100,9024300,1459000,6398400,2375800,1934100,2698000,2712300,14761700
2021-02-05,75693800,18054800,169152000,29866000,12454400,12488000,5020000,1675000,10051300,42008800,2938100,8832200,474900,3184200,24908100,7994500,9495300,7227900,31749600,7251000,13901825,1678600,5803400,4147800,72416000,55699800,2600200,6151500,8072100,2218900,2165600,34980100,8017300,9543400,11370200,4029000,2466500,2240000,9546100,1982054,2560300,7952700,1228100,5745800,2465900,1609300,1704900,2806400,12069500
2021-02-08,71297200,22211900,434624000,28828000,13755200,17610000,4336400,1727000,10136400,46014100,2826200,9018100,532900,3360900,29223800,5377100,6035300,4758200,31633900,9199100,16718534,1418800,3456000,4780300,65148000,60485100,2696200,6304300,4836600,3076400,2520700,36998700,9886600,12181600,11496300,4079300,2678800,2725700,11182100,2202318,2242200,4964300,962300,6792300,2087100,1775200,1754000,1770400,17887700
2021-02-09,76774200,23565000,287560000,21892000,14613400,12758000,5157200,1571500,8614800,35868600,2071700,7429900,451000,2175000,23539800,5541200,5544200,4096900,30170200,5506900,13484616,1452500,3424500,3624000,44070000,45473100,3047300,3436300,4095200,2868600,2154000,28977000,7605500,8990300,10799800,3039600,2644900,2331600,13615700,1903434,3073600,6263000,1066500,5008900,1932900,1263200,1328500,1389500,19605600
2021-02-10,73046600,22186700,485352000,25102000,14687200,14587000,5535600,1764500,10323200,45031900,3213700,7465900,663100,2929100,22687000,7549100,5921300,4122700,29039900,7446000,11721566,1677800,4195400,3424000,63032000,108648300,3161600,4125700,4293200,2713500,2162400,25723800,8778800,10853200,11602000,4959100,2231600,2816400,11510700,2010171,2943700,3930200,1070000,6200800,2356700,1539000,1633500,1585200,16232800
2021-02-11,64280000,15751100,450828000,20480000,12828600,17123000,6091600,1609800,9201000,29479900,2159900,6972900,803900,3733000,22393200,6040300,4871300,2776700,30885200,5090100,8780982,1027100,3697400,3892800,46028000,64868400,2583600,3828700,2976000,1862300,2088400,26972200,8572400,8939100,9773300,2973000,2308000,2178200,7140200,1813249,3188400,4535800,995400,4417200,3633400,1412200,1372400,1204000,17398800
2021-02-12,60145100,16561100,374756000,18990000,9097600,13551000,4314400,1450600,8324600,37468300,1977300,7281200,862800,2873300,34473100,8138100,4413100,2760800,25578600,3738400,6738116,1762800,3658700,3005400,46706000,71304900,2781200,3637000,3169800,1821500,2096600,19756700,7858300,8805400,9063400,3317600,1954700,1804200,6010800,2111708,2563800,4207500,1721600,5787200,2742400,1632200,1393000,1478200,18357300
2021-02-16,80576300,26728500,321960000,31004000,15417200,15163000,10837600,1845900,12130600,52802600,2792200,8550600,571400,2730600,36468200,11008900,5656100,4339000,28730300,5637300,9734453,1467300,5174000,5417900,51494000,59406900,2892900,4873400,4928100,2500300,1829000,28060100,14006000,11066700,14337900,4921900,2763700,3722700,10171100,2422687,2867700,6110200,3099600,8312600,2931600,1444400,3141000,2248900,22095700
2021-02-17,97918500,21653500,274756000,20294000,12763200,14084000,5879200,2112000,10810100,45455300,2333100,7807200,567100,3088800,80157700,8785800,6676700,2620000,26389400,6940400,13876463,1006500,3161800,3299400,65950000,77989500,3280000,6437100,5733800,3459300,2143000,25509700,14342300,9055700,11554300,2956500,2135800,2290400,9276000,3087722,2845400,5186900,1999600,8598300,3772600,1234800,2005700,1653200,40531300
2021-02-18,96856700,16925600,233868000,22546000,15249100,16715000,4152800,1803200,10587800,37541700,2093300,7155800,1078700,2269700,43334700,6157700,5189100,2383500,24052500,5386600,10004627,1465800,5427900,6044600,60548000,53871300,2191000,4486800,4098700,2983500,1914900,20627600,9030600,8382200,11173100,3691400,2075000,2345800,9121300,1872559,3595900,4903800,3110900,5378900,3658400,1131600,1947100,2168500,20759900
2021-02-19,87668800,25262600,271724000,37938000,25622600,17992000,4647700,2720700,11969800,54514100,2749500,7685300,804200,3419500,39023000,8421300,8190900,2313800,28145300,6702400,12388198,1918000,6204200,10331500,86104000,56874900,3181600,7486000,4128900,3120100,1839400,22607200,8913900,8502500,10063700,3291100,3401800,4937300,12415300,2582898,3081700,6275900,4870100,9660900,3537300,2034300,1999900,1962400,18689400
2021-02-22,103916400,36446900,325884000,29466000,17434900,16967000,5055000,2510500,11488400,56783400,3162300,11193700,829900,3923100,34690000,8049400,6447100,2688300,34322500,10272500,8612464,2127200,4842000,5808400,70314000,111809100,2910800,8985900,5211800,2152600,2215600,36435100,13178700,12331000,13964700,4639400,3213900,4578300,21413700,2339823,3894800,10506900,2312500,13190300,2981400,1774400,2386200,2034700,17854900
2021-02-23,158273000,30228700,391780000,34658000,21924600,21303000,8641600,4164300,16234400,67440700,2942500,12174600,926300,4814400,36792500,8613200,7042800,3225700,37624200,7058600,10900458,2055400,5565900,5961400,93544000,199820700,3243000,10364100,8740300,2828100,3692600,33527900,14874000,10796500,13549000,4236500,2557200,4125100,15996700,2609317,4385800,11686700,2222700,12719000,2640200,1731600,2213400,3013500,21062000
2021-02-24,111039900,26339700,448320000,22608000,15736100,15125000,6128300,3390600,15061400,58139500,3934400,12681500,583200,4099500,42764300,11535200,10286100,3360500,30686100,7626200,9838834,2426700,4127400,6461900,60226000,110301000,2887100,6360900,7542700,3738400,3305800,28728600,16116000,12286600,21674000,6106600,3540700,4925000,30709300,3545332,2963400,11159300,1941300,12302200,2886400,1696400,3137100,2155900,17136900
2021-02-25,148199500,39542200,824436000,41548000,19053100,23148000,8828900,3252500,18127700,74762000,4244000,11674600,591000,3607500,37233100,10584100,9719700,2780100,37506100,6237600,10906955,2147900,3468900,4207900,90676000,117071700,3131400,5674300,7534000,4355600,3618100,29670900,13219200,12864500,20387400,5983200,2767000,4313000,19283000,2901835,2617100,9483300,2883000,11747100,3423000,2912200,3636400,2104700,24165300
2021-02-26,164560400,37819200,500932000,40042000,26619500,22640000,20372900,3154500,19829200,70933300,3732200,30392200,768500,3654800,39468000,9543600,14417500,5430000,41462800,9250000,17644862,2153100,5197500,5225200,85518000,123267600,5334000,6650200,15122900,4340400,3362200,35291000,14454100,13234100,22478700,9258000,4790700,4461300,12838400,3889308,3492800,8000700,2537800,12583200,3877300,3211200,5937400,2599300,23935200
2021-03-01,116307900,25324000,353184000,26060000,22157300,24677000,14027700,2358600,14845500,45901700,2957800,11450000,652800,2972100,28066100,5863700,10551400,4198900,30407800,4709500,12594864,1309000,3858600,4613400,54582000,81408600,2827500,5717800,7930300,3683500,4653200,36998300,10439900,7182500,17121600,4853300,2227400,2871200,18735400,2690696,3271500,10910500,2098800,12272600,2828000,2733600,3055100,1517300,20550400
2021-03-02,102260900,22812500,264116000,25564000,15191700,18546000,10211500,2211000,14221700,41167400,2850300,11955500,455100,2929100,19701200,6079400,7610900,2568900,27670400,5487000,16047290,1718700,4908100,3688200,51916000,71196600,3016600,5292700,5016800,22090500,4660100,30302600,10643500,7741100,13582700,3593100,2354100,2854300,11114400,2652712,2653600,5792300,1882000,8738500,2427600,2978700,4855300,1671200,17184600
2021-03-03,112966300,34029500,377592000,33892000,15513500,23991000,11459000,2808100,14324100,66047000,3606300,13053000,703000,4393700,35365100,8831100,8499600,3039700,46020200,7218700,13939972,2001100,5239500,4564100,79774000,90624000,3488600,4888400,5313400,8285300,4064200,35358900,14958200,8007500,20695600,4772200,2352400,2664000,30426000,2871490,2635100,5960700,1929100,11748900,2724700,3269600,3362400,1782800,22838700
2021-03-04,178155000,44727800,573344000,49216000,31626500,34575000,12800500,4486400,20093900,96512800,3647600,15809900,915400,4461700,42932500,11204300,11033200,4991600,45449600,7503700,15975188,2508900,6699600,5052300,109632000,197758500,3926200,7181500,7211800,7111700,5501200,52137500,22994200,15181000,21586700,7351600,2829300,3568400,26645100,2969527,3710400,8284200,2499400,11998700,4197300,3212000,3403500,2369400,23692000
2021-03-05,153766600,41872800,542840000,53100000,26820100,42414000,11406000,4615000,18465100,74292300,3740200,16362500,698500,5048300,34558300,10204000,8331600,4563100,30589900,7277800,12241164,2749200,4859500,4636100,107772000,268189500,3608100,5957100,5559900,6008100,8102800,51429800,23638200,18699600,26809000,6638200,3367100,3602300,20026600,3032126,3671700,6661900,1979700,15509900,3788000,3455700,3552800,2136300,23598100
2021-03-08,154376600,35267400,543112000,36868000,18391800,45243000,9576400,3885100,17133300,65335500,2998000,10151900,649800,4283400,38255200,8663200,6546700,3419900,24352300,6049400,15391347,1572100,3931600,3873900,83700000,155361000,3157100,4983000,5119500,4558600,4873500,38154600,18033600,11283400,14971200,6850200,2892300,3048700,13836800,3412070,3176400,7232100,1764200,12479400,3740800,3155400,3633200,2450500,23648800
2021-03-09,129525800,33080500,521824000,33920000,22039700,37884000,9732200,3926400,16238800,63946000,3324800,11588700,959700,5806100,35854100,9761700,7461300,4277600,25167100,6857500,14189920,2863300,5176100,4025400,80600000,202569900,3646700,5977800,5510900,3752400,5426800,35645900,19010700,10193200,20585200,5738400,3497500,2902400,21001200,2804541,2551000,6558300,1456800,9363700,3228200,2988300,3361900,2812100,20956400
2021-03-10,111943300,29746800,384376000,27100000,14210300,19914000,7186400,2747300,14342200,53365600,3153100,10775800,823300,3049800,38437200,8930500,6635600,3012300,33501800,5762600,12827310,2759800,7640200,4475200,60250000,181817100,3447200,4519600,6077000,3314800,4523500,31579100,17389900,12002400,18685600,3712100,2554600,2435800,27753400,4596783,2511700,6776600,1403200,8247200,4227800,3080500,2705900,2192800,18848600
2021-03-11,103026500,29907600,299916000,27702000,21834000,26170000,6431000,2762200,11771500,45834000,2756600,8951500,751600,3147700,30598700,9233600,6305600,2520500,24557900,4671400,13205324,2617100,4915700,3654700,55528000,108761700,3618000,5696500,4670700,3045200,4338900,24802600,10989500,9328100,13239500,4167900,2667700,2960000,30139200,3140242,2906700,6314900,1675700,6602500,3565200,3737300,2354000,1567200,30312900
2021-03-12,88105100,22653700,243964000,33818000,20600200,18906000,6114600,2183100,12849500,46069600,2436700,8691300,528700,2420100,28754000,5643300,5474800,2088700,16342400,5341200,11493940,1577300,3714000,3063400,48438000,100751400,2818200,4143200,3356000,2441900,3182100,20422700,10930300,6758400,12829500,2958300,1864100,4756500,35264300,1951391,1914800,6075900,1941500,6113100,3462300,2251900,2660600,1139100,22002400
2021-03-15,92403800,26034900,221988000,26168000,16844800,31241000,5733700,2508400,12101100,50131600,2276200,9018400,526800,2586300,25892200,6855700,5524100,2343400,21896100,6642200,17999295,1701800,4651800,3886200,58272000,88006800,5479700,5413900,7107300,3453100,3243000,31243600,10488000,9825200,7888000,2602400,2200800,4215300,34816700,2717221,4535900,7848900,2004400,7129200,4261000,1849100,2979200,1680400,18970600
2021-03-16,115227900,28092200,272128000,31900000,22437700,31190000,5311000,2618800,12805600,50300400,2332600,9472000,562200,4031000,24668300,5632400,6369100,2904200,25022400,5570200,15697887,2402400,3870500,3590500,50776000,96587100,3583400,5623000,11376200,3437300,3066700,30624800,11698400,9399900,11347200,5399900,3064000,3539200,28785800,2734940,2397800,5941500,2047000,6512700,3140100,1929700,3374100,1599500,19044700
2021-03-17,111932600,29562100,243864000,26382000,21315000,23754000,5805100,2502700,13952400,63796000,2710900,8049300,463600,3278500,33537000,6881500,6001400,2633100,42540100,19445600,17533878,1876300,3797200,4398400,62372000,121117500,5240600,5134400,10128400,2929300,2672400,25575500,9168600,9461700,11302800,3816900,2490300,3518500,23785500,2896742,3644100,6685900,1753000,10343300,4138400,2265500,4000200,1670400,17867000
2021-03-18,121229700,34833000,293896000,31700000,18728300,28728000,5580100,2931200,21898500,95439700,3713000,10227400,640100,3173600,57420600,7417000,4801800,3311600,24729800,8675100,14274179,2126800,4253000,4269700,72992000,99674400,3254600,10188400,7813400,2859300,2736900,38622800,13246600,12297200,14585300,4406400,3516700,4336200,24595500,4555828,2964900,6093500,2753100,14198800,3471800,2485200,3069700,1941900,19970700
2021-03-19,185549500,46430700,299208000,46072000,38930500,108602000,7088400,3923800,54418800,106252700,3513000,11557600,1452200,5098300,60291800,10670300,14891500,8572900,48348900,10899100,58225203,2693100,11275200,9590600,92508000,128682000,7719400,24980400,21452000,7745200,4859300,84439400,18491000,26925500,22577500,8384500,5098200,7485100,17330800,10727559,14934200,15023800,3042100,22806700,11280800,4789700,4555300,3845200,39055000
2021-03-22,111912300,30127000,297804000,33536000,28273100,31805000,5002500,2944300,19944800,54701300,2094500,7169900,524700,2274100,32206000,5138800,7544100,3505200,25427500,7627200,11352879,1431800,5173100,4879100,58044000,118536600,4220700,7537300,7605100,3952200,4064900,29315100,12508500,11003000,19700200,2942000,2946100,2211600,15230000,3508197,3893900,7457100,1398500,10057700,4107800,1917700,2652100,1347400,20656600
2021-03-23,95467100,31638400,222048000,28510000,23000900,24712000,4578000,5317000,17076300,49838000,2457500,10235500,556700,4905400,32494400,6259600,7178300,3100100,27970500,6111600,11651245,1156400,3788500,6830800,76346000,91475700,2794000,5582600,5657800,2920200,3641200,33493300,14781700,11853800,14459000,7079700,3348500,4017600,21358200,2030542,2920800,8285400,2911200,10723800,3852900,1771200,3609500,1539600,20084100
2021-03-24,88530500,25620100,245840000,25218000,18675000,20882000,4617700,5214100,13079800,43896800,3332200,8459000,544700,2638900,24201700,5796700,6370100,3407800,22883400,9420100,9135416,1547700,6521300,4206200,59180000,101385600,2442500,8157600,5731300,2489700,3006400,29781800,11026800,9671100,13642400,5032500,3417400,4258000,24055100,2718388,2285300,7722600,1860600,14537400,3024300,2440800,2772700,1482100,14819800
2021-03-25,98844700,34061900,295144000,35616000,24505600,17537000,7977200,3201500,15608300,47517900,2804700,11363800,462800,2766400,28773000,6220600,6269800,3021500,24875300,6281500,10700918,1680700,5320100,3944400,71270000,117674700,3249600,18475800,8149000,3444700,4307100,31495900,11138200,9275200,14595800,4176000,2613300,2901800,27553600,2352768,2944500,6359100,1970600,6823600,2622900,1859600,1745600,1847900,18047400
2021-03-26,94071200,25479900,363968000,27978000,17629200,28925000,7333200,3615900,16754400,66846000,3082600,11107400,803700,2687500,29156100,6082100,7619200,2959800,27944500,6596900,10389767,1750900,4857000,5802900,66258000,101558400,3263100,10010500,6167600,6046100,3061200,34226500,9820200,8723100,11722600,4425300,2370000,3040100,17157100,2694940,3135500,6193900,1586100,10106000,6036000,2705200,2381800,2235600,19632700
2021-03-29,80819200,25227500,273520000,26492000,21718800,28410000,5686900,3141900,17570300,45680000,4533200,21931700,581700,2220600,38426900,8113500,8535100,2740400,27004800,5472700,11448562,1926900,4810100,4285400,54920000,85911000,3621300,7153900,5167100,3231800,3012000,21144400,7542300,7901000,11397400,3264000,1880600,3003200,22198800,3250798,2702600,7136700,1413400,8644500,4941200,2211800,2928400,2449600,18577300
2021-03-30,85671900,24792000,200204000,27312000,17474500,27935000,4717900,2436300,13184300,56705900,2717300,12063000,598800,2034500,36134200,6300200,7236300,3066000,26303300,5354100,10123366,1448200,5054400,4489600,46752000,118297200,2419000,6026600,4552900,2810800,2602400,20303400,6284600,7910200,11439700,2614300,1960600,3139100,12577300,2597434,2401100,5540000,1278200,5964600,3275100,1657000,2316900,1364100,13239700
2021-03-31,118323800,43623500,314776000,42570000,19498200,28684000,6838000,3155900,16736700,49270000,2624500,12085500,638100,2957300,25832800,7536100,8281500,3356500,26582700,9048000,13598219,1563600,5792800,5711800,61878000,100011900,3564100,6878900,6478400,3556600,2832200,23686500,8954400,9293100,11046300,3458300,2665200,4512300,14138500,2599450,3688400,6003300,2053300,9430500,3480700,2143200,4922800,2218400,19531700
2021-04-01,75089100,30338000,308276000,39880000,17616000,23528000,7763500,2664700,16561500,65587000,2659000,13195600,549200,2629200,22706900,5796900,7229700,2977700,21319900,5091700,9121373,993200,4015100,6020900,58806000,105895200,2441200,5720600,5793000,2730200,2938600,23194500,8515800,10165000,10463300,5864000,2732900,3787100,10934500,2238286,3615000,6166200,1561900,6548900,2876100,1726900,2922400,1594900,12885100
2021-04-05,88651200,36910600,255672000,48510000,28237000,22966000,5553200,2982500,13508000,50328500,3235000,10458800,593500,2960100,21293400,8211800,7387100,2709400,22096900,10584400,9828144,1509600,6314600,4984400,66698000,125528400,2866300,5508900,6913100,2833000,2705700,23264800,8692700,10460000,9880900,4173300,3060200,2323400,13750300,2396481,2315900,5637900,1419500,7328400,2839800,1716700,3862900,1400000,14326300
2021-04-06,80171300,22931900,191744000,35240000,17335200,18063000,5448500,1878300,13071600,42590100,1801700,9445000,492300,2851200,20969600,7360400,5074200,2698600,20722900,8522500,13394698,1150700,5146400,5128200,50756000,84815400,3230900,4670100,6745200,2494900,2142000,18926300,8125100,6253600,9306600,3390600,2905200,2614500,11180300,1905556,2465600,8489200,1309700,6570500,3634300,1771800,2952000,1615800,12198300
2021-04-07,83466700,22719800,251284000,24134000,22855200,12074000,4403400,1576800,16903500,43136400,2157300,8329300,477100,2399500,19393200,7281400,4608000,2158900,21933800,8037300,8970566,1801800,4313000,4299600,66924000,78928200,2551300,6646000,5629600,2100400,1808400,22385000,7699300,12408400,7973300,3552300,2707200,2449600,9925700,1821949,2079700,5334700,1299300,6761600,2549200,2143200,3400500,3015900,13218400
2021-04-08,88844600,23625200,244416000,28664000,20894100,18121000,6169100,2026000,12335500,45285900,2402800,9352700,558500,2295600,20845000,6361000,5039400,2426700,18129400,5881800,12007984,1339400,3768800,3393800,56242000,71772900,2772200,8748400,5011300,3032600,2839200,21999300,8283000,10040800,10548700,4445200,2908500,2158900,9899900,2198074,2029100,5043000,1250700,7454600,4922400,1791700,2039500,2003800,16472400
2021-04-09,106686700,24326800,195172000,26146000,15988600,16614000,7319300,1886900,12122400,45872900,2347100,10693500,484200,1783400,28363600,6311100,8418300,2483200,31686700,5977500,8177439,1147500,4102500,3918700,86830000,64311300,2728900,6056800,4114300,2900500,1610800,20020700,7163700,6665300,8624800,4065700,3592000,2482900,12255900,4097476,2579800,5423400,1224500,4969600,2028700,1888200,2454000,1599000,13872000
2021-04-12,91420000,27148700,869324000,25024000,10881900,23247000,6205700,1584600,12273400,45544600,2318800,8939700,482800,1869000,21093000,5620600,5022800,3057300,29944900,5647500,9970672,1163100,2915900,4361400,65636000,87407100,2292700,5638200,4707800,3191300,1836600,20238800,7845900,8564000,10969200,3403700,1846300,1688200,10383600,2822366,3024000,5485800,1165100,6052900,3784600,1463200,1725100,1479900,19564600
2021-04-13,91266500,23837500,676212000,25682000,14036900,15281000,5397100,2195400,16113600,46770400,3575900,7085200,376200,2132100,29333200,4886500,18424100,2652300,33967400,6165100,8627346,1837300,4944600,6238700,66316000,133958400,2570900,8778200,4607400,2393400,1796400,19370600,6829900,6980000,13688500,2229500,2000600,2286400,15901400,2917644,2465400,5490700,985100,6319000,3661300,2242200,2152400,1543600,15489100
2021-04-14,87222800,23070900,385500000,21002000,17421400,18220000,4617600,1956400,19939600,52023800,9876800,10585500,552900,2141800,64926900,6702200,7718300,2805600,23842900,7766700,8415545,1744500,4726500,5845000,62904000,147052200,2129200,7354100,3994600,2171300,1509400,28051100,10194800,8342200,14755400,4710200,2237300,2491000,12661800,2319877,2591900,4855200,1077100,4478200,3604100,1637200,1904900,1325400,13890100
2021-04-15,89347100,25627500,598480000,29174000,14558300,18370000,5073900,2122300,17694100,118128900,4354800,9930800,766900,2901200,44146300,10163600,7524600,4488300,24945800,5730500,14541734,2380000,4510900,5605300,64672000,83546700,2063000,6284800,5079100,3370300,1850100,23250300,7860500,6763700,9107100,3520900,2143800,1860200,9479000,2131973,3139200,5106500,1127000,5012400,3271600,2096400,2539600,1449100,13338400
2021-04-16,84922400,24878600,335208000,26282000,13059200,16263000,5088700,2031600,13773400,60633400,4231900,29086400,774600,3480000,57060200,10289400,9049400,4532400,52829500,8207700,12512806,2590500,6243100,4509800,63720000,83938500,2694300,6852500,5777900,4342300,2249200,22752000,7459700,7665500,9234300,3574700,2422300,2128400,14606000,4348084,2820500,7629700,1092000,15124100,3820900,1753000,2373300,1304400,19866200
2021-04-19,94264200,23209300,404420000,30290000,14553500,26319000,4257700,1917700,11900200,42321100,3228200,15151000,491100,2259100,39124200,8750800,8353500,2965400,30905100,4542900,8536903,1677200,6853100,4172200,54508000,119058600,2254800,5613600,4889700,2924500,1560000,21123300,7068700,6587700,7711200,2914900,2352600,1712600,9249300,3081568,2614200,6265600,1145100,7658200,3491600,1209600,2554000,1675600,11955400
2021-04-20,94812300,19722900,334132000,22288000,16796400,19128000,4081200,1677500,13716700,50834100,3662300,13052800,525200,2526700,29734000,7532800,14050700,3348100,26459400,5411800,11009345,1464500,9908200,5411000,52460000,106827000,1885700,13268700,5662400,2089800,2330700,21782100,9783800,11928600,12657300,3980900,2283800,2815800,19483600,2175687,2642500,8692700,1807400,7192100,3171600,1837300,3351500,1603200,16673600
2021-04-21,68847100,24030400,216776000,23204000,14863500,25947000,4024000,1678100,12236700,37851800,2733300,11075900,388500,2161700,27258000,6442800,6333200,2473300,29365000,6181100,11817248,1312400,7040300,6046000,44224000,93646500,2065500,7110900,4397400,2836900,1531800,16625600,8264400,7718900,13113300,3513700,2553200,1977700,12847000,1827466,3204400,5186900,1819900,8565100,3741900,1096400,2318600,1176400,18310100
2021-04-22,84566500,25606200,277788000,24146000,16375400,27057000,4975400,2084600,15256100,48093400,2165200,9871700,520000,3247300,24638300,8590800,7233000,2718600,33373600,5046000,13330560,1087200,6366900,3623300,51612000,106770900,1839500,6442900,5744900,2499300,2138000,21600100,9899400,6582700,16091800,2775800,2625700,2410700,13854400,2669688,3077900,6706800,1880200,8261700,3866800,1222800,2088300,930300,20921900
2021-04-23,78657500,21462600,227500000,29066000,17536800,22890000,5447100,2257500,14041900,48674100,2163800,12002000,489800,6395300,28024200,7270500,6015300,2263200,24375000,4611000,8598840,1210800,5227000,3801200,63856000,85110000,2137500,7489000,4555800,2444600,1404500,15337900,6756000,5670100,12875200,2181700,1992800,3458300,11533100,5634334,2407100,7139200,1301300,6034900,2849400,1511400,1749800,1290600,18099400
2021-04-26,66905100,19763300,197796000,32038000,16172600,18271000,3459600,1387500,10799100,34699800,2171500,8033500,478200,4821100,24606600,7387100,6027800,1642300,19773400,5202300,7834219,1671400,4377500,2793900,97614000,93115500,2490100,8217800,5924900,2675700,2059700,16083800,5639700,6642400,13934000,2601700,1582100,1864800,10599600,3831695,3972900,12145600,1235700,7425100,2749800,1494400,1584400,906300,15073600
2021-04-27,66015800,31014200,164572000,44386000,15309300,13267000,3445200,1944000,12821200,34304800,2088600,7057400,328200,2692100,29130200,8745300,6217700,1758500,19061500,3522900,9095802,978300,3384900,3279100,76542000,88311000,2623800,5833100,7260900,2260000,1875900,19278600,6898900,8309600,13033500,2808800,1955100,1959300,10583300,2956477,14666500,11082400,925700,5871900,3441300,1324400,2366600,1199800,21858600
2021-04-28,107760100,46903100,209416000,81106000,33907200,15940000,4274500,1472200,8943700,34084400,2140900,7228200,335300,2584500,20795100,6338800,7448000,1886500,21963300,5116000,11628398,1140500,3755900,3875100,92638000,66813000,2777000,8195400,14793500,1598800,1305600,24729800,8718400,8897100,10643900,4677600,2670500,2965300,19054100,2300142,6308800,7164200,891000,5522200,2514600,1389200,2249500,1366300,12862500
2021-04-29,151101000,40589000,173196000,41234000,56526800,14650000,4140800,1592500,12976900,44008700,2584400,9974800,455200,2636000,26880700,9816600,6394300,1996500,23569400,6766700,30602753,3359200,3889200,4239100,153648000,86536200,3146700,6612500,8936600,1884900,1848300,27318400,9740300,9446900,13827900,2863400,2814500,5442400,12296100,1898872,6950000,6237000,1104500,5558700,2172000,1901900,1751600,1290400,18169200
2021-04-30,109839500,30945100,201912000,44856000,26332400,19367000,5024800,1950500,11705100,39203400,2101100,9298600,451200,2712700,34176500,8105100,9079100,2328100,28413200,10575400,18052114,2094800,4773500,4866200,140186000,122276100,2640400,5643600,6478700,1802000,2118900,30518400,13730000,9448200,13237300,2467600,3061400,3953500,10380400,2352131,5931200,5616000,1196700,8024600,2574800,1816400,3323100,1932700,16861500
2021-05-03,75135100,19626600,203912000,28242000,18719500,15098000,5835700,1458600,11801100,41940500,1871700,6759000,490100,2726200,16522700,5394300,6594100,2568500,46638600,9138200,12543302,1581300,4917600,3109800,117510000,81129300,2458000,5053000,5049800,2249700,2685800,20509600,7938100,9325100,12395600,3324600,3078200,3182900,9887800,2354041,7286100,5828800,924600,6076000,3572100,1717300,2038000,974900,17559100
2021-05-04,137564700,32756100,405324000,44818000,24032600,23497000,6727500,2528900,12977700,53880000,2831400,8802700,557900,3025100,26137600,11044100,10179500,3237200,52802200,8151400,10418587,1703100,9221800,6659000,108788000,89217900,2529700,6129500,6265100,2203300,2133800,23522200,8704300,12834300,15195400,4649200,2867600,4040700,17807200,2999447,5775400,9306900,1692300,9178300,3096400,1826700,2704400,2301700,22067700
2021-05-05,84000900,21901300,292024000,26636000,15577600,16388000,4205800,1875300,10506700,37471100,2786800,9424400,569900,3001600,19620200,8739500,7792300,2767600,76627500,7021400,16795143,1586000,5632400,7670900,74226000,65705700,2070000,6234200,4677700,2509000,1905300,31526200,12872400,12715300,22805400,7966700,2899900,3690600,14913500,2879448,4187000,4658200,1460800,10643200,3582200,2663500,2512000,1763500,17882200
2021-05-06,78128300,26491100,193380000,25190000,19012200,13495000,5200000,2537100,13542400,39044400,3048700,11887900,666600,2798800,34271500,4802800,5529900,3058700,54944900,5803800,12871641,1530900,4305300,4449500,88954000,83353800,1832600,5201000,4113300,2226000,2641400,26836800,9654900,9648200,15034800,4740500,1661100,4527000,11857100,2178127,4470100,4903900,2010900,7069200,2051600,5244100,1866800,2532800,14593100
2021-05-07,78973300,27032900,229328000,28898000,15916700,11712000,5774700,1632300,14257800,39249200,3378100,9947600,474200,2617800,25140400,6233000,5316200,1851000,33807800,6808200,12237496,1442000,4076600,3871100,94206000,70407600,1406800,10566700,4867500,2298500,1817100,33610600,10273000,9645500,16483400,7297400,1894900,3327900,12823000,2076483,2644100,6056000,1597200,5677400,4544800,5548400,2610100,1883600,15678600
2021-05-10,88071200,29299900,268904000,30914000,24239200,25239000,5263700,1970900,14014300,41271500,3396300,9344500,566400,2987600,28193100,5721200,8357500,2489300,30831900,7093300,10939758,1502700,3923200,3866400,116772000,94177200,2031500,5669300,5759500,3092700,1998700,31956600,13586500,8801700,16905900,5567800,2567400,3752900,14813900,2537488,3566300,9042600,1601300,6210400,8173900,2134200,1900400,1695700,22563000
2021-05-11,126142800,33641600,285584000,34186000,18920100,17887000,6097900,2293700,15451700,42964700,3734300,10397800,671900,3900100,31478500,5380000,8217900,3024000,30568600,5784600,12148102,1568700,5520800,3501400,92396000,139511700,3028500,8045400,7775400,3297100,1859700,34563800,12754800,9741400,18232800,4977900,2450700,3163100,16273200,3586392,3088500,6708100,1588500,10515100,4487600,1779200,1871900,1634800,17971900
2021-05-12,112172300,36684400,303408000,46376000,24645500,29940000,5482500,2399500,14381700,47533000,3309800,12602200,649700,3487400,33392900,8500500,6758300,2888100,26208600,6208300,13379711,1454500,4745500,4796300,98728000,101470800,3198200,5865100,7965300,3857300,2344600,34426500,11661900,7925100,23375400,4693900,3060600,3668500,14931200,4453123,2667100,6086800,1631600,9093200,4477600,1621400,2086500,1776000,14718600
2021-05-13,105861300,29624300,285404000,33204000,18079200,21841000,5337000,1996500,15395000,42026100,2673900,8639700,554700,2269700,23553400,6317300,8018600,2637500,25415000,6558200,10830451,1240300,4519500,3261800,67018000,132554700,2819200,6284300,7999400,3132300,2023100,24268200,9706300,7581500,16385800,3427200,2265300,2228100,16503400,3081887,3208000,4701200,1483400,5469300,3318200,1474200,2066000,1569300,13305100
2021-05-14,81918000,23901100,258616000,31996000,19245700,16964000,4429000,1857100,10584000,30932600,2732300,7755900,481500,1892700,17078500,8843300,5797700,2072900,18041100,6268500,8273122,1009700,3800500,3687600,66500000,100112700,1943100,4367900,6836300,2650300,1876100,20735400,9124100,6419900,11637200,4042600,2818200,2041600,10162400,2208259,2333700,4989200,1143600,5446200,2409600,1714500,2148300,1210600,13770000
2021-05-17,74244600,24970200,216980000,21598000,15401300,15725000,3816100,1581000,9886800,32656400,1826100,7157900,347600,1541400,25212800,5207200,5722600,1583900,18095000,6183200,12532508,1092300,3732400,3008000,74478000,97171200,1630900,3934200,4521200,2583700,1830800,25282500,12692900,11441900,14531300,3833000,3022200,1998400,9559300,2183644,2071200,5059800,1170200,10369300,5583000,1443400,1427300,1143000,22387000
2021-05-18,63342900,20168000,186256000,22204000,14522400,17824000,3540600,1395100,11098100,37880300,2018600,6631700,373700,2417800,24126000,5829600,5846000,2694800,15805500,8174900,7943106,1897200,3398400,4232700,56568000,110491800,2913000,5664700,5177300,4794900,1698200,25170800,12759900,10322000,12438600,3345800,2147700,2436200,10081100,2546824,2041500,7438300,1664800,8195100,4857100,2023000,1667100,1305900,26579000
2021-05-19,92612000,25739800,344000000,23684000,19106200,21369000,8092100,2047500,13278900,42672800,3696000,10165600,632900,3526800,28911100,6552300,5533800,2783100,20209500,6433600,9132796,1136600,3430800,4608900,53594000,118735200,2967000,5582300,5997400,13378700,1725000,28889800,14762700,9406200,13633600,4041300,2669700,3143100,13162700,3236262,2141100,9296500,2800600,8486600,4371600,2177300,2112100,1882400,20213500
2021-05-20,76857100,21800700,321592000,32352000,17320200,21886000,6705500,1991100,10426000,36871100,1919600,7722100,360800,3031100,26107000,4606600,4853200,2105800,18621100,5526100,7345222,1181200,2858200,3385000,52664000,92463300,1890200,4934800,5345500,7086300,1427300,20692500,9706300,8798800,12478300,3306500,3492300,3339200,9218900,2342476,2716600,10059900,2947000,10798500,3110200,1419100,2464200,1272900,20768900
2021-05-21,79295400,21863100,672992000,40632000,13600900,13216000,4913600,1567800,10249000,40243800,2657500,9326800,692800,3424100,27312700,5414900,6501800,4295400,21144800,5577800,10863987,1415300,4629300,3647600,82098000,78091800,2601100,5329700,5146500,5084800,1706600,20792700,10352800,6032300,8573800,2782900,2675100,2479100,16579000,2413351,3927700,5803800,3614400,8689300,4136400,1586400,2372200,1923500,15474400
2021-05-24,63092900,21411500,554816000,31832000,16445400,14420000,5288300,1846900,9440300,31390800,1834300,7788800,566800,1956900,25707400,4538300,5195100,1883600,16922300,4821300,8737910,1194800,3096000,3826900,48456000,103674300,1823300,4313200,5476100,3821000,1657000,18400300,6785600,6372800,9755900,4270800,1683300,2372700,10106000,1924124,1981300,5113300,1914700,6746900,2726500,1170100,2280200,1058300,12970700
2021-05-25,72009500,17704300,435408000,22440000,16437000,9600000,6256300,2322500,12609100,52657700,2631000,10599600,625600,2484200,29415300,5920100,7444700,2285600,25916300,6574200,14331714,1592500,4704500,3854900,65222000,84017700,2681900,4885800,5391800,4103000,1379700,25616100,7884000,8090600,10064400,4786200,2433200,2265700,12908000,1914681,2414300,7606300,1682300,7440600,3015000,1325000,2072100,1330300,15935100
2021-05-26,56575900,17771600,370440000,21572000,9686900,9873000,5807100,1695600,13058300,41332800,2121200,8665200,616200,3731600,26170600,7370400,5726400,1903900,28036500,5802600,9686454,2142600,6692900,6450200,47680000,85917900,1564200,6781500,3841600,3186800,1648000,21698700,9232400,6716000,9358100,3877200,2529100,2070000,7240200,1854416,2376300,4826200,1949800,7408800,2607800,1519900,2231800,1411600,14045200
2021-05-27,94625600,24426200,581476000,35224000,20477700,19098000,15344100,2957300,15707500,52981100,3897000,21840900,704600,2828400,42572900,14693800,8114700,2041800,38471200,26406000,17675149,4059500,10358900,9866400,51224000,79111800,5242900,12882300,7378400,6623100,4452000,33556000,11703400,7484100,14893200,6086000,2903500,3594700,18404400,7052361,5110200,10492200,3337100,10956100,4251100,3149500,3470100,1710900,30754300
2021-05-28,71311100,18270200,644536000,21482000,12037400,19946000,17810800,1924800,10291300,38509700,2169700,9484800,435400,2436400,15760100,6205300,6400800,2367900,16154100,7104300,13969735,1618200,4813000,5530000,46596000,68211000,2853600,4153500,4239800,2632400,4681200,19246800,7278200,5745400,8307800,2062200,1722900,2290700,11197400,2683587,2128000,4850300,1348100,9177500,2271200,1494600,2870700,1430900,14027800
2021-06-01,67637100,23213300,472804000,23354000,11765900,16277000,8103900,2189000,9445400,42890700,3644000,9576400,407400,3827800,17878600,6175500,10448400,2199600,23642400,6846200,15798914,4619100,25124100,5643900,48600000,54254700,2574300,5577900,4306900,3426400,2117800,28474200,10260600,9943600,15701900,4135200,3599900,2476000,13562800,2370274,1865300,4302200,1483500,9056100,2816100,1722300,2547100,1418200,14922800
2021-06-02,59278900,19406700,594168000,21158000,11654300,13286000,5543900,1761300,10498600,34180500,2809700,6878400,543400,3384600,18492600,6881900,6806000,2232900,19629000,8100700,11830453,2355200,19215100,6011200,40290000,69908400,3172000,5226100,5045000,3331400,1881000,22978300,9141800,6103300,28422100,3547500,3142100,2348500,10820400,2361149,2486000,4429100,1882700,6421000,1889900,1912700,3934300,1562800,13681100
2021-06-03,76229200,25307700,580008000,18696000,12610800,20389000,5109000,1539100,13354400,46981200,3003900,7926800,430800,2454800,20206400,7623800,5808800,2281200,17376300,6286100,15974400,2396100,12118000,4763000,47966000,90335700,3249400,5027400,5723900,3155400,1780300,20272800,8809300,8280800,19992700,3658200,2995900,1923200,10402000,2462899,2172400,4083200,1336800,8871500,3401900,1544000,4006000,1608200,14212500
2021-06-04,75169300,25281100,617120000,24458000,13289400,23865000,6177600,1644200,8510800,37192600,2514100,6406800,647000,3239300,18190300,5587500,6510300,2990900,19375300,4255400,12728500,1731200,7197200,4037300,44994000,72110700,1615200,5217100,4477500,3085100,1765900,20427800,6699300,6504800,13756400,3128600,3267400,1837900,8799000,1379300,2943900,4082800,1279300,6586300,2771400,1789900,2521400,1362200,11868100
2021-06-07,71057600,23079200,575756000,24120000,20136700,24142000,3510800,1768500,7267200,28401900,2188700,6773800,400300,2516400,16644300,5662000,5362800,3353800,24110700,5570100,16794400,2782000,7933600,5765700,44316000,67631100,1877000,3765000,4009000,2221700,2515800,15477900,6748600,5405100,10082500,2670200,3160000,2330700,10606000,2156376,3444300,5693900,1537000,5988500,3335100,1810700,1688000,3591400,11144100
2021-06-08,74403800,22455000,323848000,24240000,14580500,16615000,5827300,1747800,10370700,41871400,2452600,7036300,303300,2486300,21271700,7317100,7746800,3051300,18880300,4114200,13657700,2819400,8173900,6380300,68334000,78160200,2106200,4915200,4669800,3441700,1553800,28953400,10559500,7345200,12822000,3018800,2778100,2212300,15113900,1825557,3402000,4777000,1521700,5803000,3147900,1424300,2564200,1721800,15858400
2021-06-09,56877900,17937600,381656000,17942000,13727900,12126000,3350900,1702400,12377400,42366300,2025900,7811700,463100,2700100,22617500,9634600,5552600,1925700,29824000,4884000,12258700,1795700,13780400,3880100,49110000,49753800,1982200,6448100,3669400,3372900,1398900,29133000,10146900,7026300,9229900,3154800,3670900,2919600,10693200,2093777,10560600,4594500,2000800,6660400,1584800,1239000,1538200,1720800,14705100
2021-06-10,71186400,24563600,287772000,25904000,13240200,15413000,4659500,3152400,12119400,40123600,3900800,6584900,423300,3024500,21640000,8741300,6463100,4033600,42613700,6263800,17236700,2679600,8012600,3514200,69530000,71758800,2534000,6584100,3833200,2579400,1404000,27488700,13526200,9396000,11364300,3122100,2248500,6281800,14519200,2359240,4880000,4826300,2232000,8203300,1783900,1312100,2550900,1311000,12013600
2021-06-11,53522400,18999700,416308000,21958000,13587900,14508000,4624200,2871300,13683800,31203600,2117300,6509400,444000,1630100,19389300,6912700,7389900,3094300,21386900,4471400,13928400,1935000,6517500,6245200,56348000,48615900,2654300,5414500,3231200,2510200,1404200,17631700,7731700,8117000,7243600,3977200,2518300,8734900,9934200,2120515,2699200,4082700,2028400,4548400,1909000,1335800,2385300,1437700,12929000
2021-06-14,96906500,19150500,321376000,22098000,12250800,14675000,6764700,3522600,19917900,36050700,2560500,10163100,363700,2125700,25452300,7764100,4931300,2674900,23408300,4427600,7841400,1452700,4888700,3434900,51394000,61272000,1836800,5743600,4222400,2904200,1652600,16997200,9051900,7744300,10015500,3574100,2030900,7213300,9344400,2743852,2157500,5924900,2775000,4991900,2003300,1152700,1977900,1489400,11907600
2021-06-15,62746300,18038900,243032000,21562000,15795200,11131000,5135300,2424800,24485500,39247900,2302900,7459000,442600,3726100,23865400,7934500,5062900,2845800,20206900,3590500,14185700,1260700,5398800,4381800,48524000,53292300,1948300,5168100,3487300,2518000,1252000,30717100,10540200,7835700,9834000,4392200,2450100,5055900,10630900,2188843,2414900,5336700,1722400,7770300,2738600,1166100,2666500,2011500,12602700
2021-06-16,91815000,27220000,307124000,26472000,17232200,20437000,5099300,2842000,25321200,63859100,3264200,11370300,595600,3281300,38287700,8819100,6988500,3330800,19177500,6670200,17576900,1691700,7051500,4678100,84056000,66432300,2951700,7915500,4822000,2767600,1801700,24803200,9283300,9745800,10924400,3806800,2188600,4156900,10529200,3238490,2102900,8033800,2264600,9646200,3865400,1595700,4271600,2364000,15678400
2021-06-17,96721700,27565500,809656000,25842000,17794100,20881000,5170200,3566400,29722400,80728200,4146300,11131600,569900,4194400,48910400,8699900,5874700,3532000,19580100,4172300,14233200,2237300,5967400,3837400,102730000,68104200,1895600,8568100,4008500,2826600,1686500,28491800,14337800,13667200,14511300,4582200,3044100,7995300,10774400,2573349,3068700,7480500,3387800,10553800,3998700,1360700,3612600,2397800,14761100
2021-06-18,108953300,37202200,968856000,46116000,23039500,28537000,7822200,6762000,43595700,102774200,6290100,22453900,1059000,6900200,61292200,17257900,12993000,5521400,37775900,7415400,19351900,2321300,8831800,5820600,104954000,73682700,4408200,9784800,7024400,4481400,3415700,39590700,22284500,18583800,24774200,9421200,3990400,7156400,11965000,5757304,8170500,10387200,2930600,17539000,5190400,2770500,7018100,3882300,38210500
2021-06-21,79663300,26696100,672384000,27414000,11337500,18591000,5895100,2625900,18664800,48119400,2717300,10672700,575800,3681400,26444700,9488200,6592300,3839300,19488100,4666100,10880800,1111300,4743300,4623500,65542000,74438100,2193000,6288500,5628500,3049700,1631600,33145400,13591500,8234300,11198400,4966500,2828400,5633900,15301800,3047616,3638000,5097400,2010700,6499700,3566100,1471000,2745100,2282800,13628200
2021-06-22,74783600,24694100,580144000,22390000,15345300,13722000,4457200,2370400,14251200,44113200,1870800,9664100,668500,2697600,26455200,6856800,5627800,3964600,15975900,4359900,10957500,1840600,6519400,3923800,66902000,57476700,1758300,6043800,3583500,2901400,1934800,25140400,10230100,6745100,7675200,3187400,2689400,3776400,10042500,2239665,3460700,4150100,1677400,5513100,2562000,1156900,2078400,2406900,13866600
2021-06-23,60214200,19518700,332356000,19148000,14817800,17674000,4482400,1616700,12733300,32039900,1713100,7139000,566400,2327600,18778500,7116700,4493400,2942100,22025400,3837300,9539100,1358000,4356100,3575100,56266000,93297600,1701500,4566000,3552100,2246400,1538000,20701600,7792800,8184000,8113100,2601300,3452400,3283400,9874700,2370486,2504500,3524500,3352700,6079700,3997300,1330600,2583600,2685000,16524500
2021-06-24,68711000,21446900,320924000,21362000,12329100,12502000,4987300,1835000,13733200,37161800,2716600,7953500,662000,2417100,27951000,5895500,4549200,3309100,13436500,7712300,8601900,1326600,9718600,3690100,76640000,137947200,1839800,11420500,3840000,2141900,1487300,19568400,8724600,6424400,6238300,2754800,3097500,6827600,13755600,3569522,2602500,5335200,2140200,7925200,2448600,910600,2340400,3124300,15386200
2021-06-25,70783700,25611100,278364000,34594000,14594400,19100000,15409300,2133500,15484900,53178800,2782400,11139000,742100,9186000,49074700,12715300,10963800,16928900,22774300,11709400,50285200,4676100,8750400,4182600,78820000,97490100,3000100,46285400,12171200,5987500,2056100,18438300,8102300,8099200,7823400,4754600,8032600,11274200,9625800,5537465,6618600,6611000,6604800,6676800,3236200,1882700,2075800,23412000,14540300
2021-06-28,62111300,19590000,495436000,28526000,29156100,13987000,4274900,1714000,14125800,34416500,1833400,6174600,373700,3433400,27127500,5006400,5604000,3193300,19225700,5141800,8796200,1449600,9567200,4552600,44856000,64884600,2901700,13133300,4546600,2062900,1645500,20570000,11348400,7647300,11191500,4471800,4141800,3172000,18152000,2504278,2288100,5738300,1304200,8444300,3192800,1808500,1447000,1969300,13754900
2021-06-29,64556100,19937800,367632000,23108000,21417300,14184000,3871900,1204800,14528700,38519600,2365900,15413700,742800,2785900,39534000,5316100,3749500,2458800,14516600,5795100,7696600,1349900,8150200,3922500,41968000,52143900,1932100,10279900,3789500,2089600,1523600,19579300,7225500,6437000,7321600,2944600,3392700,3443400,16743900,3185016,2291100,6496800,1213400,6477400,2669200,1624100,1743800,1181800,15313000
2021-06-30,63261400,21656500,326568000,24474000,15107500,15381000,4168800,1704200,12531000,29159800,2238400,9780300,575600,2331800,18168100,6429700,6151700,2875600,21248100,5042600,13811900,1010000,5844600,3704000,48080000,56774700,2450700,10281800,6759100,2773200,2031700,17875500,7927500,9309600,10883200,5392400,3103500,3249500,12089100,3041144,2744800,4744500,1643600,8672600,2493300,1857900,2910800,1546800,14559700
2021-07-01,52485800,16725300,480136000,18110000,17137000,11153000,3899600,1646100,10479400,28045100,2571000,6792200,426300,2685900,18658000,4413400,6320200,2678100,20035900,5306900,9212000,1129300,4739600,3182400,40742000,55903500,2210500,9011500,4810600,2125300,1523400,22530300,10873200,11637200,9819000,4409600,2358100,2426300,9516200,1729642,2746100,3903900,1467900,6423000,2406900,1537000,3211500,1434800,11672200
2021-07-02,78852600,26458000,342764000,25982000,11521300,37054000,4056200,1744600,11424000,28980800,1598900,4818000,430300,2028700,13218500,6108800,9059900,1982400,16592700,5719500,7668000,923400,4787000,3478900,63388000,81163500,1851500,6396700,4722000,2178900,1676600,14555300,7107700,7635000,7582700,2884000,2080300,2433600,15706600,1636805,2172300,4185400,1131800,4282300,1779300,1207700,1789900,1066400,11387100
2021-07-06,108181800,31565600,446708000,26404000,13488500,13870000,5590200,1657400,15083400,47578700,2162900,6701200,527400,4688100,25486900,7684000,6098500,2615300,18931900,7172100,6720500,1288700,5040400,3066300,134896000,69853500,1762700,6671000,5294700,2305000,2113100,22110800,10162800,11699400,13943600,3776900,6464400,4348100,11045800,2053672,2421300,4140000,1924000,6957200,3258100,1742700,2864500,1288100,13815900
2021-07-07,104911600,23260000,418428000,24060000,14218900,12581000,5101400,2022500,12271800,43499900,2012800,6771600,468500,3998900,21884000,9833600,6293500,2270400,17665200,6695100,8275100,1433500,4068700,3216100,106562000,56376000,2069400,5408300,5382300,2035800,2308600,21671400,8245000,8239600,10579700,4430300,5109200,2707700,11497000,1658555,2553700,4127200,1309100,5661800,2044400,1732300,2980300,1228600,14393300
2021-07-08,105575500,24618600,503300000,23790000,14406500,16011000,5159600,1846600,17834600,52793100,2940500,8778800,629800,4628400,29148700,10896900,5755500,2032300,23021200,3948800,8400400,1384000,3908900,3815300,103612000,68319900,1932600,6081600,4486100,2292700,2235500,18935900,8695500,10551500,8903000,6314800,2484200,3723800,17964300,2551387,2354300,4665500,1621000,5881400,2386200,1179400,1927000,1587100,18384000
2021-07-09,99890800,23916700,296624000,18632000,13018700,16782000,4213500,2145200,13694500,43887200,2641800,7306500,764400,3175200,25055900,10327400,6120900,2078900,21578700,4823400,6006500,1184200,4353600,3750600,74964000,54421500,2560500,5002300,3533600,2702500,2304200,20086000,8567900,6973700,8547300,6362100,2376600,3163800,12385400,2293670,2050500,4556200,1325400,5592800,2676300,1151700,2311200,1405800,13757000
2021-07-12,76299700,18931700,321984000,17668000,10018600,33142000,5604500,1696200,19940400,42624500,4135900,11951100,861900,3154100,17618900,6192400,7840500,2802600,24513000,8148400,11087900,1427600,3905200,3165000,51432000,77781000,2158600,4992200,5683400,3056900,2491300,21809400,9898600,6063100,5799700,3387600,3251800,2509000,9071500,2192344,2216100,5464400,1608000,5743500,2509100,1323500,2730500,1382800,13451500
2021-07-13,100827100,26120100,290708000,19240000,11456000,11806000,6699800,1435600,22671700,54338100,6466800,12280100,590200,2675000,25387800,7489100,4691200,2948900,12222000,6540300,6465800,941800,3877100,3214700,76918000,62898300,1884600,5747700,5529300,2392900,1540300,17147300,6738000,6510400,8169700,3512800,3340600,2373300,21029500,1503755,1852200,4595000,950100,5165500,2774400,1228200,1811300,1343000,12511900
2021-07-14,127050800,23113700,380100000,23742000,13894200,14020000,6375700,1376900,14622800,105651700,3295700,12572000,993900,3123100,49618000,7577000,6162900,3538700,15888600,6543400,7163200,863900,4660300,3049700,65932000,64923600,1993200,4928000,5701800,2578700,1265800,21573600,9216600,8489600,11845600,3745600,4263700,3185200,12137000,2792340,2867500,3665400,1409400,6956100,2692900,1198100,2133000,1106200,14821700
2021-07-15,106820300,22604200,550564000,24218000,14781600,12624000,7912600,1618100,11539300,54697300,2183900,12465900,620000,3448200,33388100,5719800,6656900,3546500,20250800,4544600,7041300,1074800,5761200,5115400,63706000,60628800,2165800,6432500,6467500,2646200,1894100,15851100,9665700,8723300,12341400,6226800,3481000,2737500,12228600,5885155,1663200,3460800,1516200,7638200,2869100,1082200,1426900,1220900,12813900
2021-07-16,93251400,26186800,688224000,20424000,11026100,13980000,7288100,1249700,14002700,60469700,2583300,12595400,983100,4359800,27838200,10465600,5834900,2625400,24270400,6826100,7638200,1080800,3977600,3646400,80874000,49113000,1680900,6603700,5024800,3415900,1413900,27049500,12199100,8805300,12381500,3652400,3305400,4368800,12413400,3811961,3805300,4023800,1153900,9088000,2758800,2100700,2633100,1306300,11637900
2021-07-19,121434600,32935600,749060000,27968000,14372300,14938000,8843000,2046600,22172900,83251500,4394600,14043000,946300,6739800,43362200,8937300,8219700,3611300,29818400,6762000,9830600,1317300,6739700,4678700,75692000,63891300,3774900,7377100,7731300,3187300,2293100,37969100,17385500,13342100,18636600,6348300,5171600,5391100,24123600,6479633,2910700,9221300,1848600,9891800,5548800,2166900,2878200,1718100,21958500
2021-07-20,96350000,26259700,434687000,26312000,11024300,20727000,8487000,1675700,15385200,59462900,2937900,11522300,899800,4243700,34556200,5857700,9902800,3186700,48804100,5581400,11627600,1145400,4678400,5137300,65114000,46461300,3275600,4629200,5117800,2805200,2045400,26756100,12114600,9358200,11854700,7228100,4956500,3934300,17027300,29959563,2257000,7935000,2053900,6562000,2411400,1502600,2453100,1973600,20258900
2021-07-21,74993500,24364300,371017000,20746000,9279700,13660000,15323100,1381000,12356700,49907400,2398800,14116900,445500,3384500,29654600,5767000,7585200,1863700,27530200,4133800,7429300,1113000,4285300,3386000,46380000,41859900,2146600,5393100,4377500,2262500,1480000,20908700,11478100,9378000,12423400,8755800,4450100,3407300,11437600,4832537,1770900,5398300,1478900,8931900,2078100,1167000,1863500,1370200,25264100
2021-07-22,77338200,23384100,323826000,14302000,12385400,12583000,7868700,1477900,9913300,52715600,1887100,9235300,601000,3335900,23309500,8206600,5281900,1421900,18913300,6257000,8708900,868400,6958000,2342200,65308000,45317100,2538300,4851500,7172300,2472200,1339200,13493800,7694300,6765500,11761400,3059200,2807100,1931500,9768900,3904692,1629700,4124300,810600,5534800,2948600,1152200,1448900,914600,16231400
2021-07-23,71447400,22768100,195672000,41506000,33694300,13489000,5877300,2030400,9666100,48659400,1706900,13222800,528500,6326600,23946500,6059900,5014900,1611700,21609200,4411100,6560800,1005100,4736100,2985400,48726000,43814700,3996400,4217700,7934200,2016900,1344500,14088200,7570800,10623800,12759200,3889300,2126000,2302600,9379500,4146812,2188900,2607600,796800,4953500,1896100,1144200,1496400,1102700,14894300
2021-07-26,72434100,23176100,203943000,30572000,14925200,11160000,3960700,1389800,8208000,32258000,1559100,11420600,414400,3115900,22976700,5838300,4484900,2232600,23720000,3730100,5071800,874500,4954800,2402200,58002000,76009800,2638400,3858800,4827500,2338000,1220000,18387600,10227500,8756300,12815500,4237500,2167800,2157600,8933200,2946079,2673700,3759800,865500,6014000,3170100,1174400,1874500,1398400,15330500
2021-07-27,104818600,33604100,248863000,54710000,15705400,14715000,6352500,1540300,11218700,39121400,1791800,8972900,476100,7922600,22124500,3879400,7089300,2630600,32544100,3773100,8136000,1091500,5630800,4151700,82638000,98439900,3135200,4359000,6110900,3036100,1666500,16861400,8332100,7363600,9333500,4977300,1932500,2472000,8784200,2299293,13741500,8429700,986900,7592100,2036000,1229200,1631900,1551300,15225800
2021-07-28,118931200,33566900,202191000,95130000,29676900,8359000,4100200,1468100,9217300,43331100,1668900,10054000,389200,7961700,23252800,5206000,5750700,2446600,53822400,5650400,11037900,1814500,3796100,4317200,59988000,48019800,4948500,4093600,11747000,2810500,1362700,16855300,8546100,6167200,7088100,3546100,1958000,3246900,19330500,1818448,6295500,5517100,1250400,5177500,2144700,1636000,1914300,1063500,14595900
2021-07-29,56699500,18168300,190781000,31716000,33413200,9162000,3271100,1068900,9063500,43039100,1296600,9016200,335200,3186900,24487400,4475900,4214100,1597300,29015000,4632200,11583000,1000800,3925500,3195600,110400000,91183800,2572300,3605600,6618400,3055000,1434200,18607800,8681300,6306400,7420800,4442900,1938400,3419700,8667900,1593516,3150300,4135400,1392600,4141900,1477900,1768200,1330200,1295000,12841900
2021-07-30,70440600,20944800,183497000,25576000,15976200,11548000,3748400,1403400,9805200,46210100,1474900,8320800,503700,3441900,25794000,4084100,5346400,1864200,24763300,9017200,13004500,1412800,4688800,2740000,199312000,88969200,2336800,5364400,5712300,2806600,2283900,28652800,12295300,8660100,9241600,4708500,3301000,5834900,9940100,2373775,3741600,4443600,1053900,5488900,2567700,1762200,2156500,2516600,13856900
2021-08-02,62880000,16267400,217444000,21634000,13180400,15619000,3525700,1466800,10203200,49894000,2383200,9409600,386100,2895700,23960700,4941400,3721500,1806500,43066900,9245500,9083400,1147400,3646100,3401100,67078000,100847400,2693900,5532500,5996800,3174900,1366900,20873800,8911800,8469500,12466300,5653200,4061200,3977100,8889100,2148843,2782500,4049200,1148300,7520700,3392300,1219300,2059100,1927600,13833400
2021-08-03,64786600,17879000,301811000,20762000,12406100,11135000,3077900,1067300,10394800,39680600,1494600,7044800,391600,3642000,24050300,4858100,6033000,2496500,45643300,5902700,9952400,934100,3696200,3208500,83146000,64860900,3300000,5718100,6030500,2545000,1448100,18208200,8437300,9888200,8724900,4718300,3148500,3580500,7326400,1891763,2726600,4629200,991500,6249400,2398900,1000000,1888600,1133000,12573100
2021-08-04,56368300,16191300,231309000,19676000,14180600,12123000,4121600,1306800,10155000,42289800,1460500,7137500,390700,3544400,22178000,4619300,4793100,1995400,43391200,4602000,10893400,854600,3513400,4045100,43678000,51007800,2240600,4646200,6675500,2397200,1280500,20868300,10389800,7629600,14324200,4964400,4259700,2948700,9756300,2465764,2341700,5286000,825500,8050200,2261800,1315100,1854300,1476700,16446100
2021-08-05,46397700,13900200,211435000,17870000,10247200,8372000,5235200,1158200,9151500,34754500,1583800,5675000,349400,2535400,28092600,4814400,4291000,3598600,23505400,5132400,8701600,781100,3258100,3711900,48670000,38758800,2230500,3824000,4281900,2202900,1742600,15180200,7986100,6573100,10146900,6534100,2182900,2685800,8362600,1556699,2045200,3604600,794400,6283700,2843600,1307700,1662100,1586500,12776600
2021-08-06,54126800,16589300,178497000,20488000,8925000,9964000,4045400,1127700,13328800,58022300,3655800,9317900,472000,2828700,33583900,9361700,4581100,1944000,20413000,5340400,8670700,765800,3550300,2414500,52752000,46869000,1558600,4088700,6832600,2441900,1789800,14888500,6475600,5038900,6061000,4560900,1807900,2677100,6061900,1408371,2340100,3020200,665400,4634300,2617800,1459900,3207800,858900,12660300
2021-08-09,48908700,16117600,146443000,17760000,7798900,5952000,3312200,1118900,9516900,56340100,3319100,8297700,347000,2560200,29795200,6079800,3950200,1509800,32374300,5277900,7867000,861700,4271200,3411500,42964000,44145900,2093100,3612800,4557900,2508800,1472500,17828200,9243100,5410600,7758700,3909300,2220700,2747200,8358600,1453358,2150100,3265600,923300,5621600,2435800,1093300,1055600,910300,13452400
2021-08-10,69023100,18616600,179238000,19414000,7469900,9319000,4430600,1540100,8667000,44987300,3152300,8490500,382600,3389500,28708100,5784800,3678300,1441800,81189400,5120800,11243100,903200,4356900,4123800,48252000,40296900,2027500,3747100,9839700,3369800,1893700,16340200,9762600,6781800,9416000,16155800,2823800,4193600,9603500,2534517,1668000,2909100,1184000,4506800,2022100,1293200,2259300,1448400,11756900
2021-08-11,48493500,13955900,185925000,15352000,8400300,9816000,3999200,1328300,9156500,58458200,3000500,8793200,349200,3843400,29203900,6280700,4221300,1542600,50878200,6840400,6952200,898900,3683100,3403700,58944000,29401800,1969100,4078300,6472300,2939000,2267500,18278600,7079800,6071800,7649400,7844900,2021300,7794100,9664000,2226509,2131100,3724800,1651500,9419300,2510400,871500,2527300,1803100,11727300
2021-08-12,72282600,14561300,151652000,16506000,7170700,8702000,4467400,1163100,8844200,37400100,2312800,6302100,299100,3372800,21729900,3425600,4300400,1939900,29676400,4863600,6077100,603200,3023600,2689300,46282000,52377300,1490800,3997100,4358300,2266400,1230700,19225500,7377600,4729200,7432700,3905000,1790000,4444500,6810000,2034149,2457900,2816500,1314000,6762800,2227000,874400,1422000,784500,10744800
2021-08-13,59375000,18249000,183063000,15948000,7195700,8582000,5986400,932800,8980900,41344900,1980000,8312200,292700,4157700,15843300,3552100,5882100,1537800,35379200,4416400,6810400,608300,3476600,2552500,41134000,50194500,1699700,2966200,4361700,3070400,1309300,20063000,6572600,7399800,7430800,2509200,2214700,2049400,6390300,1490387,2432200,3051300,814300,3999500,2010900,808000,1557600,816500,8384600
2021-08-16,103296000,22507600,210876000,22384000,11222100,9188000,4047500,1105500,8755800,38599100,1590700,6540300,320600,3845400,22615500,3796400,4782800,2377500,38045800,8180500,9368400,1141400,4601900,3233800,66394000,68032200,2175300,3530200,5976000,3397400,1515600,16959500,9476600,7464600,9864300,3657800,4751400,3132500,7622000,1903965,3091700,3895900,910400,8579700,3286700,1066600,2972200,1262500,12964200
2021-08-17,92229700,20075300,204585000,21716000,12328700,16499000,3472600,1346300,9347200,43526900,2077400,6492900,381700,7631600,16887000,5487200,6041900,2258000,68817000,6551700,10311600,830300,4609700,3410300,67758000,71163900,1652000,3602900,4719800,6620500,1936700,16243700,10937500,6497900,10539800,4609300,3161400,4022800,13124000,2842525,2957700,3999200,1206300,5257000,2151900,922500,2541600,1408500,11847600
2021-08-18,86326000,21813000,285913000,19258000,10042400,15616000,8306700,1386500,8065500,50342500,2187800,7839800,384000,3563700,16319300,5828500,7134100,3037000,88598000,5586900,7459100,913100,3585200,4050300,56086000,61048200,2215500,5487400,4520500,8908000,2030100,21890500,12893600,6647700,9697100,5504100,3895000,2947700,9000900,2711173,2605800,4256200,1374500,9511700,2834100,1146200,2719300,1278800,15093500
2021-08-19,86960300,29850500,766555000,21782000,12004500,14044000,6600800,1693700,9517700,51883900,2241500,10644700,427500,4256400,20259400,3303600,5615000,3204500,57741600,6145200,8865400,834900,4283800,4016600,75658000,42940500,1455400,7336300,5317100,5067600,1953700,30923500,17423400,11306400,18962600,5467600,4008600,4788100,11404400,2063751,2858800,5707000,2281000,6968000,2464600,1203200,1473800,1402500,12679900
2021-08-20,60549600,40817600,675741000,31194000,8697700,10007000,5510700,1434000,6974100,40415000,1612100,6496900,384700,3075000,15357400,3259100,5428700,2401900,35157500,4112500,6284200,951400,5485800,4496500,67168000,44525700,1989700,4039100,3486300,4146100,1911200,16918300,9707600,7068200,12082300,3554000,4518600,2765500,9335700,2207941,2222800,4502400,3498300,7589700,2569100,1712800,2488600,1165200,10645100
2021-08-23,60131800,22830200,575807000,28454000,10942000,15707000,7603900,1652400,7934600,35364500,1857600,5430700,351300,2006300,15551900,3989700,6461700,2375900,88652400,4748300,6492600,1275100,3906700,5028300,65362000,60794700,2086900,3796500,4235100,2952900,1835900,21632600,10277800,8022200,8298000,4195000,3549900,2827400,10392100,2274041,2248700,3367700,1946800,8837100,2712700,1071400,1583500,988600,11963700
2021-08-24,48606400,18175800,297299000,19268000,9235100,9429000,6685200,866400,7670900,35579300,1958400,5339700,288500,2377600,15109100,5296300,5734800,1619300,52624100,3831500,8698100,876100,3945700,10319200,51036000,39249300,1687700,3133100,3447300,2466600,1541700,17915600,8924900,6245500,8183200,3638900,3351900,2485900,8942600,1342589,1667500,4751800,1638700,5786100,3730600,978000,1986600,689100,15478400
2021-08-25,58991300,20006100,347701000,15848000,9684500,10017000,9701000,1047900,11335000,51219900,1845300,5612100,329900,3579900,21357400,4754900,5700300,1939000,51036800,5241100,7045800,963200,4379000,6483800,33606000,37936800,1668000,3003800,3881500,2438100,1520600,13270300,9342300,6125200,6545200,2362900,2229500,2599800,6528900,1914256,1593900,3195200,1657500,5930000,2357900,973400,2242200,801400,14666300
2021-08-26,48597200,17666100,237940000,20610000,7888700,10836000,18987000,1619200,11027500,41184500,2076500,6882800,272300,3164700,21627600,3237400,5031600,1385400,29029300,5035400,6640400,766000,3991900,4448100,41976000,39642900,2008000,4069600,5188200,2919900,1418600,11842600,8124800,5209000,6150300,3247400,2518500,2513900,8341400,1382589,1969700,2596000,1490400,5294000,2495800,960900,2526400,880100,15256200
2021-08-27,55802400,22605700,304722000,28780000,11219100,16459000,7992500,1142300,8780200,46468600,2174500,5900600,454600,3002300,16873300,4690800,7046100,1621600,32924500,4279900,6010000,846100,4094300,3801400,48048000,41501400,1784000,3012400,4204700,2661100,1310200,15822500,10281200,6549100,7534300,3440800,2349900,2511400,7684900,1765080,1947800,3590400,1115600,5974200,1724400,882400,1646100,1268900,13213800
2021-08-30,90956700,16348100,262580000,24434000,13547300,19614000,5730000,1341500,7937600,44855600,2089400,6459700,284000,2582100,16054100,9734600,3252700,1284200,25774400,3260900,7339700,873300,3151800,3550300,63844000,55812600,2245600,3537100,3078200,2092700,1219800,14086100,8127200,4838600,6887200,4614000,1790300,1922100,7587800,1398716,1507700,2936800,1378500,6001700,1947800,1632600,1491800,747500,11621200
2021-08-31,86453100,26285300,259850000,22448000,12345400,17378000,5901500,1877800,12340800,54654600,1958100,7215100,595000,3536300,73514300,7450300,7106800,4249100,34547800,6021800,10949500,1287100,6190300,4769900,87128000,62566200,2938100,7545600,6995500,3966000,1699000,27104100,15676900,10500500,9872700,4744100,3333500,2857900,6764500,2075634,2782000,3969600,1589800,6844000,3069300,2327100,2890900,1492900,18405600
2021-09-01,80313700,18983800,201767000,21936000,11567200,12586000,7189000,1261200,8729900,52361900,1680400,5762400,324200,2569000,84960500,4606200,5327400,2034400,32900100,50943200,9187200,1062900,3484200,2422400,72598000,39612900,2197100,4706500,4402700,2862700,1325400,21644100,10557300,9319800,9724400,3737900,3334500,4122900,7157400,2635842,2381100,4109000,1895400,5862300,2499500,1658400,3575500,1050700,12647300
2021-09-02,71115500,16285600,187834000,32342000,14832900,16991000,4498300,1402400,8813300,44538900,1830400,5708400,349400,4350600,37629000,3213200,4544300,3137400,26106300,14719200,6559400,1137200,3402700,4963700,58474000,38331900,2140200,4632100,3801900,2523300,1455000,23293300,12340100,6696600,9514100,3541100,2336500,2921600,8899500,1691765,2021200,3471600,1333700,5214000,2792500,1795800,2758800,893000,12875900
2021-09-03,57808700,14747900,280532000,19850000,7509600,25191000,7356700,1640300,7959700,41812400,1373600,7195400,418700,4206500,21687500,3348900,4096900,1604800,20817200,5364800,6629800,825500,2463300,2298400,51514000,45738300,1339300,4254500,2921300,3351700,1302400,13840000,9097000,7954200,6174700,2450200,1606200,2512000,6393500,1721366,1491800,3300100,1902000,4621100,3043700,1645300,2520000,1150800,11006200
2021-09-07,82278300,17180400,198107000,20124000,10793800,12398000,4672500,1382300,9285600,43748600,1557000,6792100,357500,3779000,19733500,4129000,6859900,1920300,26236900,12694200,13979500,1241900,2765500,3214000,54758000,60119400,1820000,5648800,4264900,2725200,1463400,14354400,9237800,6632600,8178400,2274100,2108700,2641100,13196100,3418966,2266200,5701400,3627000,6791300,4472500,1535200,2737500,1382700,15500900
2021-09-08,74420200,15046800,254434000,18344000,11067200,13987000,3851500,1367700,7852700,36064400,1646200,5601000,258500,3056700,21252400,2955000,4661700,2262500,15839600,10823200,8243000,945100,3121200,2175400,61068000,56379000,2718400,6591700,5548400,2843300,1372000,18756700,10775900,5228900,13279700,2927300,2498400,2603100,8877600,2576745,2455300,3911400,2427100,6230100,3616300,1512700,2030700,1521800,11835900
2021-09-09,57305700,19927000,196856000,15314000,9098900,13174000,4126500,1110200,7904300,36266400,2424600,6145700,478300,3295800,19776900,4549200,7114600,3508500,21695300,10337100,14628700,1122600,4546900,3445300,54384000,42233100,2992200,8414800,4711200,2474600,1398700,19110800,10219400,6285800,10975000,3286600,3575700,2777900,9242800,2056112,3636700,4521200,1725300,4108300,2317700,1243100,2566600,1211200,19403300
2021-09-10,140893200,19633400,248376000,36840000,11549600,16110000,5280900,1204200,8311600,40514700,1956000,5958600,332200,2943700,23367400,4099900,6699300,4215800,20801500,7620100,11084500,1054700,4127400,4278700,47946000,45552600,2035200,4252100,6517900,1945600,1324800,15123700,11006000,5055200,7712200,2768900,2477500,2551200,6959700,2501732,3094100,3893400,1235500,5508000,2391700,1488700,1963500,971100,15944100
2021-09-13,102404300,23652900,297500000,22094000,13026300,14927000,5258200,2242500,10052800,42036300,1802800,6112200,422800,3192500,28027200,3180200,6273500,3068200,37086200,7398900,11245200,1372500,5811000,4703200,51380000,68857500,2294800,8814500,4381100,2872000,1679500,22052300,11500900,8456500,9877900,5099500,3545100,2699100,10175900,2940455,2136200,4768000,1832900,6498800,2801100,1270100,1713800,1354000,20749000
2021-09-14,109296300,21853400,199755000,19674000,8711600,14134000,4097500,2150200,11685600,53820400,3263200,8400600,574200,4281500,36053200,5572700,5259600,2879800,24100200,6102700,15202800,785400,4197400,3333600,38738000,55574700,2013800,5323900,4722800,1905800,1383900,19940300,15294100,7880700,7106200,4747900,3572200,3757600,9947000,2864382,1895300,5253300,1410800,4658200,3421700,1109700,1781400,1128600,16937500
2021-09-15,83281300,28356300,166538000,27408000,17940300,23346000,4764600,2009300,11691500,52358200,3199800,6691900,494600,2933100,31535600,4248900,7935300,3180600,28674600,7444300,12555900,1241400,4803200,3303800,59150000,46073100,2507200,6827100,11556200,1953000,1770300,23240900,11623400,10766000,11912200,8412500,4584500,3342700,7916300,2145024,1769200,5673400,1403500,5707000,2795800,1044200,2223700,1419000,15330000
2021-09-16,68034100,19550800,156033000,26190000,11934200,17569000,5122600,2046100,10880900,42922000,2882900,5881600,726600,2765000,24102400,3054600,5665400,2262700,22424200,5821800,14818900,1053400,3317100,3049500,51672000,41770200,3410700,5085900,7997000,2171400,1577500,17907200,10616700,8773100,8079200,4326800,2427000,3120100,6370900,2539504,1657200,5907500,1681800,5380600,3219100,906500,2126400,1232300,14431400
2021-09-17,129868800,41372500,294503000,53384000,26299000,34470000,7049400,3553200,25581600,92746000,3843700,17485600,1272100,6390600,34912100,10256800,13419800,4534200,56370500,14157200,43406600,5272300,10045200,6832800,92332000,84612600,4756600,7944800,9261000,3735900,3411400,30000400,16006100,13741300,17376500,6397200,6201900,6351100,7932700,4659488,4504200,23128700,7677100,15390400,6699200,2994000,8745900,6512400,30787600
2021-09-20,123478900,38278700,349440000,46518000,19822800,30105000,5985500,2637400,15819900,67566200,3834500,15443800,767800,5976900,30603100,5848600,7270800,2799800,41873000,7103400,15989400,2674200,5262200,3385100,93382000,74273100,4549900,7041200,7795200,3329100,2602000,27555100,15796100,10001800,10708200,5227600,2989700,9151100,10567400,4253019,2439500,8217100,2410000,8994100,4907800,2374700,2159500,1885200,20440500
2021-09-21,75834000,22364100,204688000,25332000,11751900,16935000,6040600,2449300,8999900,38271100,2377300,8985600,596700,3480600,23049100,4243100,6663600,2382200,23645600,6400400,11995900,1364400,4918600,2999300,55618000,48992100,2008300,5857900,5468400,1960300,1531300,19696800,10958400,13923100,10499100,3871000,2170000,5699900,7139000,2725391,2496400,5900300,1503800,6450700,3274900,1161500,1793900,1216200,16906900
2021-09-22,76404300,26626300,268726000,25056000,43692900,20610000,4355600,5689600,11236200,46261400,2991300,9497700,544100,3562800,29430700,4957000,5657100,3629400,22616700,6319100,9028700,1696600,6553400,3479800,48228000,45378900,3361900,6844800,4578200,2285900,1380800,25690600,13292800,15753000,10547600,4775400,4003600,3924400,10953000,2420247,4229800,6233700,1336800,5662200,2732900,1172900,2840600,1334000,15907900
2021-09-23,64838200,18604600,248555000,20952000,21806300,18370000,15617200,2985500,12336100,49779800,2518000,6087900,526000,4399200,21852800,5860900,4697900,2681600,19719200,5847800,12813500,1179200,4161500,3890600,47588000,35842500,2941700,11981500,3842000,2038600,2061200,23069400,10094900,11886800,13562300,3893800,2520300,3367800,9344600,2312980,2527500,5906800,1497600,6414300,2419900,1634100,2275200,1066900,14714100
2021-09-24,53477900,14999000,217655000,22984000,18801900,10605000,13368300,2809000,10102400,39042300,1789700,5529300,322500,2680400,20384700,6437400,4399300,1950400,16150700,5836100,14714700,1300900,3045700,2801300,42324000,64119000,2508800,26913300,3955000,1901400,3353800,22328600,8225300,11128300,7414100,5126200,2424700,2199500,6498200,2067995,2312900,4665900,1193200,6113800,3010800,2318700,2092800,926200,12663900
2021-09-27,74150700,23571700,245215000,21882000,15205800,9831000,5941100,4152200,13220900,49755400,2788500,8195200,416800,3703300,48927500,6584100,5775500,2608600,19955900,4969600,8630600,1708800,6481200,2931400,72690000,84212100,2463300,11479300,3988800,2588400,2526000,32972200,12697500,13508700,13469000,5002000,3136300,3033100,9749200,2333457,1847600,4162100,1291500,8600900,2772800,1776700,2126900,1021600,13118200
2021-09-28,108972300,43186200,343069000,45772000,21710300,20124000,7127100,5108900,13387900,60781200,2609000,14183500,642500,3862200,49349100,8754700,7610400,3115400,28512200,6445600,11836200,1750100,5855200,6100400,88616000,76144200,3007500,10692300,5917700,3173900,2632700,37619300,15560800,14995200,19922800,5830500,3790400,3247500,9639800,2816000,3093900,5781200,2018700,9257400,3126800,2317600,3054100,2278000,19528200
2021-09-29,74602000,26353700,218394000,30848000,14452200,15783000,4361900,2726800,7777100,44260200,1955000,11543000,547200,2726100,21730200,6075700,5124100,2056300,18037200,6270100,16054500,1040900,4511300,2693800,51246000,62828700,1719000,7794900,4389100,2655500,1922000,23422800,10268100,10563700,13176500,4809400,2351900,2954700,16808000,2237649,2467400,3612600,1320600,7496100,3299000,1448500,1608200,1197700,14823000
2021-09-30,89056700,32343600,221009000,37996000,16547100,15735000,5224200,2743600,13161200,47410800,2665700,12258400,562700,3088200,22947500,7077400,6972300,3779900,21103300,7886400,16248600,1510800,4786200,5647000,56848000,53868000,3136800,10133600,5974500,5425400,1836400,31289600,15319800,15845900,13322800,6709300,3435400,4978100,10366900,3113398,2902800,5642900,2079500,10186800,2962300,2090800,3214000,2084800,18736600
2021-10-01,94639600,30086300,240978000,35360000,14905300,16052000,4756000,2915300,11285000,40987100,2382300,7912700,477400,3956000,18021700,4814800,8568300,3146600,38483000,8611500,102497300,1657600,8173200,4042600,56712000,51094200,2076000,8112300,5636900,3476400,1860700,24407300,10854900,13482300,12079600,5179400,2859400,3695500,9113600,2415367,3014500,5499500,1740800,7961100,4598500,1784600,1708700,1597400,18618400
2021-10-04,98322000,31350700,345635000,51202000,42885000,20093000,6393800,3977000,14120000,48273400,2895600,9482100,596000,3613900,22315200,5938700,8620700,3074800,28906500,9779200,53553300,1323700,5903500,5125900,90462000,91449900,2236500,7951000,4497700,3816400,2264000,33946700,13305400,12423500,16285600,6252600,6312000,2864600,6946100,2792764,3512500,5490600,1464500,6027800,4645600,1387600,2061900,1495200,18159200
2021-10-05,80861100,24993000,279282000,32404000,35377900,16557000,4050400,2337800,12292900,54070700,2508100,8850300,445200,2629400,20250500,7569900,5129000,3269400,19342600,7146900,28977800,1384500,4238400,3853200,65384000,55297800,2463100,10881900,5884000,2407300,1808700,29641600,13017300,11270100,12264600,6931000,5064900,3074600,5687300,1655266,2491800,4820500,1401400,5434600,3411500,1649200,1924300,1359900,13218200
2021-10-06,83221100,28002600,297202000,24364000,26443000,12042000,4745500,2043200,8692600,47031700,2111800,6912700,472500,2922200,17425700,5731600,7312600,2809200,30483800,5710300,17608000,1133500,5498900,4005500,50660000,43898400,2107900,7610700,5734500,2789100,1334600,25284900,10630100,10613500,12070700,5049100,4437300,3777700,7157600,1841790,2119200,4354100,1534700,6876200,2794800,1421100,2242600,2050200,21339800
2021-10-07,61732700,20430500,256919000,25110000,28307500,13261000,5374200,2648500,10195400,46258800,2348000,7959600,434000,3578800,19272300,4560900,5309200,2813700,19778300,7842600,14190500,1027800,4505800,3135600,48182000,57587400,2423900,7958000,5549500,2352000,1966200,19513600,8830900,11521300,15928000,4286200,2746500,3510500,7748500,1965609,2518400,3750900,1139200,5753200,2020000,1185000,2559200,1375800,18069600
2021-10-08,58773200,17685700,151258000,26526000,15946100,10279000,2683300,2050700,8190100,39389400,1446700,5301100,350300,2375300,14295400,3485100,4343200,2012200,12778600,5019800,12121100,851400,7193200,4116300,39964000,50215800,1687500,6333700,3787000,2004900,1545800,22186900,10586700,12310500,11854100,4848700,3274000,2713200,4515000,1426833,2781700,3342700,1168200,3592900,1745000,1064300,1403400,909400,21384600
2021-10-11,64452200,19298600,163388000,17954000,14708200,11186000,2693000,1410600,12154700,36283500,1787400,7003900,531600,2499200,15387900,4229100,4101600,2164200,11984200,4613800,11279700,676000,3873200,3588300,40684000,42600900,1504000,5551200,5987300,1998600,1011700,22121500,9794800,9585200,16941800,4611400,2671900,2015200,7287000,1437867,1780200,3048000,1052100,8798700,1659700,1074800,1468600,748800,32088400
2021-10-12,73035900,17974100,162134000,36332000,31658700,20991000,5970100,1740200,13032600,36898300,2088200,7913300,823300,3069500,18995700,6138200,6686400,2415700,16222300,6305800,10945000,1012000,4599200,4298100,36392000,66060000,2346700,7408600,3866800,2167400,1380900,20198600,9085000,7635600,18377900,4565100,2217500,4706700,8486800,1468106,2615700,3404100,1410000,7791200,2426000,1352700,2700100,1063900,42154000
2021-10-13,78762700,23416300,180652000,19654000,14761500,16424000,6573500,2142300,22753500,43908000,2391600,10170900,1453900,5608100,24150300,6066000,6901100,3021800,28205700,5471100,9462600,1223100,3935100,4063500,48402000,42360300,3214300,8456300,4806500,3984700,1621500,14991700,9220700,8517500,12504100,4415900,3511800,3253200,8240200,1697812,3780400,3285500,1771800,6260100,1798800,1646600,2165400,1430000,27246900
2021-10-14,69907100,27262900,243589000,31894000,14302200,19233000,5433900,2500900,15176800,82201000,3380900,14766800,802800,3061900,53257700,4799500,4579200,6038800,17590300,7289500,14607900,845700,4977400,4658000,42190000,36741600,2512000,6024500,5194900,4281700,1480400,18594500,7648600,8152600,8671200,3583100,2283100,5212900,10427300,1512456,4106400,4225300,2403800,6486000,3045600,1370000,1997400,1126400,27764900
2021-10-15,67940300,25384800,226994000,30274000,21596400,25103000,5119300,1960100,14267400,64264900,6451400,11678100,1023000,3043900,60096600,9004400,6918400,3312000,23550300,4634500,12866800,874700,6012400,7229900,103598000,56773800,2564700,5532100,5860900,3626900,1494800,16092600,9968100,6945100,9352100,3179500,2092900,4736300,8773400,2313617,3153400,4581600,1435000,14634200,2593400,3091300,3509000,1230500,27005500
2021-10-18,85589200,22729300,189494000,20396000,21585000,16042000,5163300,1905100,12672900,49542500,3832300,8924300,541000,2623300,33842700,6323200,7465500,2232800,21733000,7949400,13075500,1534000,5275800,10310600,63482000,72621600,2484900,5765300,4958400,4365800,2141300,18282800,10677400,9917700,11548300,4664400,2534500,2809400,6553500,1998181,2305000,3898700,1154000,4942100,2057600,1354300,2614700,1010600,20853500
2021-10-19,76378900,17682100,161473000,20164000,18786300,16383000,3631200,2470000,8053900,32515500,2568300,6189500,408400,1400100,26500300,5346500,10081300,1616800,17159800,4614900,15577100,765700,5880000,5031200,47722000,52143300,2071600,6198200,5799300,3204800,1365300,18933200,10362800,6589400,10417100,2821100,2880000,2626900,5963400,1697176,1974500,4195100,1433600,5717500,1759000,1816900,1843500,984800,16094800
2021-10-20,58418800,16537100,146276000,23288000,13639500,13458000,4487900,1497200,8185600,40411000,2453400,7426900,380500,2398500,24227900,6157200,6003200,2764000,22788300,5626800,11465500,1062100,8401900,5138800,42796000,42096300,3040200,4487000,7645200,2209300,1352900,14305200,10811400,5506000,10818700,3799100,2016900,2936000,8485200,1757971,1952000,3916600,1001900,6942600,1892700,1109700,2646500,745300,30659500
2021-10-21,61421000,16918100,187590000,26292000,16354400,11787000,2828500,1586600,8415200,36848600,2162100,5931400,333100,3313800,20448300,5938000,4524100,2465100,22142300,4811800,9893600,959200,4984000,3737300,37628000,94444500,2702400,6121700,3684300,1758400,1423300,16564600,9372600,5836300,12151400,3464400,2536000,3071300,8691500,2810801,2997300,4274900,876400,4945000,2057800,1269100,2939800,856900,17771100
2021-10-22,58883400,17449300,249384000,50588000,35224500,15367000,2927000,1786500,8817900,36225600,2411000,6761500,372100,6026100,21517200,5740200,4304300,2736200,17183000,4614400,7543600,738700,5742300,3747000,62782000,68642400,3283700,5323000,3396400,2205700,1710300,14266800,8673800,7170200,12077000,2202600,1880200,2632400,7077600,3712015,3735900,4160800,825700,4732400,2430300,1496300,2163100,1214800,16074000
2021-10-25,50720600,17554500,230235000,34412000,38409000,12416000,2993500,1629400,10159200,31679500,1824700,3836000,452400,3889600,19330300,4213500,6715400,3553500,22846200,5697400,9365900,951900,4426900,4182100,44520000,188556300,3178400,3878200,4290600,2488400,1903400,17939800,9579800,7471200,9768400,3849100,1939200,3294700,7239100,2875734,4829700,5953900,1564800,3987300,1681600,1194700,1793600,1225400,15987400
2021-10-26,60893400,28107300,485898000,49236000,65654000,24043000,3601400,2154000,8015100,35674800,1843300,7649500,377800,3832200,18196300,6362400,6939100,3103900,29729100,5047400,9352500,1051500,3994000,3390900,53966000,187245000,3066400,4711200,5948000,2439700,2378600,25585100,7463000,5898200,11666500,2617600,3262700,2933600,11014500,2592978,6596500,9122500,1386300,6969100,2298300,1742300,1776800,1069800,15185200
2021-10-27,56094900,52588700,245990000,85782000,29971800,23500000,3742700,1629900,9847000,45790800,2067200,7542400,452800,3309900,21988300,6539200,7018800,3520400,22317500,4875300,8465400,1771100,4128600,3610800,54044000,115579500,5249400,4163900,5853900,2269700,1741800,21764500,9096100,9025600,13929600,3992200,5417200,3406700,14761700,1747573,3309000,4273200,2003100,4356900,1519200,1280300,2049800,1536000,15007400
2021-10-28,100077900,26297900,234204000,36206000,50806800,11872000,3450400,2085000,7212900,37209600,1444700,6663000,352200,4865700,26785500,3579600,6278800,1672600,18023400,5193300,28854700,1280000,3645300,4242900,114174000,81639600,3448500,3762000,7697600,1735200,1362400,16626400,7538200,5195900,11364300,2284600,3380000,4462700,8825500,2066722,2236400,4179900,1897900,6568400,1973600,1391600,1895700,1565000,18374700
2021-10-29,124953200,34766000,292503000,43320000,37059400,15564000,4251900,1927700,8140100,31756200,2061700,8056900,484700,3455400,19788500,4421600,8526800,2497800,30307500,16545000,18678600,1541700,4692200,8118500,129722000,89755200,4329400,6740600,27419600,2417800,2471600,23966300,15294200,8079300,13940600,2293900,5110900,4292200,8559500,2774833,2362000,5202300,1562500,7792600,2301300,2532000,3743200,1890800,17763200
2021-11-01,74588300,27073200,265740000,46924000,31518900,16896000,3825100,2215800,7435500,36937200,1820800,5432400,399200,2250400,18699000,4095700,5846400,2203100,32681500,7096800,10943900,1582600,3494700,3600400,72178000,168146100,4456200,3610800,14184600,1718100,1548700,19656400,11213800,11944600,8514000,3190600,5824600,3215200,9284900,1801366,1868400,4588800,2391200,5135200,1606500,1520500,1915800,1367700,14177700
2021-11-02,69122000,26487100,294112000,33482000,28353000,16262000,4177500,1770000,7173800,36283400,3000800,7191700,381700,3252900,21672500,3682600,8450600,2600000,69248000,10357800,14671400,1376600,8069600,6909700,52552000,128213400,2624300,5038000,11538900,2228000,2012200,16300000,9189700,10891900,7293900,2327300,4552600,3429600,6160200,2437541,2206700,4554100,1371300,7266400,2701100,1532500,1720100,2012300,16913800
2021-11-03,54511500,21500100,239910000,27494000,20786500,14038000,3260200,1970700,8402700,42553000,3542400,9009000,387200,3831200,24225700,7051500,6717800,2438200,44593100,6186900,10883900,1216600,5110600,4762800,67944000,103885500,2399000,7176700,6422600,2397300,1856000,17372800,10416000,9311800,10448800,4917500,4270800,3137000,4636100,2182795,1765800,4148500,2948400,5723200,2062000,1133500,1739300,1856300,12240000
2021-11-04,60394600,23992200,1153631000,38412000,22495300,15956000,3833800,2480600,9574200,47646300,3802300,14823800,351000,3315400,32005700,5782900,8224400,2517300,38172500,4912200,19519800,1396100,4675900,3928400,107060000,76192200,2711000,5460100,8212600,3031000,2615000,17720100,9673000,8573500,12516200,5006500,2859200,2543500,5849600,2461520,2451900,3711700,1334000,6594000,3054500,1381000,1598800,1628200,30807500
2021-11-05,65463900,22570100,851260000,38354000,26872800,18674000,4681800,2517600,7975600,38271200,2105600,8449600,340100,3936000,23443200,4107600,6215900,2905000,173959100,4635800,37623900,2693400,7989800,6147400,99940000,64886400,3224300,5892200,10256800,4060300,2071700,18565100,8102100,6987600,11279200,7202000,2682400,2591300,16936300,2471281,2117800,4330400,1422900,4885400,2127800,1214000,2048400,1693200,17442800
2021-11-08,55020900,20897000,503101000,23052000,18342500,17231000,3893000,1497200,6413700,33815500,1728400,7332000,372400,3392000,19509500,3420000,5578800,2279900,57423300,7015000,18655700,1170900,4930000,4183900,61480000,100337100,2471300,8301100,8753300,2523100,2834800,17696000,7695900,6957700,14225900,3487300,1640600,5944700,9456100,1820039,2166100,4469100,1540500,5391000,3686700,1014100,1166900,1448700,15985200
2021-11-09,56787900,21307400,646746000,19530000,17556700,15838000,3126500,1128000,7990300,36900300,2246900,8756900,394100,3203300,28324800,4193800,6112800,2657800,29920400,3146800,10512000,927000,5130300,3150700,85898000,177317400,2258900,4343000,6754700,2346800,1881800,18781300,10945900,6049800,10925500,2439400,2363700,3310300,6863700,2513509,1552900,3372900,1394500,3917600,2876300,823300,1761600,1813000,16014100
2021-11-10,65187100,25500900,636206000,29970000,21872600,18450000,4350900,2038200,6999200,39385600,2243900,9191500,340400,3296700,19827800,4739000,6225100,2818200,42696200,4981100,9855900,1119100,5358900,3225700,80548000,128408100,1794300,8185200,6563700,2093100,1226600,20177200,10305100,7484700,10311700,4271500,2910300,3261800,8197600,1405613,2415500,3503200,1067800,5192700,1876700,925300,1453400,1540100,16261100
2021-11-11,41000000,16849800,332172000,16518000,12376600,14157000,2681900,1271100,5815300,31194800,1252400,6249600,266900,2119700,16069700,2794800,4118800,2246800,42370400,3120900,5761500,687600,5054800,4046900,45288000,67189800,1640500,4994900,7191900,2199400,1227300,13319300,7317500,7784500,6363900,3068600,1510500,4819800,6567300,1693144,2113700,4993600,782400,5370200,2002600,1221800,1291500,924900,10983700
2021-11-12,63804000,23831000,413054000,22360000,25414300,13592000,3803700,1286500,8113400,44268500,1360100,7270300,387500,2390200,17124700,4681400,18995200,2609500,27780600,2740300,8206700,888100,6462200,5539500,53788000,76719300,1625200,5126300,7350400,2497600,1780200,18158900,8682800,5329600,7346100,3539500,2146500,2018000,6419900,2317861,1600300,3273100,1011100,6467100,2504100,991200,1690000,1044100,14378500
2021-11-15,59222800,16723000,384909000,23508000,25076600,13972000,3595300,1077600,6492500,35335500,1436500,5652200,678600,1748300,20110200,3302400,7496200,2849600,27763200,3941000,7108200,826100,4565800,5775200,58594000,104326800,1709200,3856700,6566100,4852400,1392300,18849200,11050400,6181400,8358900,6183400,3721000,2392600,21921900,1281582,1378300,3423100,975400,5543000,2362900,3467600,1502100,1274900,14282700
2021-11-16,59256200,20886800,264484000,18904000,18181100,13194000,2989400,1422000,9706100,35120800,1311000,6448500,472100,3299200,19244900,4383200,7594700,3383800,31297200,3476400,10565200,1346900,4141300,5283500,44342000,79627200,2195500,4401000,7965000,4355800,1690700,17028700,10566300,7451100,7683800,4718800,2950000,2138000,10120200,1749059,2302800,4746200,1162200,5497200,3758800,2783200,1318200,1604300,15876100
2021-11-17,88807000,19053400,428508000,19594000,13602800,12532000,3864700,1221900,9909600,32963700,2927000,9670700,677300,3543500,17802700,5613500,5414500,2281500,36889800,4361500,10286300,1390300,4759900,3976700,51206000,94336200,1412000,3940200,5768600,11855900,1609400,15497000,11108000,7628600,9716800,6058000,2299800,3135700,10750900,2012293,2542300,3910600,1647600,6203100,2368600,3451600,2039700,1304600,17679200
2021-11-18,137827700,22463500,781711000,35608000,17487200,12712000,4443100,1493800,8122500,30639000,1847400,6850200,681600,4011500,19198200,3297500,6358700,2073800,32872600,3160300,9833600,968700,4466100,7731800,114070000,62696700,1751200,4044200,5632100,5786300,1664200,16948200,8368600,6548800,8860200,4543000,2548600,2119900,10983700,1791286,3919400,4376300,2228000,5537400,2809800,2436700,1464400,1762900,19490300
2021-11-19,117305600,21963400,533867000,33682000,26488500,19612000,4758900,3090900,12193600,48429500,2610400,9923400,738700,4456500,30548400,6394900,7620700,3536100,47966200,5885800,17581100,1222300,6867700,7325000,98734000,64926900,2743100,6145600,6921800,3960900,1909800,32035500,13532600,8817100,19098700,5732400,4692200,2980100,20844100,2223962,2677600,5478200,1742000,6765100,2986300,2036700,1979900,2067000,21105200
2021-11-22,117467900,31031100,754335000,30594000,27116800,25898000,4474700,2284700,14549900,53697100,3058700,10430400,520600,4651700,28549400,5896200,7634500,2598700,27287900,3975800,10880200,1318900,4205400,6813100,96844000,99217500,2438700,5906400,5967300,5568900,2190500,21994400,9947100,7445600,12772600,6530400,3782400,2596500,10764300,2601148,2220500,6819800,1707000,5214500,3913900,1835200,1588500,955500,22751600
2021-11-23,96041900,30427600,532163000,27218000,17225000,17109000,6431100,2502800,12354400,49362900,2402300,8559200,686100,5890300,28024400,4321800,7734000,2857000,24946200,8948300,12130800,1022500,4873700,11151900,73804000,108515100,2770000,5302100,7911000,4053400,2147000,21185900,10366800,9107200,10914800,4901700,3452500,3127100,8882800,4266705,2345300,5950700,1680300,7408000,3174100,2070900,1908200,986800,21501600
2021-11-24,69463600,21661300,435162000,18040000,13566200,12084000,5091400,2426800,9629800,40060000,2186300,7146400,438900,3590600,18901900,4725400,5230900,2248800,18556800,5792800,8537000,1283200,3729500,5588500,46560000,67680600,2642800,4637600,4464300,3052000,2316400,15869700,8500900,7215800,9490500,3049700,2305200,3880500,5437600,3465226,2518700,3464500,4482900,4553900,2236800,1320800,1256100,1327400,15474500
2021-11-26,76959800,24217200,283069000,30470000,14750700,14219000,4195300,2204000,13619300,55110100,2687900,11738200,543200,6804200,29919300,5773800,8523100,2480600,66561300,5016700,18022000,1677700,4671400,5561300,59826000,35042700,2573300,4751100,6703200,3180900,1844800,24979600,11861800,10258700,12412300,4738200,5044500,3496000,17636600,4093126,1941000,7113600,2308700,4340700,1805400,1161800,1767300,1319000,17048100
2021-11-29,88748200,28563500,454964000,32596000,16650900,18703000,8215600,2728800,12104400,50231100,2883400,13793400,610600,6258500,27677000,6017600,9188500,4079700,72660800,4372500,34192400,1869900,5648200,7026000,65312000,58393500,2084600,5448700,7114100,3027600,2919100,18946400,12003800,9191600,12588500,4061700,3400500,4559900,12276200,2756584,3435100,5835000,2902000,8712500,2128900,1842900,3045500,1857200,18652500
2021-11-30,174048100,42885600,622066000,42068000,25390000,22574000,13597600,4703600,18922600,77193600,4570400,20586200,1057500,7444900,40671700,9711300,14981700,7435400,64598400,8172100,30179900,2562900,7269900,14018500,80022000,81276000,3836100,11033700,9483300,7907900,4244200,34979800,24451200,15723700,39947700,7858200,5819900,6358000,12638900,6026798,6267600,7966000,3681500,16328300,3873200,2759500,5225900,3243900,47766200
2021-12-01,152052500,33337600,484368000,34020000,30329600,21980000,30723100,2831800,12253400,60601600,2476000,11708200,707900,6145500,29365100,6029400,9835800,4325500,59810400,6287500,21435900,1502700,4816700,8205200,74916000,68450400,3275300,6618200,7618500,3851600,2877100,30630600,12302700,10070500,14888300,5594600,3976800,3425300,13268700,3313609,2938400,8499000,1755200,10062800,2825600,2629100,3043300,2459500,26295500
2021-12-02,136739200,30766000,472890000,29194000,24396200,22619000,12200800,2675400,12969900,57821400,3343700,10685800,630700,6289300,29184900,8382000,11334700,4738700,46361700,4919800,15345300,1481700,5090800,7458800,64726000,73114800,3290500,4398900,7709400,3684000,3277500,29216000,11392400,8410900,12517300,5674200,3617500,3445700,20435400,6371199,2423400,6409100,1969800,8303500,2956200,1902600,2729700,2183900,27364400
2021-12-03,118023100,41779300,544325000,41230000,27471000,20305000,8944000,6741800,12681800,74605300,2807500,9811800,641300,4069300,29221900,7344000,8750500,3038300,37574800,6428100,14508900,1698500,5254500,6922900,80712000,92322000,3229900,4878500,7014100,4838700,2984400,22014700,10445100,6995700,9816300,5592900,3219500,3250900,10742700,3762200,2606400,6038900,1379600,11191000,3106800,1804000,2885200,2566700,24711700
2021-12-06,107497000,30032600,658938000,30618000,21758300,22482000,7123000,3170000,11186500,48193100,1990200,9624500,442800,4141900,31650100,4488800,9692000,4721500,53724000,8939900,13506800,2319700,6601600,7624800,68860000,81663000,3616800,5636900,8280200,3772600,2432900,19210500,9833900,6200100,8977600,3091200,3866000,2838400,11587900,4643360,3006700,4964200,1543500,8946400,2972500,1864800,3254600,1672900,22433100
2021-12-07,120405400,31021900,593053000,32240000,18794000,29562000,7401200,3943500,9851600,40740800,2441000,10674400,616200,5124500,28370200,4333000,8311300,3105200,41575400,6123300,17635100,1585300,5143600,9550600,66410000,56084700,2596200,5898700,8786900,3565900,2579800,19800400,11419600,8136600,9153800,4748700,2572900,2818000,10387900,5078689,2250600,5102900,1478900,7909700,4402500,2133000,2800200,1797500,27754700
2021-12-08,116998900,24761000,475551000,24270000,19937700,17998000,4586500,2416200,11705700,50560300,1635200,9089700,413500,4042400,19990300,4138300,6216400,3228300,37429200,5278100,14331400,1267400,5389400,5585200,45254000,41906400,3453100,5614400,5807000,4929400,3037500,18214400,8827900,6313200,8963300,3109200,1947700,2341200,6986800,5302241,1615500,6749500,1182900,5356500,4819400,1327600,2202800,1370100,20452700
2021-12-09,108923700,22214200,488507000,23270000,16879200,29080000,3967000,2550700,11189600,37316700,2111500,7749600,376600,2245300,16927200,3652800,8574200,2977400,38325700,8082300,11938000,1029300,2663300,6162500,46062000,59438400,2955100,5171600,5664700,2762200,3200500,16910300,8334700,6511600,6726700,3957600,3913400,1646600,7011000,5296512,1931500,4241900,897900,5731200,4020800,1116100,2165700,1086500,23628300
2021-12-10,115402700,38095700,488825000,24458000,14528000,57087000,3480100,2873000,10405400,37700200,1893800,10429000,453500,2768500,20040900,3864900,6572200,2572300,26079400,7059500,11398800,989700,4371800,4342700,60690000,59664300,2529600,4791100,6110800,2487200,6333600,17942400,9090700,6065000,7445900,3615200,2268800,3315200,6040000,3618222,1887900,3294400,1200600,4996700,3039900,1352400,2024800,1116600,18498700
2021-12-13,153237000,28899400,598344000,27070000,22948700,26898000,3625700,3829400,12069000,38653900,2313300,10057100,463300,3477600,19598900,5057400,11142300,2724800,54923200,7834200,17486100,1181900,5094800,4750000,62170000,78595500,2878800,5972300,6479400,3783500,3415200,17793700,8533000,5719100,8387000,3999100,2527800,1868500,10619600,3068730,1909700,4173900,1375000,6446500,3932500,1836400,2550000,1016800,27618800
2021-12-14,139380400,44438700,667035000,38446000,20461000,35956000,7227300,5934200,12563600,47099400,2788500,11105900,828900,2964200,17602900,6068800,10482400,3018000,48685700,6381400,18949700,1491500,8193300,8183100,55976000,70806300,3695500,4872200,6854600,3364800,3494400,22551100,12245300,6669300,8515900,3412400,3360000,2248800,8445100,4021827,1930500,6144700,1799800,11022600,2825100,2225100,3268800,1631400,31555900
2021-12-15,131063300,35381100,698297000,36370000,24681300,29092000,6484900,4288800,14014200,60057100,2802300,7055000,465900,5013000,20284300,5307200,8552200,4188600,75202900,9585600,14263400,1422800,6422300,18546500,75794000,75169200,2641800,7144600,6902400,3433500,2937100,19961900,11069500,6805600,9370000,3148500,2666100,2193700,10535900,3132072,3703400,5388300,1982700,9590000,3378800,1932500,2979300,1445100,24115700
2021-12-16,150185800,35034800,707366000,33650000,22635000,42748000,6556700,10961200,19542800,69487200,3578200,7889900,474000,4900100,32781100,9825000,8998600,4080800,75183600,9569000,16601700,1625100,6984100,18427400,60876000,82771500,2347700,7138100,7544400,7302100,2683000,21187800,11344700,7068200,8547600,5108400,2965600,2856800,8216800,3175785,2932600,4546300,1945200,7623300,3066600,1791500,3772300,1449500,40091300
2021-12-17,195432700,47750300,713758000,50416000,40012600,50661000,12119400,7999200,28082000,124242400,7058600,20851400,724700,9576800,74833400,13350300,16726200,5707200,104192100,12631100,28040600,2475800,12146000,22561600,85542000,100437300,5943200,7705100,13696900,5832300,5752000,44338100,22727900,22913100,17089100,9057600,5988200,6079600,12618300,5919425,5625800,8892600,2976500,15335400,7150200,3248700,6983700,2791400,54501100
2021-12-20,107499100,28326500,461847000,27192000,17901800,32770000,5580100,3441100,15148000,56455200,3735600,11931400,549500,3839600,29134900,6446300,7954500,3145600,55712200,7119200,11818800,1001300,6501200,12699900,57372000,56480100,2824500,8411900,6313700,5233200,2033600,21819300,13464400,11485000,10479400,2937500,5883100,3605100,10256400,3594031,2936400,5828400,1784700,10167700,3678600,1551000,2230800,1621800,23418000
2021-12-21,91185900,24740600,524385000,28756000,16116800,36534000,5428200,4104700,11291300,47845600,2942800,8235100,381500,3722400,21249400,4353500,7954200,2536000,63877900,6085900,14947800,1201000,7153800,9610500,55956000,71517900,2851800,13862900,4682200,3975700,2472800,19798900,11368200,6324800,8440200,3089500,5058500,2303400,12082300,2788520,2317000,7301900,1518500,6287900,2054600,1381900,2185800,1051900,23905300
2021-12-22,92135300,24831500,395184000,26322000,16764600,28383000,4982400,4526200,7273000,35715700,1487900,4798400,350300,2877700,15688000,3945200,4178200,1687500,62594900,7070900,9256000,918400,6768900,6690600,55036000,93634200,1795100,5811300,3643300,4182600,1454500,14058300,8345200,3775100,9699500,2713900,2320700,3558700,8145300,3300877,1716500,3852800,1582400,4142900,1588700,914200,2136800,923400,16486500
2021-12-23,68356600,19617800,343022000,26384000,13987700,23596000,3769500,2147700,8055200,34053500,1624000,4482200,416300,3140500,16025600,3570400,3501500,1706500,39203200,5702300,9894900,840000,3491800,7255200,36788000,92713200,1509800,3876900,3359600,3345300,1757800,13543300,7416600,3902700,7160100,2458300,2970100,2669600,7415200,2521042,2573900,2650000,997800,5845600,1435100,1016000,3047800,1151900,14921400
2021-12-27,74919600,19947000,403686000,15976000,17795000,19442000,3531800,1980100,6188100,33879200,1430400,4196000,410900,1687300,11900400,2815000,3704800,1349400,27362600,4436800,6334700,531400,3801700,6591300,58688000,71145900,1485500,3769300,3716700,4335600,2262900,12593700,7745500,3967800,6891400,2714800,2229500,1711200,7818900,2638070,1807200,2743700,953100,5410300,1269600,1235300,1591000,1094400,19705800
2021-12-28,79144300,15661500,420591000,18200000,16637600,17247000,3293700,2107800,6342300,32492400,1528200,4269700,385200,2035300,14320500,2719000,3187000,1495500,36901700,4237200,5727100,818200,3296000,7488200,54638000,60324000,1304000,2658600,4561600,3202400,1155000,12781000,6516000,3383700,7146300,2307900,2316200,1393000,8879700,2091443,1375400,3220100,718700,3096400,1197400,1065600,1749300,926400,12126500
2021-12-29,62348900,15042000,343139000,17788000,10747000,14797000,2592700,2484200,6398900,25294900,1327800,6923100,392000,2082200,14390700,4196900,3662000,1573900,26170200,5594300,5926100,644100,2848900,3635500,35754000,56154000,1318500,3830900,4215300,3065800,1753000,12733600,6957400,3947300,6817700,2053100,2693100,1334900,6119000,1819085,1154900,2085300,1417300,2945400,1176300,1430600,1399600,802100,15109500
2021-12-30,59773000,15994500,308864000,15688000,10593300,11473000,2950600,1564600,6948200,23852200,1160100,3564900,315900,1632900,13701300,3079200,4231800,1309800,24559000,6354300,5859100,555600,2809100,3519200,37584000,47040900,1714600,2666800,4068700,4007400,1338700,11940300,6016000,3340200,7205000,2228300,2469200,1465900,7012600,1350759,1207000,2459400,1538800,3716300,1690700,1370200,1504800,925300,15615500
2021-12-31,64062300,18000800,266530000,18136000,12870500,12046000,3169300,1581400,5805900,24253900,1601300,5124800,215100,1743600,12649300,3223200,4409500,1695400,28579600,3963400,6019500,778700,3271800,3608900,47830000,40733700,1519200,2752000,3674900,2485100,1509200,14072000,5706600,3453900,7785200,2062300,2317800,1374500,8053000,1630227,1579900,2667700,1004700,4811800,1945700,1274100,2025800,817800,15911400
2022-01-03,104487900,28865100,391547000,28646000,14537900,22591000,4316800,2862700,13120900,58587900,3334300,8481900,470800,3236400,38978100,6739700,6012200,3033600,57219200,6839800,9441200,1888800,6688100,7797800,63520000,103931400,2750600,5670500,5475700,3018000,2714100,24282400,10717700,5769900,18781000,2997400,3710300,2055600,9060200,2735895,2319600,5169200,1570700,7864400,3272700,1597900,3437500,1514700,18240100
2022-01-04,99310400,32674300,527154000,28400000,15998000,21103000,7240700,4344800,20195800,74606700,3916400,8967000,495800,4799500,43855100,12870700,6748400,3908100,66993100,6298300,11981700,2598000,8241200,7680600,70726000,100248300,2506000,6064200,8367600,3327600,2097500,38584000,16413100,9189300,17954000,5716500,4484400,5242300,11414600,3455040,2741200,6044200,3034100,8379100,2558300,1813300,4209300,1919900,26376800
2022-01-05,94537600,40054300,498064000,54618000,20564500,34961000,18882500,7394800,17539400,57791600,3469600,10288800,573300,4491900,35072600,9568800,7016100,3921100,52956400,7724900,17447900,1915400,5948200,7206000,64302000,80119800,2473000,5021000,8662300,3885800,2887500,34033300,15487100,9034500,15846900,6632100,4196400,5378200,11564700,4337899,2710800,6833600,3310100,6722300,2446600,4486100,3818200,1654900,28697300
2022-01-06,96904000,39646100,454186000,37348000,27962800,28581000,9376100,3913600,14047500,52040900,2960900,10059200,637000,2649400,29720800,7941200,7301600,6555200,37000400,4667000,11359200,1686000,5710200,5207000,51958000,90336600,2908400,4144600,6099900,4193200,2503100,30668500,13318500,8679000,11163900,5254700,3631300,3913200,7142200,3469894,2102200,5559000,1600700,12658600,3944100,2473100,3090400,1649400,21563800
2022-01-07,86709100,32720000,409939000,29760000,14722000,27832000,6286700,3605400,13913300,59082600,2360700,6128400,643300,3043000,35149300,7344300,6986000,5494200,27703400,8630300,15212000,1741800,4367500,5142200,46606000,84164700,2209100,5108000,11266400,3052900,2323900,23985400,14164600,10838800,14324300,6277800,3771000,3673400,9526400,3243159,3014000,4835300,1791700,13359300,2990100,2244300,3449000,1441000,26512500
2022-01-10,106765600,44289500,594681000,44408000,24942400,29793000,7803800,5429700,12922500,66839500,3009400,8904900,788500,4269400,34733500,6821800,7698400,5831800,34044700,9794400,19636800,2095700,5975600,6500500,87798000,91815000,3122400,10439000,8499400,4858100,4916800,22760300,12626100,9125400,15515600,5381700,5816300,3734900,8229000,3664376,2853800,4884200,2120000,11378700,2683500,2113500,4169500,1415600,24929400
2022-01-11,76138300,29386800,404089000,28730000,16226800,19037000,7635300,3422200,11854100,40454400,1748800,7320200,744500,2762700,25073700,8977700,8341100,3332800,33576600,7159400,11585100,2474800,5709400,7217100,62806000,66063300,3206200,8175400,13073200,3048900,2457300,32936100,14609000,8510600,15432500,4866400,4409600,2944300,8098400,3744800,1771700,4529800,1249900,8395900,2937300,1884300,2656500,1571700,18598500
2022-01-12,74805200,34372200,383413000,26108000,14104900,18806000,6718900,2901800,12568000,41378000,4158000,10855200,650900,3224300,34159400,8669100,8116200,3502300,27608500,6589300,13057000,1554200,8416000,8421600,50030000,83739000,3044000,6351200,11810500,4233300,1729500,23045100,12469200,7740100,13196800,3953900,4263400,2506900,9134500,3294193,1865700,4613100,1458900,6484000,2226300,1876900,2635800,1274400,12778300
2022-01-13,84505800,45366000,540171000,31436000,14797100,30048000,6680300,3406500,13623400,46337500,2497800,6267700,795900,3808800,34037300,9123000,6159400,3005300,28117900,8386400,9678100,2018100,7174500,5165400,52188000,97209900,2371300,4990900,9818500,3459000,2428100,21043200,9691300,6814000,12799600,3469200,3706600,5002300,17628000,3270533,1828500,5026300,1325100,7203100,2591200,1728000,2108000,1446200,18178200
2022-01-14,80440800,39846400,395832000,29662000,16868500,25661000,5805100,2659800,40158400,72953300,4685300,16724900,1239700,6508500,56739600,10057100,5847700,3665400,27072500,10484500,9478000,2426200,9256900,6291500,45974000,72924300,3460100,6030500,13703200,5282600,3872500,23012900,13281000,7946600,17414000,4981800,3389700,3970600,8053500,3547029,1921600,4987400,1309400,11084300,3425900,2549900,2330300,1850700,18695800
2022-01-18,90956700,42333200,424270000,34872000,22645600,35825000,6032000,3461000,32324800,65877400,13123500,21803100,1018400,4336300,41689600,15343500,7815600,3938800,35598000,12341900,14493100,1849500,5850100,8019400,67292000,66743400,3076500,6931000,11396000,4652500,3801900,32841200,12905500,10782900,19101100,6205400,3862500,5411900,8930700,3241355,2339700,6010200,2685500,10848100,3082000,2523600,4121300,2207400,21570300
2022-01-19,94815000,45933900,488315000,28648000,20814700,22692000,5332600,2985900,22380000,84451800,7426100,19716100,795100,3592000,34970200,9110700,5926500,4030900,27300400,6196700,11448200,1875900,3996400,7278600,53242000,75442500,2304700,4823800,10856800,4091200,2709400,26431600,12064300,7370100,11154600,4935500,3086500,4991700,9382800,2774303,1701700,4887800,1919100,9673900,2460800,2200000,4361800,1442400,18374200
2022-01-20,91420500,35380700,435181000,29908000,16925000,25225000,5663700,3208100,14860800,46265300,4599900,22637600,945800,4205600,26972800,8790900,6011300,3228600,35105300,6612800,12069600,1530300,8652600,6110400,71974000,70488600,2602200,5366500,20311500,4307900,2893700,26774600,11370400,7707700,14720200,4863500,2943500,3545600,7636800,2725391,1706800,5354700,2014300,12028900,2426800,2120900,3494800,1611700,24297100
2022-01-21,122848900,57984400,718958000,55652000,28710700,38010000,9128400,4276100,20705400,71303600,4904100,22568300,1248100,3779100,38357600,9773200,10550300,4273200,41059000,7583000,18461700,2095500,10132700,6406200,163972000,103416000,3738100,7553400,13438300,7859300,3295600,35995200,13055700,10625600,15762200,3801600,3592700,3754700,11548500,4711689,2570400,5846500,1493300,12809100,3453800,3504900,4375000,1921800,25294800
2022-01-24,162294600,85731500,913982000,76622000,38878100,54256000,11664300,7538000,28471400,90672700,6569800,19527300,1688700,5405000,48451400,13314700,14054600,4780700,59036400,13733800,17289000,2586200,10864500,10286900,155624000,151565700,5153100,9733200,17201400,5617700,4412600,41507000,19513700,9505400,17956500,5916700,3803800,5107300,13796500,5769824,3660900,8849700,2251800,14689800,5654600,2708800,5717800,2877700,32500600
2022-01-25,115798400,72848600,664616000,46960000,25108500,38158000,9092700,4051500,18915900,73555300,3959300,16060700,1220000,13320800,40858700,9155100,14081200,3428900,43983200,10296500,13662400,1864600,9126600,8577400,90824000,86595900,3908600,8195400,12368500,4929100,3076800,39278400,19984500,8514800,24167100,4764900,3122800,4554300,8824500,5557306,3817200,10377400,2511900,22925000,3336300,2065700,3755500,1941600,32075900
2022-01-26,108275300,90428900,755959000,49130000,28348800,49715000,10029600,4449500,20709100,63735800,3745900,13344400,942700,8257300,39687100,8703900,9963200,4435900,39644800,8040300,13046600,1892900,14753100,6568200,95602000,104867400,3839000,7444600,11863000,4207500,3074900,35252400,17266500,9416400,25985100,5122500,3907700,3558500,19974400,3594244,3074700,9829100,2296100,24721700,3111000,2325000,3698400,2092900,41504700
2022-01-27,121954600,53481300,573353000,31950000,21629900,34183000,9462100,5865400,17536800,63402400,2573400,17843100,696600,3649900,34209200,10986500,9066700,3508100,36957200,8869100,20187200,1933400,9179500,5979300,77516000,147109500,5199000,6396400,7322200,4004300,2372300,29174700,20654100,9624600,24350400,6217600,3917900,3678100,12670100,2917750,3371000,6998700,2030000,21250600,3384900,2722300,4062400,2151600,35339600
2022-01-28,179935700,49743700,543774000,34362000,21871600,30254000,8254900,4339000,14117000,51048300,3714600,14044800,602800,4271500,35519700,13898000,9783100,3364400,28590400,8014400,13915300,1583900,8286500,8459400,74392000,134789100,3833200,6130200,8345400,2906200,1918500,30595700,24817800,11561400,18155000,3832600,6742900,10747300,10966700,3599230,3066200,5877600,2100300,25537100,2874200,2106700,3645200,1898400,29490800
2022-01-31,115541600,46444500,564680000,39986000,21579500,40288000,7084200,3995100,13985700,44793700,3312400,8467000,611200,5524300,34657500,12540800,8054800,3500500,38644600,10300000,13035000,1886100,7210000,9255000,78308000,104436000,3174200,6932200,8807700,4151100,2480700,36085500,16401800,7539800,16444600,5685000,3778700,6179000,15504600,3498966,4626700,6419700,2191600,21787800,4306700,2665000,3260500,2381400,25182400
2022-02-01,86213900,40950400,518925000,68644000,18023800,25719000,6387100,2307400,14584900,40326600,3303700,7885700,631900,3471200,35870200,9309100,8154700,3148600,27883300,7413900,10803300,2215600,5602000,8114900,59220000,73138200,2496500,6695000,11601900,4117400,2347200,61033100,16169700,9424900,18792000,4590900,3360100,4026400,12265100,3239551,19125300,6558400,1622500,12082900,3036300,1665800,3349800,1875800,33045600
2022-02-02,84914300,36636000,543419000,123200000,58458300,24443000,9378900,2494100,12441100,41125600,2742400,9596300,1030400,2841400,29037100,6511500,7382800,3026800,32039300,11363100,13988200,2087200,7450500,10230100,87330000,66792900,2371500,5491700,15578800,4588500,2547600,30299300,10906700,8803400,16356600,4368300,4159500,3492300,7843700,3008890,5474000,5978600,1642900,8397700,3391100,1446000,2910600,1730400,24160200
2022-02-03,89418100,43730000,410178000,71518000,188119900,30602000,12826600,3058700,12474900,35879900,2372900,5986500,582600,3380900,25227400,7044400,6240400,4370900,22635800,10272700,19181400,1758000,5613300,7134200,225532000,78855600,2242200,5240200,8901100,6357800,2665100,28529400,9447700,13258500,12302100,3569000,2829400,2748200,7054700,9209374,3503300,7171700,893700,7960700,2238900,1367300,1968300,1556300,21219800
2022-02-04,82465400,35096500,354829000,57998000,89342200,20548000,6176500,2583700,16654400,60297100,3762300,7881800,667400,4075800,33622100,8962400,6392200,3066400,24932200,6921500,10716200,1393200,4149700,4526800,253456000,73625400,1989700,4313400,8267600,3754700,2387400,32197500,13034700,12035300,19955400,3708300,3256300,3930800,5952600,5814174,3623100,6321400,1102400,12132000,2217100,1275900,1929800,3291600,16199800
2022-02-07,77251200,28533300,376868000,54974000,88613800,18671000,3922300,3120500,12572300,44824800,2635600,9129000,568500,3260800,37480100,5368300,6065700,2937200,32358500,9597800,23615300,1243000,4035200,5258400,102624000,60994500,1959300,3877500,6849000,4402800,1863600,34949200,18422500,8420600,20523700,3282800,4104900,2402000,11816900,3668726,3295900,4932700,1087300,8184500,3046600,1171600,3816300,2533400,15438900
2022-02-08,74829200,32421200,410359000,54284000,94729700,14570000,5628700,3205500,20411400,49560500,3422300,9249000,971600,5133900,39099600,8092700,6296100,3534700,67922000,7559500,17486500,1143900,3890900,5775500,76040000,50729100,2920000,5829400,7161000,2926600,1462000,34356300,11021600,7481500,13575900,5698400,3048400,2407100,7356200,2902684,2759600,8173200,2647500,6758500,2298800,1303800,2459600,1993000,13911700
2022-02-09,71285000,31284700,524282000,40144000,86563300,22004000,6107700,2542200,9131100,33861100,2250400,11054300,1197800,4614200,25883100,5545100,5387500,2818100,38522200,5989100,15183100,1335300,3434200,7087600,68786000,52259400,2379300,4551000,9353700,2562700,2256700,40106100,10140800,6973200,12472500,2969100,2605900,2743700,7587700,3406341,2130300,5394900,1630400,7390900,2259800,1824700,2278900,1880800,16449300
2022-02-10,90865900,45386200,513200000,39330000,49310400,24920000,5312600,4735800,16455600,47082800,2406200,8116200,2082100,4511100,36092000,9336400,10355300,2626100,34200600,7333400,12437600,1931100,5917700,6516700,68268000,66126900,3246600,5142600,9098800,3038100,2558900,28527700,11012700,7149900,11082700,3861900,2660100,3538500,11695900,3882836,3379500,6534300,1402300,9673300,5918200,1453100,3093900,2497900,18644400
2022-02-11,98670700,39175600,605472000,39958000,46156900,27281000,8165600,5027000,16830000,61056000,3142100,9755900,1271900,4834900,38650500,12520300,13125300,2493800,34997800,6475200,9342300,1726000,4803200,5859000,77100000,79645800,3592700,6710500,6924800,2852400,2349700,42002100,12821200,9580800,15533600,4732900,4821300,3826700,11443700,5648234,3821000,6532900,2390200,8999100,3953500,2379600,4395500,2209700,18833100
2022-02-14,86185500,36359500,440424000,34302000,38184000,19291000,7005900,3372100,17026500,44791900,2585600,11110300,951400,3841300,32680500,9735700,8967600,2549500,42973100,9931900,9881100,1387700,7433900,7079900,83230000,67756500,2825800,6841200,7948500,4066700,1749600,34652800,15945000,7274400,12804400,3960500,3951800,2730500,6481400,3349365,3641400,6419200,1799900,8329200,5284400,1810100,3180100,1774400,16081700
2022-02-15,62527400,27058300,699869000,26680000,42685500,34284000,6353000,3743100,9500000,42397600,1846400,6714100,550400,4134300,18224600,6049500,6631400,3001000,29150000,9530100,11425600,1438600,5298000,5325500,56440000,57286200,2171500,7820200,7722200,4739300,1984600,25075100,11746800,8379300,14924600,4001700,3397400,2752600,10448500,3001039,3149000,4616000,1590800,9102000,3149200,1696300,3064100,1697600,12824100
2022-02-16,61177400,29982100,732676000,25022000,45817500,22931000,7072700,3750500,9076500,36664600,2165300,10190700,627200,4122600,22057200,4936600,8482400,2651800,27672600,8028900,9981300,2154700,5078100,7499400,52704000,51294300,2941800,4817500,6545800,3340600,1770800,21733800,11348800,6854400,21249800,4041100,3426300,2253900,5698900,3273822,2226700,4560900,2174900,7505100,2955900,1275700,2245600,1805400,17277700
2022-02-17,69589300,32461600,810595000,38950000,38747500,21424000,8820100,4021100,11367500,49442400,3102400,15620300,497600,3051700,24946500,7858200,6227600,2403100,21231700,5486600,8889300,1667300,3688300,5551600,64032000,55178400,2831900,5202300,6578200,3865900,2022800,23738800,10073900,6842800,9526500,3049700,2670700,4699600,6176600,3263530,2815600,5753300,2570300,10093100,2401800,1721100,2703900,2055900,17462500
2022-02-18,82772700,34264000,761255000,45620000,37128400,19708000,6691800,5194200,11733300,37856500,2910900,16321800,494300,2806300,22137900,5605800,6423200,2992300,26955300,7585900,8780500,1473700,12376100,8364700,63604000,68501700,2813500,5177400,6210600,3321700,2154700,23394800,10691800,6574800,11301500,3315500,2488000,4385200,6973600,5345742,2823900,6544800,3729400,9558600,4505500,2705400,2485200,2871400,20298500
2022-02-22,91162800,41736100,633422000,44990000,39852400,20204000,8434800,4287600,11333500,51905600,2590800,9143700,690100,3420600,26887800,7000700,6868900,3029800,34814800,11576800,9052500,1728000,8372800,9609800,66128000,83288100,3980500,9604500,8622500,5621300,2451800,35947800,19428700,9267500,20930000,4658600,3562000,3488000,10382100,4252488,3558300,5862200,2359000,8233400,3304900,2521600,3244000,3590700,19858400
2022-02-23,90009200,37811200,566511000,32786000,44481400,22416000,7784300,4263000,11799000,45704900,2217300,8722200,814100,3562100,21860700,7808600,8016900,2840300,25793000,9271000,9659100,1520300,5184200,6454100,64244000,95256900,3497200,7636600,9674800,4471300,2021400,25385000,16134200,7355000,9462300,4606600,3261800,3550400,7326300,3800926,2836000,6903300,3068300,7837100,4055900,1934000,2362800,3391600,17841900
2022-02-24,141147500,56989700,735801000,54456000,49957200,35316000,11792600,6448800,25655100,80484800,4564000,18518000,1173900,5886600,40917600,10687500,12883400,3933000,44227300,12070200,21135600,2174500,6252600,7617300,100786000,135322200,4856000,8417200,9260500,3917700,2859800,46199900,22108900,11509300,21602400,6777900,3775000,5919500,12207600,6259582,3347000,9698500,3599900,15750400,4207800,2699700,3439800,4444500,30079700
2022-02-25,91974200,32546700,528866000,36406000,37627600,22380000,5853600,2869700,18367700,68530700,2980500,9717400,676400,5426200,27493500,9128100,11340400,3314400,31199200,8320700,13665900,1156900,5837700,6969200,62396000,76067700,4549700,5424500,7039400,4098500,2003000,28310300,28028000,10563000,11382000,10111300,2999700,3594600,8730300,5306061,2657100,8692300,3424600,12609500,3326800,2309500,2934600,2888900,31444200
2022-02-28,95056600,34627500,477319000,38864000,34239800,25005000,7904700,3302300,31315300,69955300,4245700,17955100,795800,5787800,31094800,9401400,9373500,3918300,35296100,11090600,14126100,1772800,6828400,5780600,57684000,99006900,4410400,6613300,8591500,6192200,2408900,32204600,24394300,15096000,14946300,7794000,4639400,5168500,9859300,4361877,3536700,16726100,3265400,16345600,3069400,3690400,4213200,3233300,30593900
2022-03-01,83474400,31217800,412056000,26496000,27094900,24898000,12587300,3352800,36840400,74895600,5631500,18341800,863400,8562500,54135500,14470700,8737800,2917600,29854500,7489900,9807300,1609900,6697700,4543400,44874000,74766900,3910700,6534000,7100700,15776100,2316000,40002300,31159900,14453500,20586200,6225200,5324500,5110600,11799500,5796243,2986100,12340900,2863200,13930300,2448100,2467300,3458300,3439200,24693100
2022-03-02,79724800,31873000,389642000,23520000,29452100,21771000,16670100,2948500,19405600,70834600,3469900,18007500,948200,4058800,34894300,10446900,6793300,3675900,36516200,8247200,9697500,1643900,6419800,5919300,47334000,74643300,4482000,7743900,10721100,6357700,2571500,44321400,31329500,16168000,16209100,4287700,3644200,5849900,7463400,5666483,2854200,12834600,2564200,6988700,2334300,2160300,2816600,2964500,20712900
2022-03-03,76678400,27314500,365095000,24604000,27263500,26454000,6559900,2906300,16640800,48733800,2393700,12197100,694400,3339900,24159700,6544700,7333700,3139400,30553300,5408400,8191100,1355200,5223100,6480000,65198000,61623600,4707400,4576500,6587400,4604600,3851800,30196600,22492900,8704900,22756100,4147300,3894300,4429700,12424500,5329297,3019500,8613500,2961400,10075500,2607400,2702600,2248600,3092200,27577700
2022-03-04,83737200,32356500,431415000,30430000,32130900,44757000,6813600,2751600,21016000,75572800,3293100,11950700,2160700,5348600,35871600,6676000,6302500,4170100,33217300,5389500,12216300,1316900,5911400,5186200,60934000,66999600,4184100,7084500,7179800,3996100,4417900,42802200,29034400,10977300,22922900,4902500,4030100,4334700,13084000,5370782,2442900,8627200,2404400,8996400,3276600,2396600,2780800,3849600,26913800
2022-03-07,96418800,43157200,450821000,45112000,38560600,26494000,7043500,3676100,27560100,109779000,3689900,12680900,1154400,7760400,56332500,7950500,11663400,4123300,33171300,7137700,14008400,2168400,6632000,6556600,86934000,72494100,5425000,11383400,14608700,5743400,3896900,55207900,34824700,13788800,29778900,5521300,6183500,6912300,12847500,3749362,4043100,12759000,5456700,19948900,3611000,1499200,2590700,3732000,24962800
2022-03-08,131148300,48159500,557467000,40428000,37508100,26993000,8229000,3734800,19207800,76553800,3596400,11641200,1180200,7058900,60018100,7100700,11100300,3849500,32913300,8817500,10184100,1785200,6694000,7482700,91662000,80399100,5258800,9089400,10692000,4463200,3649700,72082300,57231000,17231400,41068100,7619900,16579800,9318600,13715500,4854075,4001000,9410600,3512000,14717600,3549800,2058000,3021400,3117300,36526700
2022-03-09,91454900,35204500,492742000,37026000,31894700,22560000,6881300,2905700,17536200,78207900,3202100,12994600,1432500,4788200,34560200,5883900,7248200,3115500,24718900,5368900,9746000,1481000,5004700,9962000,82656000,59184000,5630500,8845100,8811600,3183200,2789700,65466700,43430000,12656200,30347200,5747700,14161400,4798300,10062100,3076263,3097600,7100500,1744600,12710000,3293200,1481200,1895100,4117600,23049800
2022-03-10,105342000,30628000,428066000,27102000,24853000,19323000,5604200,2722300,15604200,48804400,2232600,11351600,1007800,3840900,26178800,5030900,6171400,2834800,24542300,4635700,8972200,1481200,4377600,5146900,135062000,58648500,5444900,7167400,9114300,3155300,1777700,44644200,34913600,9481000,15498300,5386900,10788600,4886300,8364100,2605179,2284100,5118400,1768800,9554300,2038500,1300300,1988400,2525900,17501800
2022-03-11,96970100,27209300,367209000,31526000,34694500,19813000,5196900,4434500,20061800,43946600,2613500,8568100,814600,3000000,23707100,6321000,5188000,2615000,33701900,5171400,9424500,952200,8012400,5149800,68900000,67037100,6126300,5882000,15351700,4042600,1735100,35303400,28423600,7666500,13251200,3963600,7198200,4045500,9373600,2891756,2006600,4354300,2144300,7230600,2229700,1889000,1997400,2007300,20838500
2022-03-14,108732100,30660700,385354000,38812000,31010500,25234000,5665500,3731400,15786900,54262400,2342200,8280700,758700,4614600,28166600,9527100,7729500,2704100,42314500,8647200,10085400,1102400,5527500,4175500,74086000,71152200,4436100,13884900,18199300,3168500,1950000,37462600,25156200,10532200,14389400,6270500,5807200,3530700,8138900,3185228,2237200,5581700,2466500,7133800,2562900,1652400,2391400,2541100,23124100
2022-03-15,92964300,34245100,491996000,30920000,31721700,28260000,5276300,3201700,15096600,41395300,2140700,8672400,639400,3827300,25080600,5805400,10554400,3043000,30172100,8384300,11403000,1253100,5041200,5017900,75584000,66841200,5087400,10431300,12542300,2866700,2547900,47957900,28534400,8863600,17239000,5415200,5925300,4364200,8051500,4162091,2865400,5417600,2197700,9567000,2113300,1422300,2171300,3413500,20477600
2022-03-16,102300200,37826300,671422000,35576000,40640300,29454000,6043400,4141200,20354900,59477600,3468500,17635900,1162300,5239300,34672800,10413500,9603300,3497100,29891400,7178900,10944000,1397700,4441800,5255000,84958000,84028800,4173200,11100400,21207900,3029800,3017200,37812300,22299700,9314200,27499200,4953600,4031800,4378700,12077500,4384795,3022000,8813000,2271500,8261200,2636500,1902000,3752700,3535700,28500700
2022-03-17,75615400,30816600,471941000,28264000,29499700,18174000,5842600,3556700,17050500,50260200,2403500,15156800,544800,6398900,29930300,6689600,7472100,2357200,30598600,7227900,10279400,1330600,3998900,5693400,72934000,66582900,3752800,6845300,8554200,3655400,1974200,34041900,15750700,8868300,37986300,4230000,4840500,3600400,8126600,3345864,3520200,6537200,2783800,6341900,2675000,1876100,2218700,2265300,22931500
2022-03-18,123511700,43390600,730719000,44566000,52128000,41538000,12220600,5898100,23656500,74470600,5861900,16325400,1227100,8744100,60963400,13003200,13809500,5065600,51815000,9912800,21064800,2622100,7823800,16292800,102962000,100414200,5336500,10350900,23784200,6544800,3597800,41461500,23214700,16146900,28267600,25284700,8269500,4105100,12849600,9282265,6278200,10438500,2941700,13470800,4859200,3668100,6604900,3242700,70390600
2022-03-21,95811400,28351200,591727000,26832000,30142300,25789000,6448700,3704200,12676100,47106400,3401200,8568700,589300,3166200,23411500,5782200,7574900,2617700,34592500,5825000,10478300,1690900,4135100,8206100,66538000,81981600,3704000,14388500,11925300,3023500,3136900,33089300,13180600,8107400,19283700,4776200,4278900,2902200,27369600,3714137,2244600,6673700,2750200,7181700,1987500,1601400,2702000,1556300,39892800
2022-03-22,81532000,27599700,547007000,35496000,31998800,19262000,7018800,5377000,13548600,52360600,2840200,7565100,565600,3007000,28625600,8382700,8442100,2752500,32253600,5756600,10016600,1499800,4479600,5601800,64086000,105868500,2938100,19731200,8447400,2464000,1777500,23132200,11063900,6377500,15467100,3664300,3541700,2461500,14378500,2514040,2182100,6048300,2234400,8516800,2574900,1909800,3374100,1721900,28676600
2022-03-23,98062700,25715400,502120000,25154000,23717300,13839000,8404700,13979800,12093200,48539300,2196800,7465400,761300,3664600,27988700,6159300,5254200,2753200,29183700,6300600,8470400,1195100,5656000,7002600,55812000,120676200,2200500,8068800,7670500,2993500,1546800,27716300,10755000,7681500,19967500,3344100,3446700,2001700,8297800,1926882,1939300,4471800,2633500,6125800,2617400,1968600,2477400,1854000,25988800
2022-03-24,90131400,24484500,877379000,26396000,31502300,26016000,4150300,5544300,10017600,30360800,1944100,6488300,463000,2424400,19677800,6164600,5012300,2789200,25177500,4638100,7605000,971300,4505800,5660500,56798000,68920800,2337500,5853800,6163400,2240400,1614200,19871600,9024800,6192500,16281400,2952500,3946900,2110900,7094400,2331866,1882500,3894600,1878500,5498000,2196500,2081200,2515600,2115900,21087300
2022-03-25,80546200,22566500,579016000,24126000,40039000,14538000,3656500,3283600,8383500,38968100,1580800,6592800,419800,1871900,19130900,6894600,4809500,2551100,17429600,5129400,7125600,1037300,2896300,5597200,49032000,62031600,2134800,6287000,7048100,2465700,1974900,22398300,10254700,7833800,12252900,3124600,4290900,1581100,6365600,2698229,1754200,3521400,1457500,5481000,1703600,1530200,1896400,1813500,18765800
2022-03-28,90371900,29578200,425494000,35050000,26224100,14427000,4290900,4472600,10818100,37428600,2182600,8680800,448900,3043700,24115400,4194000,5604200,2643000,21863700,4516500,7071900,945300,5350900,5688000,59854000,102506100,2041800,5804100,5981000,2212000,2056100,21552400,9992000,6091100,13984200,2955600,4214600,3072500,6904100,3470001,2353200,4053300,1656000,6177700,2470300,1382800,2675600,1722500,21688600
2022-03-29,100589400,30393400,488984000,34318000,31417900,23001000,5370400,4323800,11316500,46355800,2378700,7431600,795100,2764100,20915000,6072600,5933400,3478400,39970000,6154100,7398700,1201300,5126100,8862200,66154000,73614900,2657400,7275900,8963200,3072200,2005400,27036300,15102600,10977600,13207500,3106500,3546000,3667800,8438700,3554668,3034800,5038200,3572900,8954300,2461600,1917500,3299900,2514200,28193400
2022-03-30,92633200,28163600,463487000,19884000,25588000,18626000,4951200,3889200,8771000,36601800,2650200,7289800,791800,2278000,30913800,7478300,6277600,3041200,27599600,5151800,9326600,1092900,4064800,4694900,56168000,59865000,2227300,5545800,8122100,2464900,2086500,22079000,9906000,6069200,10201700,2788700,4512500,2507400,9959300,2575578,2200200,5168100,1693800,6829300,1979300,1385400,2368900,1526700,23821200
2022-03-31,103049300,33422100,523440000,37524000,24192300,21731000,7141300,4141300,17353900,67902500,2632000,8422700,931600,3801600,31238500,12792300,11490400,3979700,26055200,8670100,12466800,1637400,5432600,6899800,59966000,48992700,3803400,7206500,11306100,4615500,3439800,27861500,10395900,9777900,11618700,4036000,4830800,3152100,6447900,3475836,2858600,5505600,1953700,10082800,3280100,3315600,3933500,2311300,31027600
2022-04-01,78751300,27110500,517235000,25942000,19544800,16267000,6007900,2718400,15721300,61929200,2444800,8192300,683300,2647000,29989900,10638900,6525600,2344100,19073100,5703300,10086700,1028700,4314000,4479100,57090000,54263100,2023000,5807500,6516300,3217100,1933500,18671100,8795300,6934100,12210600,2258000,3204400,2618300,4862100,2426083,3993600,3608600,1480900,6453800,2302500,1636200,2867300,1477700,30550300
2022-04-04,76468400,24289600,397120000,25942000,28054800,16484000,7843600,2974500,17416400,53761700,2569400,8098900,882000,2971400,23778300,9851100,6860600,2657500,20462800,6892400,9039600,1027700,4037200,5099200,49882000,82035900,2500700,5307300,16243100,3167000,2201800,20869400,8718600,4946500,10618200,1807200,2410900,2181300,7792100,2176323,3204600,3812300,1072400,6465700,2265700,1989800,2448100,1301800,25793000
2022-04-05,73401800,23156700,436615000,21418000,29727200,19778000,7304600,2481900,12110300,51781700,2573900,11587400,754100,2974700,21757300,8913800,7446100,3268600,21176700,6683300,12040900,1082200,6113400,5496100,53728000,80075100,2532500,5707800,17525800,2538500,1826800,21753100,9538200,5708100,10473900,2335100,3003100,3582100,9371600,2433722,6270700,4217100,1399000,7203200,2489200,1956200,3289000,1376900,23150600
2022-04-06,89058800,40110400,703833000,32468000,28995100,23742000,7171300,3824900,12914700,54159800,3151300,10493200,845600,3143300,26001200,7083100,10330900,3955600,31717500,8810800,13924300,1232700,5485100,5560700,79056000,89348400,2886000,6961000,10567000,3678500,2646200,24768200,9269000,5680000,8726600,2847600,2563300,2783300,8173900,3121993,3911700,5260800,1237000,7621900,3413200,2749700,3123000,2257600,28661700
2022-04-07,77594700,31411200,557992000,26234000,21037200,16583000,5246000,2757800,12994200,54585000,3562600,11902900,475500,4062400,29486500,8144100,7385200,2867000,36305700,7469000,13104300,2140200,5863500,6668600,68136000,79447200,4041800,5320500,10869100,7938100,4804200,26122000,8018400,6285300,8895800,3053800,7514600,2253600,7517800,2335792,3627900,6151500,1637300,7817400,2785900,1752400,3142100,1471400,22790600
2022-04-08,76575500,24361900,524781000,25142000,18375700,20464000,3897700,2260700,13126900,41018900,3294200,6937500,820900,3075600,23659800,6617700,7144500,3986700,24612200,7204200,11409300,1629000,5093900,5230500,46002000,55013700,2551000,4877400,9286800,6631200,3230200,24866500,10801200,6175200,10526400,4534900,4686200,2450200,6524100,3053346,5465800,4811400,1341900,5731600,1678100,1559100,1839600,1357200,24852200
2022-04-11,72246700,34569300,575207000,36884000,20516600,23512000,5173800,2932100,10466400,34198700,2747700,8290400,591700,4816800,27041000,5632300,5932000,3574000,22054300,8163200,14381000,1470100,4071100,3407100,52112000,59357100,2326700,6365400,8623200,3172200,2792700,21800100,10206100,7002200,7999000,3342800,3973800,2494700,6001100,2865443,2787300,5707600,1437700,6745200,2574200,2158500,2455300,1235700,33614900
2022-04-12,79265200,30966700,662258000,32710000,20128800,17350000,4832200,2199000,12989900,42855300,2365200,8057300,955300,4348900,25791900,7596900,5957500,3575700,22810700,8279700,12543000,1411200,4432300,4733900,55178000,65976000,2724900,5146800,8472500,3366600,2142000,22444200,9528400,7412100,8112800,2993900,2943900,2508200,6125100,3287827,3428800,4839200,1119700,8714800,2509800,1518100,3062200,1827900,21136400
2022-04-13,70618900,21907200,516943000,27928000,19231800,20266000,8733000,3078900,30838000,45484200,3022900,8760300,908700,2980600,20645300,9598100,5643100,3012000,15777800,18312600,12743800,1286300,4407900,4791500,53390000,55121100,2133800,5119300,8604400,2451300,2211800,19306800,7330700,7365100,8596100,4314900,2659600,1898900,7399900,2537169,2296000,5351900,1153200,7858500,2092300,1317800,2556500,1208900,19798000
2022-04-14,75329400,28221600,569097000,31598000,18379500,27385000,5126700,2597000,18835200,79032000,5460900,16348400,1103900,2667100,65583200,11563000,6188200,4211300,17240100,11074800,22096100,1225600,3140000,6665800,51598000,58422300,2105900,12811300,9567200,3909700,2206200,24566400,9421100,6337800,10714500,3332000,3014900,5337900,5144600,4536624,2624300,4027400,1522700,7164100,2719300,2312200,2434100,1785300,16915100
2022-04-18,69023900,20778000,525701000,20808000,16580800,21375000,4899500,2594700,11834400,80080300,3653400,7897500,834100,2182700,26120900,24023500,6318700,2087100,17065000,6500200,7995100,1161100,4115900,3418000,46514000,51715200,1426600,5298200,7797300,3341800,2161900,19032300,7639000,4867000,11127900,4338100,3679600,3644000,5042600,2077438,2552600,3873300,1525700,6279100,1962500,1072500,2502200,915800,14394300
2022-04-19,67723800,22297700,512781000,26490000,20089900,16581000,6120400,1962700,15015400,53714200,2774800,12637700,998200,2713800,19753300,15361200,14380800,2207600,33441500,9359900,8494700,1139000,5120900,9780300,54926000,49847700,2324500,7346100,8622100,4715700,2327800,20382600,6970200,5331700,10033700,4861600,5120900,2689400,7485600,3544483,2448800,4572800,1207800,8104800,2018100,1308500,3839500,1944600,12890000
2022-04-20,67929800,22906700,468974000,31696000,43036500,13920000,6015400,2094400,13430200,47064300,3040100,11828400,928200,2256200,25893000,8671300,8044900,2986300,24751800,6250000,8719400,1598100,8334200,5477700,59630000,70711200,2278700,5309700,8368800,3735500,1793300,20689400,7495000,6059200,11945100,3273900,2816600,2907700,6824300,2782897,2526000,4232200,1718200,8457000,2152900,1807500,4116400,1957100,19563400
2022-04-21,87227800,29454600,656209000,36446000,49954100,20352000,9119500,2390100,12174200,46245900,3097800,9563900,804900,3973200,19027600,18283400,6969200,2539900,19105600,7903300,8562400,1231900,7321100,5859300,63970000,105416400,2476900,6562400,8152500,3967700,2027900,29010900,14594800,6290600,18181500,3403200,4574000,3571400,7446100,2565710,2618200,5795300,1641300,17712800,1865900,1712400,2620300,1475000,32821100
2022-04-22,84882400,29405800,624713000,56884000,36426800,21064000,8843900,3198800,14318800,50409800,3125200,11455400,797000,4373700,21676800,11945500,8003600,3453300,22156800,7938300,7914000,1478000,6710100,6351500,73078000,69696600,2643600,7321700,10315500,3431300,2878200,23591600,12160100,6483900,20746000,3086400,3458600,5053700,6372400,3226289,3964200,4683300,2148800,15284800,3185600,1664500,3139800,2339100,44958400
2022-04-25,96046400,35678900,641566000,46128000,29281100,26959000,7988900,3368800,17149000,64301100,3093600,11577600,1138200,4408900,30045500,9841800,11176500,3030400,27390600,6932600,10573400,2597200,4503500,5498200,61874000,68341200,2523000,6512500,10259000,3265100,3154500,37698300,15449800,11913400,23976100,4813200,5577500,4145500,6293100,2543748,5354900,5612500,4496300,15697900,3743600,1656800,2558300,2293300,46028400
2022-04-26,95623200,46518400,653143000,73054000,31747400,35809000,8073300,2820100,17209500,44809900,2791700,10062000,806200,3728100,21527400,8661200,10190000,2895300,25366500,6787800,9009600,2469900,3366300,5251200,77530000,136133700,2948500,7977900,8800500,2915500,2057400,28941500,9810600,5970100,19941000,2462000,4847000,4176700,9277300,3022789,7811800,7199200,1559000,10971600,3937200,1883300,2605300,2500300,29507700
2022-04-27,88063200,63477700,499460000,91820000,71062900,19313000,9644600,3080700,17215200,39824900,2469300,9522900,631800,4085800,19520900,6988200,11090100,3353700,25819200,6039100,10781300,1895900,4178700,4757700,71336000,76956300,2706500,6007800,8467300,2995300,2261600,32773000,10396600,6765800,10619400,2839800,4482600,3358300,40371700,3239764,3978600,6632100,1599200,10989600,2483900,2049600,2790900,2610900,30582000
2022-04-28,130216800,33646600,570327000,48884000,100890600,22334000,10614800,2593900,13015600,39567800,2176000,6974600,1127300,2703200,17431000,6481100,9403900,2582700,28225400,7465000,21092300,2737200,4960000,5063200,117316000,124948500,3547400,6551600,8818500,2317800,2118700,33683800,9366400,9520600,11502600,3312500,4228700,6092800,13518800,3633395,3176700,6544200,1515200,11325600,2734100,2417400,4046000,3304900,33011700
2022-04-29,131747600,37073900,500435000,42676000,49193400,26108000,7110800,3033200,14874800,47385200,3129600,8097300,1011600,3210100,27149400,7744600,8463100,2873200,28343300,25155900,15914200,2168700,6815900,5206000,272662000,88133100,3388000,5867900,9199300,3220700,2968000,34656500,14713200,8777700,10611900,4734000,6279900,3404000,10880300,7690659,4853500,5883000,1526800,14912900,5424000,2151900,9997100,2534900,41014200
2022-05-02,123055300,35151100,572049000,35534000,49915300,26725000,6278400,3010000,18545000,46652200,2968100,8737100,1537000,3881800,25009300,8411800,7145400,3184300,36228400,9690800,12124900,1972000,4905000,6104000,148788000,75781500,3418700,5428400,12379000,3049000,3303400,36335200,11559000,6980500,11445200,3496000,4280400,2639500,12399200,7532676,5026600,7870600,1563400,14338100,3831700,2127600,5868000,2195400,33309400
2022-05-03,88966500,25978600,475751000,24968000,41556300,17064000,5047700,2196100,15720900,48926000,2606200,9430500,887200,3152300,21545300,9513300,5898700,2763400,33716900,6163400,8425600,1428000,4491500,3841500,79134000,63709500,2562000,8201200,15570100,3027600,2398000,33908100,8827200,5748000,8876500,3326700,4292000,2121100,10149500,5686748,3266300,5612200,1468200,10419900,2428400,1367100,4047600,1771900,33263100
2022-05-04,108256500,33599300,648855000,49916000,41375900,23896000,7563100,3330400,17128500,57860300,2629400,10495000,1038100,2930400,29468000,6842000,5923000,4002600,28613700,5791500,10763500,1251300,5347400,4258100,110746000,81643800,3289300,6924000,30199700,3256300,2465200,46188400,9183200,7989800,11713700,3134600,5874800,3023700,9550600,5818206,3920500,6160800,1750100,10859600,2561400,1098500,5070200,1730100,29564600
2022-05-05,130525300,43260400,626331000,45840000,41129200,32806000,8379400,3507700,15055400,48860600,2622100,8556500,889500,2987100,29978600,7036300,7089200,3359700,28333000,6869300,9548300,1378200,5703300,3945400,144392000,92519100,2925900,8411600,19114700,3466500,3977000,41013400,9807600,10593000,16281500,4289400,5448500,3005600,7950800,6110299,3249700,5906500,1465800,10382300,2200100,1375900,5461500,1769500,20664300
2022-05-06,116124600,37780300,633297000,39710000,34747200,20745000,7232700,3522200,14417900,50440100,2375600,7333600,725700,3129800,27035300,8118100,6434000,3260300,19891400,6145600,12227400,1116300,4966800,5496400,124260000,72903000,2964500,11237500,11165800,3683300,3560800,29619300,10418100,9213100,12396000,7042600,4093600,2268400,7697900,3845913,2826600,5295000,1516100,9364900,2723500,1843000,6534300,2273000,19322000
2022-05-09,131577900,47726000,644455000,40802000,36303200,30074000,9997800,4324900,14312300,51242000,3234000,11161000,1079400,4485200,27132700,9216400,7855200,3862700,25012300,6969000,11901500,1568600,6478200,6593300,128124000,90810300,2918900,7506000,12863600,4672300,3292700,45851600,14110700,9750900,14845900,6977200,5173000,2929900,12593800,4012065,3925400,6071900,1818100,10442700,3663300,2423300,5611100,2027000,24391300
2022-05-10,115366700,39336400,761474000,39900000,34452500,29271000,8598700,5334400,16382400,60235300,2798400,9261000,1179800,3014800,25276100,6661700,8186700,4275500,27335900,6525200,12370800,1682600,6248300,5638900,105434000,84401700,3070800,7526900,14085900,3748000,2729400,34483200,11636000,7845900,11063400,5451400,4186100,3040400,11781400,5058318,3510200,7526300,1344100,14731900,3372200,2411700,11362600,2524900,23007300
2022-05-11,142689800,48975900,670167000,37534000,31153400,26660000,7220100,3822000,14630300,54969300,2320600,8060000,1170600,2644300,25291600,10257400,6138900,3936300,29699500,5630000,16338600,1146400,6636100,4113400,109704000,97224600,2833200,6611800,12118100,3193600,2782900,33020600,9105500,6651600,11569100,4167300,2981700,2552400,11388400,3484218,4934100,6493900,1380900,11129000,3082800,2104200,8548500,1759200,20133200
2022-05-12,182602000,51033800,708728000,53836000,38262200,25518000,10187500,4048200,16318800,61231500,3408300,10315600,1117500,5314800,30171700,8308100,6898600,3997600,33468400,6914800,14210200,1532700,8516100,4434700,132026000,140313000,2861000,10245400,15460600,3547400,2829500,29491500,8936400,7244400,13434300,4056100,3910600,3282000,15891300,4233708,5352400,6356200,1889400,15364900,3429200,2193700,8153100,2455200,21623900
2022-05-13,113990900,34925100,670437000,35038000,24549800,19449000,6499700,3379300,10443200,49117900,2152500,7948000,1684400,3625100,21253200,6799100,7732200,2453400,22423700,6398500,10308100,1375100,6159300,3525900,93684000,92150700,3255200,9618800,18156300,3146700,2338600,25798400,9229900,6549900,9798900,3881600,3329000,2323800,20891500,3434881,3598100,5465600,1750300,8010600,3251300,2229500,6521900,1845400,21080500
2022-05-16,86643800,32550900,521446000,25990000,27112600,14189000,5065800,2645200,10269000,39076500,1568800,5703600,2287300,2811300,16837400,6051600,5516700,2338800,19435600,6565600,13999000,883700,7459000,3751200,74566000,86098500,2147100,5722500,11435300,3345600,1579700,26101200,13296300,7990600,10181600,3560100,4561900,2540800,10631600,2784276,3003600,5158500,1896400,7339500,2408000,1203100,3719300,1598800,22754700
2022-05-17,78336300,28828800,585830000,23054000,24872700,24676000,7317700,2614700,11160200,42635600,2096200,6507100,1564500,2928100,23340500,8095200,5751100,2289000,19918200,6032200,17582800,1554900,9172000,3168200,76448000,80236200,3204900,6026100,12454500,6641600,2602800,23120700,12827600,6577500,9936900,3496800,3747200,2275900,12154200,2890058,2640900,4447200,1229300,8889300,4076100,1728500,3838000,1396600,22043100
2022-05-18,109742900,31356000,545161000,35126000,23960000,35024000,7454400,2915900,12664900,47396900,2033200,5949400,967300,2697700,27351300,7867300,8608800,3240500,22276000,6498100,12717600,1403500,6933900,4133800,108380000,87811800,3946100,8188300,10576500,50936800,9511600,25451200,13107500,8957000,9734900,4340700,4002600,4723300,9567600,3380240,4275300,5843100,1543400,10316800,4006100,1623800,4898000,1737200,22365100
2022-05-19,136095600,32692300,621310000,34144000,24446900,34884000,8382200,2797200,12765800,47002700,2108800,7852800,1301100,2768300,25211900,9179100,6874500,3813800,19865500,5994800,11121600,2065500,6304800,4230400,88142000,90296700,3518300,7702000,11193700,23319000,5839600,24387400,10958700,6784100,12123900,4586600,4660600,2887700,8075800,3316898,4382900,5234700,2253600,9593500,3687600,1825900,5056100,1957800,23186400
2022-05-20,137426100,39199300,739105000,48962000,31465600,40281000,9068700,3432400,13150100,62406500,2201100,8705000,1200800,2982500,35410400,7793700,7522100,3068200,31250400,6746400,11757100,2167600,4509600,5335800,99500000,144973200,3208200,7621900,15941800,12300200,5115000,28795000,9615000,6717700,9870700,3559800,3838800,5404500,18822200,4121030,3483300,6585500,8814300,9747800,3375100,2853900,5146000,2372000,24181800
2022-05-23,117726300,33175400,639889000,37184000,25059200,58586000,6148800,2337500,24376700,69081900,2653000,7787700,918600,2726600,27979100,6723400,7040800,2279800,24035800,6886400,9067000,1180600,4357000,4134300,107798000,88903500,3053500,7136400,10741900,7700100,3687200,27239300,10216400,8646900,13288000,3344300,4220300,3246600,9341500,3953286,2837700,4701300,4286400,10378700,2577300,1697400,5979100,1981100,16761800
2022-05-24,104132700,29043900,588550000,76780000,50406300,25060000,6928400,2630800,19324900,46146700,1870900,6225700,1133600,2817800,23996000,5758700,6419800,2658100,26729800,6367200,9021000,1012500,5272600,4381900,102934000,89092500,5258200,6023400,9227700,10936600,3473400,24293300,9782700,6859100,11259800,3127200,3076300,2467800,9092400,3015786,2865100,5932000,1900600,11133500,3009200,2174400,5617300,1707700,25414700
2022-05-25,92482700,28547900,781132000,40258000,28030200,17842000,7436800,2726700,12780400,49343400,1929500,6747800,959300,4381000,22343900,10584800,6558900,3161600,24003900,5042600,11177700,1538300,3921700,5495100,93120000,92139300,2641700,7158800,8344400,8107700,3225100,29947800,10174500,6707000,17205000,3879700,3422100,3080200,7707900,2665232,3370100,3742000,2005800,11192100,2771900,2392900,4249500,2260100,19831500
2022-05-26,90601500,25002100,996575000,37948000,23056500,39743000,6697700,2419500,15990900,60201200,2440400,8573400,1651200,2463900,23502500,7846700,6897600,2705800,23516300,6659300,17249500,1855200,4027800,12674300,93002000,106003200,1972300,6520300,8940900,7369700,5917600,24314800,11213900,6159000,16282900,3384200,3262700,2016000,8333900,2375155,2628400,5545800,1349900,9431300,2717600,1487200,5025600,2651600,15500400
2022-05-27,90978500,26910800,738379000,37914000,22562700,37301000,7883600,3560400,11177800,43365600,2106700,6300000,980700,2157500,19482600,7402900,5853600,3349100,21407500,8405000,9802000,1721300,3884800,13358600,93660000,89295000,2063800,5043000,8498400,6315500,5719600,25588800,10512300,6788700,13950700,2941000,3621300,2020400,7261500,2383430,2959800,3394200,1968000,9435300,2628900,1786300,4177000,1879000,13347300
2022-05-31,103718400,37827700,664100000,50012000,26131100,30009000,18114600,7944200,17015000,71609200,2722900,10780700,2519000,4123500,40727400,11549000,16391400,4003100,66058200,11227800,22860800,2630800,10563500,11330500,144634000,101914500,3924700,13774600,23361800,8942100,4424500,44888100,20547600,17278500,28706600,7746300,5541800,3773500,7953700,3717107,8734300,6478700,2705000,29712000,5037700,2829600,14792700,2510400,25016600
2022-06-01,74286600,25292200,544514000,36606000,36623500,18345000,37037400,3409900,10768000,35237900,2330200,6543900,919900,2276400,20417900,5065800,5175400,1765900,17430600,5597900,10492500,1309500,4890200,6493700,127528000,77247900,2264100,5543100,7579000,4480900,2319400,25815400,8824100,7246600,15207500,4390300,4086100,2314000,9991600,2505339,3253800,4245900,1714800,7994100,2552100,1418000,4044300,1853800,15358100
2022-06-02,72348100,44008200,648656000,37992000,31951600,29488000,19231200,3415700,8374800,35341900,1957500,7468700,955500,1707000,14633300,5380700,8666500,2093500,21903400,5998900,11066200,842600,3856600,6794700,100560000,93473100,2089700,5838100,10241500,4366000,4950600,19089100,7441900,5042700,8155100,2619700,3031400,1784100,12777000,2663747,2317800,3460300,1161600,9640600,2712800,2781800,3674200,2282400,13527800
2022-06-03,88570300,28059000,598779000,26136000,19465000,20562000,9224000,2355300,8596000,25235200,1238900,5276900,788500,1390700,12572400,3561900,4234200,1756900,18125000,4891800,7051600,736400,3778200,9097000,97604000,112393800,1838900,5201500,10415700,4187700,2857400,21038200,8435300,5387100,8854400,2665200,2940200,2222500,10091800,2392449,3802200,2837000,1082200,9293500,1547800,7332200,3217200,1332800,10819800
2022-06-06,71598400,22400300,422406000,33542000,30574200,14557000,5811700,1563800,11323500,40394000,1099700,4022400,605300,1486000,11867200,8687300,5386500,1781500,16544400,3912400,8336900,1114400,4205600,5432500,135269000,84204600,1569300,3963400,7239400,3772300,2297000,20682100,6734200,5608400,6697000,3225000,3046000,1565400,6354800,1682958,2649200,3080300,1011000,12716900,1483200,4197100,3212300,1728400,12898100
2022-06-07,67808200,22860700,388914000,31590000,18828700,15895000,6331100,1611200,6722200,29152200,2516800,4514300,545100,2083100,13281600,14689200,5447800,2341900,15091200,4991200,10243300,1113600,3285600,5929000,85156700,72808500,2782000,5373600,5517100,33299700,2435500,37810200,9668300,8559000,14735800,3354500,3477600,1799000,5436100,2260036,2984000,5634600,987000,7405600,2113300,2135100,3771100,1726100,15383000
2022-06-08,53950200,17372300,363252000,26108000,22267200,24004000,6226200,1790100,8422100,33590600,1438100,6787200,481900,2313900,12364400,10059100,4333100,3268100,12789800,4835200,10266000,837400,3683400,5665500,64926600,76210500,2101300,4365800,5178300,6576000,1697000,31613200,8715200,7010900,15101200,3494800,3611100,4171300,5833700,1791817,3592200,6666600,1772700,5198000,1810700,1550400,3238700,1917000,13249700
2022-06-09,69473000,26439700,395574000,25798000,23501600,18787000,8467700,2572400,13560100,49419000,2896500,6951700,969000,2273800,20142400,7698400,5509600,3148800,17572700,5642900,7381100,832900,3424700,5974800,67029800,96491400,2682600,3892600,13248100,5744300,3087500,26607000,9764600,6643000,11473800,3006300,2946100,3045700,6010100,1776963,2891600,4566900,1415500,8354800,2379400,2050700,2841000,1666100,12078400
2022-06-10,91437900,31422800,465248000,41452000,27450800,24018000,7855800,4406100,12945200,49318200,3866900,9671600,1149800,2733300,27619300,8355100,6647300,2599900,23826000,5464700,8861600,1177600,4805600,6723500,87266000,97536600,1992300,6292600,8694300,5099600,2549900,30950500,9529700,7298800,11294000,5527700,3015000,2604100,7770700,3054301,3220600,5615900,1327900,8598500,3342600,2188200,5701500,2007900,19868500
2022-06-13,122207100,46135800,604153000,47252000,31749300,31619000,10726200,4724800,16805600,61216600,4218100,10446400,1226200,4156500,27553800,12359000,7997000,3764600,26989000,5997000,12016100,1463700,5215300,8502400,99277700,102767400,4697000,6423100,9282800,5886000,3113400,33421000,14614900,9516900,12470100,5685400,4227500,3559400,16778500,5054922,4302900,5419200,1816700,11882300,2752200,2272900,15213000,2039600,23762500
2022-06-14,84784300,28651500,469680000,33706000,27244300,24380000,8576200,3197200,13357900,49349800,2487700,7400300,750400,3574800,36817600,11800900,7116800,3814200,23290300,5861800,11226900,1009100,5890100,7521900,69728800,97988700,3564800,4548400,7635600,5200800,2224600,31264000,10269300,7737700,13488800,4036500,4522800,2359000,17549800,3663103,3925500,3977900,1630400,11412500,3899500,2584900,6605100,2420300,20278700
2022-06-15,91533000,33111700,563936000,39698000,30008300,19141000,7740700,3664500,14083500,51540100,2725800,9273300,922800,3327800,31358100,11274400,7796100,2550700,25748000,5981800,11357100,1320500,5278100,5236200,85011100,119131800,3152100,4828700,7682300,6353100,2250200,29620800,11565300,7681400,15091800,3821200,4747200,2343100,25997800,3160931,3465100,4139200,1442500,12085300,4039500,2076700,7486900,1979500,22005600
2022-06-16,108123900,33169200,545749000,51684000,26944100,37244000,8090900,5775300,16724900,61363400,2777300,11068400,1005900,4815100,37991500,9045900,7056700,3135600,20424500,6963400,12925200,1180100,4793600,6729900,82186300,107390700,3272000,7384800,10147000,5630300,2906600,35696700,18125900,11848400,21591700,5865600,6847800,4789900,19543600,4698320,3355500,4517700,1799600,12729200,4134000,1668500,5326600,2986900,22029300
2022-06-17,134520300,43084800,630334000,51376000,31374200,43504000,13074600,9475100,30919900,80470300,5234400,17285900,1436700,10033600,59114300,16943900,12486600,5277400,45047700,10429900,32989100,2175200,10249200,8299300,99772100,92641800,7236300,10256800,9824300,10928100,3623400,64610200,35575100,24455100,32283000,13623200,14918000,7226100,16042500,5977250,7578300,7577200,2329100,15919000,5533000,4291800,7180500,5565600,36469500
2022-06-21,81000500,29928300,483089000,47416000,50724900,21901000,6736800,5343500,11680500,53537200,2506300,8063800,1130200,3518800,24884700,10367600,8219700,5726800,19622100,7160500,11778600,1463400,5338300,6520400,70901200,122793000,3263500,6211400,7872500,6555500,2420600,35951500,13772000,10454900,18172900,4369000,5764900,2755400,10519900,3114566,2845800,5834200,1425400,8466900,2877800,2502000,3729800,3779400,34258500
2022-06-22,73409200,25939900,437135000,30774000,47267800,24721000,5864500,3168200,9842700,38305600,2463100,6322600,942900,3419000,18631700,6636600,10593100,5061000,20382900,7995700,11935400,1214800,5511600,7458400,60040100,101107500,3054300,9884000,6702200,4639700,1827500,29727200,13735800,11284200,17335000,4686300,5178900,4008700,7713300,3084009,2671000,4481500,1636100,12686500,2909900,3130200,4252600,2768900,23650600
2022-06-23,72433800,25861400,463680000,28362000,40499200,16707000,7258000,2534300,11851500,44091500,2547000,7958000,849900,3915000,23143800,6216700,10223500,4687700,20061700,7795000,14718400,1365300,5064800,6823300,64345300,104202600,1937000,8898400,6586400,5211100,2030100,35757200,15713700,13554900,28165700,6254000,6160600,6667900,10746900,3536737,2923600,3310500,4232900,12502500,3724300,2553100,3783700,2812400,21736400
2022-06-24,89116800,33923200,472153000,41164000,68736000,21201000,12107100,3305300,14841100,79504700,3984300,10795400,1013800,8957200,39407700,16120000,9374400,15861100,24343200,8527600,25248400,1292000,14301600,7131800,69867600,95770800,3104800,10463700,18012000,6993100,2862600,26639000,11108300,12282400,22910700,11648700,5269800,4868900,13626200,4408773,4826400,4782200,2297000,9320500,2953800,3131500,4716700,23958800,28490700
2022-06-27,70207900,24615100,427968000,36420000,29174600,13207000,6170600,2244600,11280500,47900300,2091700,5937600,637200,3151500,16996800,6530900,5908600,3907100,16154300,5377300,11949000,767400,3804100,7237200,62133200,89178300,2059200,12644700,6672200,3607200,2034700,25478700,9242400,8986100,29428500,4957800,3796200,3061100,8457400,2759343,1902300,2942600,1708300,6557200,1725000,2018900,3782100,2714300,16974900
2022-06-28,67083400,27295500,461149000,35792000,27744500,15667000,6668600,2654500,11590900,49863800,2276600,10259100,518300,2649300,18136600,7243500,9245700,4978200,16417900,5735700,13523300,858900,4185500,4166900,74942900,90391200,2381700,31296500,7206400,4131800,1754600,33096900,9183300,8903000,13896200,4811000,3791400,3327200,12125400,3375147,2380800,3358800,1818100,6140200,2215700,1601700,3369300,2535500,16615700
2022-06-29,66242400,20069800,482352000,24716000,28595200,14444000,5430400,2027900,9338400,35149700,2475900,8534900,535200,4164900,15778700,5628900,7097900,3823400,13925700,6140900,8657100,860700,4552100,4072800,66375300,82897200,2997200,10326600,8983900,4238900,1275600,25400900,9082900,7990100,12475300,4806400,4246300,2436900,7489200,2576426,2101000,2504100,1800800,7082200,1767300,1863700,2828300,1951200,13901400
2022-06-30,98964500,31730900,686070000,43170000,35250600,18890000,9539400,2595500,15172600,46312300,2669500,10182400,721800,4123500,20425700,7550100,10777200,3568900,33495700,7289500,18551400,1364600,6070900,5206500,97679400,94600500,2786200,9027400,6781100,5899900,3852400,39948100,10685000,12748900,15332400,5585800,4829100,4197100,8455100,3047404,3728200,6319100,2082100,8872900,3568900,1938100,4525900,2926900,18880500
2022-07-01,71051600,22837700,577610000,35476000,31423900,21315000,4561600,2471600,10573600,40236100,1749400,6017500,502700,2625300,15333900,4653800,5498400,2426600,16143300,4620000,11413800,835300,3291700,3985100,73021200,74460300,2531400,7934300,7539200,3010200,2660400,26327900,7684600,6005000,10823800,2781600,4093300,3423100,7627100,2093459,2962500,4221000,1373600,7718400,2874200,1363200,2672700,3307600,14189300
2022-07-05,73353800,22941000,651397000,39342000,28618600,20711000,4614200,3120500,12514200,47411800,2480900,8706900,572800,4057000,19144500,4476900,5676400,3029600,18406800,5478800,9574400,641700,4752300,3590400,76583700,84581100,2390700,9948800,8087800,3715100,2489400,34591100,11513100,13483600,17642100,5660500,5205700,3724900,10065900,3549682,2471800,4938700,2147900,11278600,2951900,1321600,4218100,4332700,19675600
2022-07-06,74064300,23824400,529066000,37432000,23085900,22975000,4085100,2284600,10656200,35933700,1774500,6895900,512800,4401300,17014100,6266000,5335600,2506700,21305500,5113600,10455300,1220600,3975300,8061900,66958900,71853600,1948600,6432900,4652800,2828500,2262300,33375700,12421200,12130900,13030900,6749800,4624400,3190600,6608000,2336216,2005000,4294700,2083200,7918400,1920800,1170900,2983600,3484100,14938900
2022-07-07,66253700,20859900,492903000,40936000,24083400,21319000,4000100,2368500,10347400,40137900,2046500,6258300,507900,4258000,21060400,4713500,5725800,2385400,17847600,6516100,8140100,1243600,4149000,5581100,57872300,81930600,2396700,7633900,5395600,3959500,2125200,23817400,12741800,8072400,10077500,4605300,3711300,4677600,7674400,2924859,2961800,3212600,2051800,5498000,1913500,1089600,3617400,2338000,13617100
2022-07-08,64547800,19658800,467972000,38238000,19249200,12713000,2869200,1611200,8807800,31153800,1438900,5890500,347000,3631800,14437500,4558600,3828300,3092100,11322700,4078400,7161500,752500,3115500,3997900,45719700,101854200,1450300,5938600,3927100,2544900,2607800,17673800,7915500,5615500,11027700,2494000,2219400,2491100,5655500,1713303,1938200,2763200,1516100,5708300,1697600,936000,2098200,1711900,13959200
2022-07-11,63141600,19455200,437321000,31196000,21885600,21449000,3689300,1832200,7939500,29311900,1519400,4918900,460100,2373600,13111600,4999200,3645200,1743600,12921400,4491000,9507700,1089000,4041100,3345200,53487600,99241200,1478100,4935200,5351500,2050800,1891100,15603800,7056800,4685700,8918700,3406400,2444000,2773300,6176500,3420876,2275900,2501400,993900,6100400,2435700,1299500,2399400,2251700,12259000
2022-07-12,77588800,35868500,458483000,29960000,16639700,21159000,7073000,2639600,11250900,39527000,1772600,6558400,499700,4047400,15127300,6283000,4708800,2706500,14633500,5319500,7826500,1639400,5756300,6200500,54280300,87930900,2112800,6017400,5393400,3132800,1775300,21013000,8653900,5573100,10281400,3873600,2565200,2718400,18598200,2925814,4207600,4667400,1210200,7553900,2102700,1650900,2661700,2146600,20528700
2022-07-13,71185600,29497400,521918000,43722000,16555100,17665000,6225900,1994000,12979900,44153700,1884100,7780100,601500,2753800,14116800,4370300,5291700,3467700,12927300,5221200,6415600,1916800,5087700,4244200,61353800,97954500,2205300,5299400,3897500,2769000,2008400,19928600,9414600,5535300,9137200,3719700,3591300,2389000,9038700,2118923,2414400,5653700,1199900,7552400,2417200,1188500,2728900,2423300,13362500
2022-07-14,78140700,25102800,456235000,37004000,23765200,19957000,6096100,2098400,26204800,51707800,3171900,13296200,1136500,4600200,24355300,5681100,5359600,3765500,14023800,7576900,6271000,1338600,4993600,3843300,51163100,78557400,2371000,6951300,4504500,2976000,3715600,26343000,10150200,8890200,14827800,5584500,4199000,2531200,9456100,1935476,2487000,5029700,1366800,6124400,2274900,1579200,3369900,2473800,10271700
2022-07-15,76259900,29774100,385935000,46770000,23342800,18714000,6037700,2488300,18863900,77801700,3457600,11663900,1053000,3296600,40328300,7219800,5691100,5742500,19885700,4873000,9731900,1673000,4617900,5588000,84317800,69683100,2627200,7862000,5584100,3831500,4265100,17243700,7051900,5899000,10672600,3799200,2792200,2282100,7910400,2321999,5014100,3965200,1184500,8780600,2244200,1181100,2726600,2370100,13021300
2022-07-18,81420900,20975000,670517000,43164600,23574300,18042000,3818200,1866400,13977900,56382900,6767900,11596800,830900,3330300,17991300,9338600,7605700,3212000,15742900,6838400,8653700,1317700,4499900,4264700,59115400,82537500,2164400,6834800,6768800,4362700,2464100,19395800,7943900,7057600,11493100,3301700,2709600,2476400,13948500,1758077,2289200,5364300,1056200,6610800,2228100,1608200,4337300,2244100,16173100
2022-07-19,82982400,25012600,702366000,36530900,25933700,27257000,4373400,1977600,11862300,46874900,5641100,9952000,922700,3372300,25724200,6802700,13256400,2953500,13402100,5647100,8233600,1993700,5788400,4654800,60990000,80890200,2181300,8973900,5949200,3155900,2391000,18248900,9152100,6674800,10867200,3920900,2767400,2671400,14183000,2605179,2710800,5027600,1282200,6403800,2097300,1506300,3884600,2097500,14638500
2022-07-20,64823400,22788300,760538000,35600400,24784300,27412000,5654000,2746800,11667500,35514900,3489800,7653400,671500,2802300,19111200,6765800,7455800,4327500,12774400,5315700,11844000,921700,7300200,6264200,71268300,88864200,2183700,5884600,6850600,3248100,1740700,16584400,7856600,7720500,9984500,3088700,3590900,2175900,8668600,1749377,1754800,3849200,1152500,6323700,2981000,1573500,3235600,1997000,29611400
2022-07-21,65086600,22404700,557049000,32676200,27195800,13912000,3886000,2009900,11595900,31244000,2518800,9053400,722000,4683000,17809000,6901300,5729200,2667600,15103800,4066800,8197000,2150200,5698000,4607000,60239900,142032300,2056500,4291400,7695300,3105200,1716100,21375700,6724200,8016700,14583000,4264100,3628000,2214500,8044100,1966776,2320100,3124500,1223300,7847600,3085300,1290300,3093800,1544800,32321000
2022-07-22,66675400,21881300,536671000,48901200,42583900,17867000,3804700,2413200,7645500,27115400,1830300,6564000,512600,9298400,15965400,6794100,4257000,1850300,10932100,3639700,6354500,1252500,4733900,3466500,51463800,103472700,2226600,6039300,6283600,2779800,1800800,15479500,5889500,6243500,19748000,2274000,2706700,1961500,7594900,2469053,2255200,3254200,1110700,11517100,1501200,1587500,2940600,1203700,58265000
2022-07-25,53623900,21056000,480748000,34690900,26166300,15061000,4407900,2340500,9394000,30381000,4024500,6208200,472100,4213800,20297900,6720300,4437300,2337200,12995800,4347000,6364500,1194400,3905600,3723200,50221300,64073400,2860400,5079500,5861100,2328000,1452700,17536400,6210900,5815100,13120000,3279500,2756600,1845600,5764700,2059613,2816100,4769200,1433100,5035600,1432500,1593300,2436200,1460700,27180700
2022-07-26,55138700,39348000,397865000,47991000,28468400,17958000,3886500,2368500,10675100,30645700,2054700,7121600,498500,2812700,15446700,5592300,4525500,2637800,16632500,4900600,6414100,1012700,4824000,5163000,67075100,66820800,5272300,8459500,6587000,4620000,3334800,15141200,6112800,7127000,17232100,2865400,1870000,1767700,6053100,2465870,4961000,8253200,1122600,6740900,1788900,1579700,3338300,1448500,20571800
2022-07-27,78620700,45994000,569776000,59858500,43846600,25699000,4960900,2678000,9337400,30344800,2081900,7751300,468600,5029100,19498400,5267500,4648500,2268100,19203500,4145800,6966300,1263900,3303500,5933200,61582000,88110000,2718300,7437000,6372600,3609300,2060100,18047000,6223000,6237800,11075300,3430800,2277100,1856500,16356600,3719972,2739300,5558900,1148200,6056200,2003700,1505400,2087000,3179200,21560500
2022-07-28,81378700,33459300,474646000,32816600,73214300,14867000,4562100,2421700,10384800,40176500,1820700,6324800,550900,3587900,14527300,16393500,5513000,2344500,38984900,6572300,13909800,2294700,4736100,4726100,82245500,84723000,2849100,6773500,5594600,3114000,2083300,20353100,6574300,4656100,10292800,2766200,3257100,2229200,8729100,3876788,2452500,4490900,1295600,13561500,2326300,2589500,2962300,1941300,22051900
2022-07-29,101786900,32152800,435460000,37223400,42065400,18482000,4751400,2669800,12944500,48152500,2112200,8597700,894300,3197900,17512700,9927900,6451400,2945700,25037900,17754700,14938600,2371200,4922900,6870900,148892900,95313000,2653800,7560000,5802700,5523000,2131500,29825800,17143700,7394800,12313200,6394800,4750400,5188100,5743500,3084751,4093100,4848400,1880300,11474800,2522500,1821200,3273700,1711400,23129800
2022-08-01,67829400,21539600,476469000,26034300,40596700,11485000,3997100,1910000,14740400,32336700,1476500,5439200,569900,2295600,13668300,5941400,5461400,2335000,19709900,8523900,7343300,1537800,3871900,4711600,76846900,117042900,2384000,4802900,7313700,4534700,2256000,20793200,8017800,5598900,12620600,3623100,2910900,3185100,18321600,2475631,2086100,5623100,1238900,7004500,2386900,1323100,2615200,1247900,18612100
2022-08-02,59907000,22754200,489527000,20236000,27374500,13072000,4317900,2165500,14942900,37884100,1862900,7684700,711600,2562900,17764000,13210100,5794200,2114200,17802000,5197100,7443000,1392700,3093800,4049200,61922400,95577600,2375200,6334400,7254700,3109400,1984200,16722500,5928300,4653000,9987500,3082700,2455900,8193100,10874300,3538966,2075100,4066800,1271500,7664200,2182500,1681000,2829200,1428100,18710300
2022-08-03,82507500,23518900,418146000,28499000,31721900,19228000,5786300,2403500,14394500,30065800,1770600,7043600,901800,2609300,17359500,6793600,5010000,1802900,16500100,5474200,8187600,1077700,3866200,3489100,71827800,80091000,2305300,5986500,12915700,4057000,1693300,23580800,8751400,6783300,11558500,5654900,3539700,4155900,6709100,2689741,1916700,4491100,1142800,7640400,2784900,1370200,3589600,1297100,17314100
2022-08-04,55474100,18098700,409652000,21602900,23938200,16293000,3759700,2745600,18033900,28404500,1533400,5722600,746300,3693300,15062800,5798900,5651600,2368000,17026300,7071700,7993800,999600,2794000,3390400,70585000,72256200,2089600,4332000,7086700,3157600,2000500,31821500,10640000,7810500,11744100,5765900,2989700,2478900,5039600,1804973,1627300,4443700,1333900,8679200,2963500,1257800,2062600,1451100,29704300
2022-08-05,56697000,16774600,386068000,19159500,25832700,14357000,4090300,2481400,14174600,35874500,1876400,6219300,549000,2513600,16021000,4870900,5235500,2373400,16376600,5371100,8801200,982500,2789600,3333000,50686900,113172900,1818500,4162200,4835100,2205400,1711500,17408000,7170200,5848000,6863400,5736700,1796200,1908500,4709100,1961471,1785900,3320200,917100,8643200,3033600,1156400,1687300,1113100,17297500
2022-08-08,60276900,18739200,981859000,19138300,27299100,13722000,3396800,2202000,10332500,33454300,1460000,5719700,490600,3080700,12879700,4403900,4629800,1656400,16071800,4854600,8149400,921400,2283800,3649700,52229000,98994000,2253500,6071600,4878400,2806400,1344100,14458500,5966900,4788100,6053100,3128500,1680200,2655000,11293200,2204440,2102500,4607400,953200,7243200,3130300,968900,2318800,1081700,20597000
2022-08-09,63135500,23405200,668263000,19086500,18655100,20072000,5851700,1977300,10233800,40196900,1587900,4920100,486200,2997900,10489500,3940000,5532500,2147200,12095600,3819700,13215500,767900,3943500,2945000,40434700,86244600,2315800,7377600,3498400,2608600,1877300,19083400,5842200,7477700,7616100,2565600,2062300,2460000,6064800,2420778,2022400,3137500,1146300,5154000,2366400,1459800,2458000,884200,14554000
2022-08-10,70170500,24687800,597422000,30930400,30262100,19519000,4179200,2634400,12847300,61415800,2459500,7271700,822200,3225400,14037600,6992600,5603400,2291400,17355100,4075300,8140200,991800,3960900,4369500,54773800,94918800,2967900,6951800,5072300,4539900,2336600,18302000,6145800,5625500,13302600,2718500,2191600,2304300,7181700,2800616,2791400,3351300,1136200,5693300,2907400,1350800,2340300,1246500,16402700
2022-08-11,57149200,20065900,509327000,24293700,24079100,14268000,4175100,1756600,11684900,50420800,2360800,8808100,692300,1968200,14038800,16375600,9328700,3006200,44048800,5972800,7396800,1086700,3281400,5907500,44867300,70155000,2007000,5582100,5595700,4278800,2340200,18797900,7888600,6481600,13140900,3264400,2803200,2538900,4996800,2538655,2730600,3487900,1718800,7525800,2640900,1260400,1800700,1165400,15407300
2022-08-12,68039400,22619700,478094000,19096300,21274000,18399000,3846200,2150400,9906700,31821700,2369000,6259000,765900,1942600,10706000,15009800,14606900,1981000,25835500,5208700,12317300,989000,2813300,8837500,47643500,79657200,1530800,4407900,5154000,2357300,1918200,15058200,7244700,6683800,6642800,2323800,2795200,1864800,4345200,2395526,1883100,3652200,1256500,5262500,3302700,1110000,2609000,1149000,15090900
2022-08-15,54091700,18085700,457666000,19494800,15878700,14329000,2768500,2503400,8456200,24908000,2045700,7348900,720500,1852800,11070300,12471500,10072000,1447300,15797800,4513200,6339800,855500,2949500,3541500,39014600,89359200,2342700,4279000,5601000,3788600,1848000,20755200,8975200,6585900,7639400,2975300,3082700,1752400,4734700,2448682,1618200,3376600,1196100,5032700,2163200,1329100,1973200,1263500,15713600
2022-08-16,56377100,18102900,451240000,19041200,21156700,14782000,3835900,2139500,9555000,31870200,1740900,5953800,664300,1876000,12234100,11219100,7453600,1773000,12874800,3852300,5661200,798000,2897400,3664500,59102900,88136400,1828000,6189800,4580800,9057600,2498000,14038200,7218400,6924400,9698300,3105500,3420100,1959300,5259600,1762533,2296000,5851000,1431500,5250600,2504400,1183500,1821700,938400,14112800
2022-08-17,79542000,18253400,446799000,22847000,20118100,19022000,3181300,1894400,8149300,27125600,1576300,5499000,594100,1804100,13151700,9084300,7406600,1471700,13607200,3605200,6486000,989400,3053500,3505400,48149800,68766000,1699100,5108400,3831300,13409000,1835200,13678000,6741100,5346500,7703300,2539400,3063900,1576200,6533500,1762533,1767300,3311100,1722500,4178000,1894500,1059000,1453500,912200,11294400
2022-08-18,62290100,17186200,415447000,17987700,18844500,23459000,2791600,1402300,9531800,23138300,1102200,4664800,785600,1397700,7885900,3790300,8312100,1486400,18916300,3525200,6111600,761000,4143600,3552300,37458700,47500500,1591900,4750200,3428300,4241300,1619200,17770400,6477500,5966500,10758700,5001300,5466000,1750900,4404600,1601261,1913900,2694500,1983500,5090700,1744300,1139000,1750600,1113600,25957400
2022-08-19,70346300,20570000,441588000,21809500,26240800,16923000,4346100,2007700,13464500,36485400,1812300,6264100,774900,1895400,13142900,5133600,8128500,2258000,15350200,4530700,8828700,851100,5092700,4761700,47792800,61395300,1833800,5967600,4597700,5015800,1617000,16128600,6834200,7067100,12893900,3827600,3167500,2003600,5736100,2165183,2704300,5024700,4242200,5542800,2091800,2110700,2493000,1154000,19485400
2022-08-22,69026800,25061100,409593000,21456600,19499700,18555000,5182900,2074600,8967600,31210300,1723900,6452800,675600,1969300,12391400,3994900,5462600,1672900,13601200,4023500,6652100,723100,3496800,6859300,50461500,55843200,1986700,5802900,5915200,4630100,1860900,16019900,9147000,6701700,9126300,2943600,2694600,2008900,5312300,2745868,3593500,5769600,2353600,5783400,2282400,946800,2022100,1966500,15031400
2022-08-23,54147100,17527400,369986000,15870400,18111800,9003000,5076800,1392200,7607000,26588000,1538000,7487700,403500,2885200,10475100,3902800,5566300,2039600,16248900,3768100,5208800,913300,4203000,8490600,36252100,63984900,2211100,4806700,4560400,3795100,1359000,23764700,10354800,8253000,15983600,3191600,3128000,2444900,3425200,1705664,2088000,2633900,2389800,3473600,1489700,971000,2103700,1461600,19014200
2022-08-24,53841500,18137000,522661000,17734600,20891500,11883000,11438800,1883900,9771300,31389400,1530800,5262400,386000,2029200,11706700,3712200,5684300,1761200,15551500,5018900,5553300,855300,4278200,6853300,38627000,57259800,1777200,4769000,4386000,3407100,1145800,17050300,9468100,6286100,11498400,3551600,3200700,2503200,4211300,1434260,2024000,3065800,1566300,5669200,1796400,1372900,2644000,1439300,17384400
2022-08-25,51218200,16583400,770691000,16956800,15550500,17345000,24025600,3062400,10758900,40576700,1763900,4943300,363700,1936300,11783200,4297600,5678700,1965800,14460000,3301200,5884300,928000,5249200,6650300,37496300,53230000,1330400,5433700,4236300,3071400,1483300,15305700,8050700,5241000,12737900,2904900,2766000,1888700,4949400,1731022,1984400,4257700,1325400,5595200,2612200,1367400,2572600,1332400,14327600
2022-08-26,78961000,27549300,769127000,37245700,24023600,25682000,11074700,3600100,11276200,36152600,1703900,7911500,633200,2373700,13405200,5369800,5667100,1906700,16546700,3838800,5695300,771900,5440700,5407500,53322700,57163900,2357800,6203600,6674900,3607600,1886800,15531400,7765800,6508800,8944200,2532600,2750000,2560400,4957400,3010057,2203900,2805700,1452800,7990000,3367000,1227300,1626000,1782500,16795700
2022-08-29,73314000,20338500,496132000,21191200,20052700,16580000,9329900,2410300,8117300,34931000,1835600,7505300,379500,2693600,12504900,5363600,5259200,1594000,13400500,3835800,7850200,704500,4229900,4585100,48101600,41864700,2017500,4132400,5035500,2531100,1579900,23059200,8462600,6479700,11663700,2675600,2576400,1996600,4727600,2223538,1928000,3799000,1323400,5827800,1773300,1577900,2136000,1456100,15039500
2022-08-30,77906200,22767100,530181000,27513300,19567900,18282000,8079400,1835000,10745400,48194900,1830300,8849400,486400,2104500,14365000,6952100,6973300,2013400,16303000,4337100,6754000,1058300,4629700,5442700,49203000,50541800,2051300,5129500,6812500,3249700,1872700,17086800,8814300,7746900,12149300,3297000,2836400,2691200,6248600,2359664,2238000,3463000,1622700,7394200,1919800,1211100,2250000,1674300,20705100
2022-08-31,87991100,24791800,573710000,28627000,40953000,32445000,9166100,3193900,10738300,44917600,2488000,9223100,651400,3271600,22609100,7519000,8741700,2891300,26416800,5789600,11602000,1166600,7600700,6743000,53648700,52107300,3119200,8884800,6570100,4901300,2179800,18340900,13582700,6775700,12383000,3538100,2841700,2656600,4123500,2789687,2627700,4665700,1500200,6830900,2890900,2005100,3730100,2947800,28368200
2022-09-01,74229900,23263400,1178865000,28360900,30145700,31930000,9924000,2574400,9979800,32848900,1575100,7830800,485400,2425200,13173000,5949300,7509600,2085300,19947600,4521000,7528600,913900,4397900,4861000,56636100,54287000,2577800,5590800,7556800,4021400,2280600,16423000,8244400,6717300,10516700,2685500,4004200,2686200,7652000,2379399,2343300,6151900,1349900,5896300,1612200,1590500,3166500,3096300,21641700
2022-09-02,76957800,22855400,743157000,24160700,22634200,40426000,7315700,2450500,10666600,44000800,2215400,9974400,502000,2028500,13025900,6188300,5803700,1944200,14667700,3601600,6997500,796900,4103200,4507200,57429800,50890100,1791300,7763800,10336800,3563200,1901700,18206800,7526600,6096400,11375100,2355800,2641600,2185400,5262800,2916052,2665100,4171600,1141700,5785700,1496200,1387400,2297400,2400600,21155700
2022-09-06,73714800,21328200,535751000,25068300,19339800,24738000,6373700,2564400,9751900,40762400,1578100,10689300,656300,2797600,14708700,4903600,7394600,2711900,17153500,4810600,8244300,1043300,4670400,5778100,43888600,55860000,2645700,9158900,11062800,4530300,1933400,19201500,8550000,7270900,10785100,2395900,2556200,2141700,5210500,2704383,3760600,4557400,1092600,11077100,2037500,1163700,2649300,2738500,23898600
2022-09-07,87449600,24126700,512657000,23167000,16831200,20440000,6211400,2385500,10647900,40742600,1496600,7592700,482700,1766400,19475800,5208000,4590600,2504400,15378900,4141700,6121700,1139800,5100800,11559800,47900300,50028900,4185200,7238300,9946800,5206400,1827900,16274700,9442100,6890900,11759900,3785500,2633200,2166900,5298600,2487302,2902300,5333100,913100,11366600,3324400,1095800,2452900,1313700,25548300
2022-09-08,84923800,20319900,624873000,24238300,22530800,22535000,6659200,2276800,11435000,44361800,1755600,8446700,860100,3399200,18500300,5304000,5838400,1557500,18271000,3988300,8109200,1854800,8700700,7034500,43988500,53713100,2448900,5628300,7721100,2817100,1600800,18759200,9232500,7147200,14681800,3505400,2477400,2245700,4949100,3720397,2166300,5758400,1227200,8852500,2390800,1518700,3057300,1510300,28753200
2022-09-09,68028800,22084700,486612000,23197700,22086800,23019000,5642300,2998900,9299700,37295100,1445600,5976200,536600,3543500,12875500,6471700,5500600,2495500,17501700,4427000,7480100,1146600,5781200,6756500,49387600,54338100,2007000,5171500,7094600,3379500,1930900,17158000,8261100,6085000,9628600,2839400,2474400,2279600,5775800,3087404,1748000,4126800,1240300,5700400,1456200,880000,3516100,1679400,20259500
2022-09-12,104956000,18747700,484159000,22966800,23220400,18157000,6353400,2854800,8614600,30534000,1563200,8030800,756400,4146300,12127900,4511700,6365300,2792000,13744800,4938400,6351500,1097200,4358100,6874400,53826900,48674600,2204300,4836900,9078900,3024600,1522400,16118900,8920800,6208600,8935200,3460200,2454500,1937200,5363100,2935469,2382600,5437000,1129200,5573800,1653700,946100,2534100,1752700,18553200
2022-09-13,122656600,33353300,714956000,38172900,44444100,35136000,5463200,4175100,12904600,40959600,2242100,7890700,1239900,3519800,21124900,5310200,6726400,3172500,16603200,6195900,7650000,1642800,5300800,6810700,72694000,68229600,2604900,5955600,16033600,3585400,2881400,18229100,10308300,6977400,11124100,3020800,3004000,2207500,8724900,5154869,2382500,5867700,1085700,5624800,2387900,1711400,3304000,1752500,21284500
2022-09-14,87965400,23913000,588507000,26395100,43064200,20605000,6037300,3004400,9345700,32004400,1953300,8341100,831800,2840200,15067800,5270000,9555700,2648100,17162500,4673600,9418700,1139400,3264200,7183000,45316800,72628700,2745200,4888700,24320600,3618800,2007300,22655700,11160800,9457900,9958200,3271800,3872100,2295000,8478000,5251844,2608300,7737900,1121700,7281500,2309800,2087000,4065800,1325300,23152200
2022-09-15,90481100,31530900,523625000,34188300,34606300,36574000,7012200,27840200,10821400,44863300,1489400,8883100,778000,2371600,13173200,4910100,7174500,3058100,15802000,6416900,8006800,890400,4237000,5963000,52887200,64795500,2289500,6598900,11052400,2909300,1749600,21092300,9665000,9997500,9945700,3534000,5077600,1933100,9792800,3662678,4041800,5054600,970000,18681000,3103000,1561400,4861200,1382600,22763400
2022-09-16,162278800,39791800,670751000,42797200,40122800,59012000,9882300,14948100,14844100,54281800,2946800,20988900,2693900,6527200,21238800,12599100,20201500,3981700,30629500,13887500,14842500,1835500,8898200,14640700,115667800,87087800,4304100,8000800,11987600,4843500,3004800,37874700,43741600,14608000,16890300,5704200,6839900,5088300,10310700,6809392,12562000,8211100,2422600,19190700,4565300,3287400,9335500,3278300,45069300
2022-09-19,81474200,26826900,569685000,23036800,22169500,17948000,4874800,6593400,8201300,29782000,1652700,6011500,566400,2472500,11324100,7608900,7380900,2130800,16256200,5042500,7748600,1072500,3816000,5065500,47279700,60231200,2195800,5162300,6287000,2607200,1441300,15342100,6813800,6600600,7377600,2339200,3124400,2923700,5150700,2563588,3018000,5587000,1008700,8821000,1783400,1249300,4493100,1144000,18960900
2022-09-20,107689800,26660300,524818000,26517100,23217400,17132000,5505700,6548800,9619000,33591100,1569900,8092300,561600,1725900,19503900,7442400,7143400,2421700,15369000,4532900,5454800,1053800,4617100,5598600,47698400,61642800,2140200,10006600,6560000,3019600,1843100,14712500,8955200,5655400,9360500,2361600,3482700,2512400,6737600,2630007,2827400,3861500,1434000,6242000,1622400,2093000,5188300,1589700,15561200
2022-09-21,101696800,28625600,807679000,31487300,38338600,20669000,6164400,4913100,12606300,51667800,1796700,9707800,816600,2599900,19207100,8087200,8071200,2427700,17505200,5076100,7190800,1268900,4720500,5353800,58498900,62555700,2438800,6279300,8806800,2809500,2082600,17332400,6877000,5818000,9153000,2540900,2872300,4061900,6244300,2658229,3162900,7047100,1007100,6706300,1495600,1942400,4640100,1428600,25612100
2022-09-22,86652500,31061200,759162000,34298600,34418500,23540000,12405100,5657600,11684500,47527500,2239900,8376300,854700,3249400,15499000,8132800,7401100,2285600,18508100,6161000,12329700,1137500,5567500,6309500,55229200,70545400,2300500,9638800,9953000,3984700,3133100,16139400,6981100,4971600,12875000,3313400,2963900,2508400,6311800,2365924,5238500,4950300,1006400,6748700,2324900,1446000,4918400,1537400,19806400
2022-09-23,96029900,34176000,663309000,31625400,31710700,29649000,9175800,4739300,18138600,55316100,2918500,9990500,978900,3035600,23316200,7988600,9598600,2536900,18871700,5751600,9038500,1366300,6214600,5960800,65126700,63748400,2672100,9026500,7153200,3796600,5377800,27738800,13919700,10157300,17421000,5139300,5632400,4047200,8927900,3397640,4252800,6725900,1717600,6719700,2297600,1907000,5598800,1947200,19439700
2022-09-26,93339400,27694200,547343000,27072700,30497000,19361000,7862400,6746200,15753600,40360200,2308800,8496000,692600,3808700,21420000,10467400,8735500,2867400,18680200,5697800,8841000,991900,6037800,7099800,62723300,58076900,3179100,8521600,7583500,3967800,4001900,22043400,9444000,8719000,12006400,4465400,4717500,3213400,7095100,3471168,4163600,4843500,1331600,7702900,2812800,2146900,7135400,2174000,21345700
2022-09-27,84442700,27018700,553854000,30072800,30826500,17850000,7046600,6390900,12793600,43396600,2007400,6855400,769400,2828700,17541400,6557600,8686700,2583400,21562700,5598000,6532100,1166500,6377800,5223000,60094700,61925200,4193800,9890300,8628800,2941400,2412400,17307300,10121000,8779000,12712500,4404200,4147800,2753500,6682300,2856636,3371200,6119300,1180100,9247000,4027900,1900800,6329300,1947400,20357700
2022-09-28,146691400,29029700,542414000,32466300,32658500,27605000,7908400,4985100,12762600,38372900,2289700,6693500,885400,5269500,16033500,8273400,8660900,3027300,16532600,5226700,6840000,1866700,7206900,6099900,55763800,54664800,4202400,9423300,7850800,4254000,2419500,19543300,8279800,9207500,12205400,4199100,5401100,3694800,10257200,3265546,2958100,6066600,1292600,8713400,2338200,1988800,7846600,1880200,20567400
2022-09-29,128138200,27484200,532763000,31047200,38985400,39997000,8602500,5155300,12713900,35220900,1930800,5892700,877300,2280700,14811300,7057500,7008100,2392000,13559900,5509400,6601300,1074600,6698800,5311200,58969700,77620600,3053200,19339200,6881500,3170400,1963900,17896000,8197600,5929800,12191700,2966500,3118000,3518100,8905400,3307137,2494900,6989900,1589500,8291300,3104500,2096500,7320700,1463900,17806900
2022-09-30,124925300,35694800,565638000,32941500,33166400,27202000,7575600,4578800,15973400,42294100,1970800,8090900,851300,3717200,21182200,7633200,8985200,3116000,22962300,15359000,9035600,1697200,6728400,5972900,59479600,67726600,3629300,48176100,7737500,4328300,2436700,21357600,9402700,7172000,15329800,3329300,3259300,2963000,8383000,4042728,2823300,6403900,1697200,12854300,5163600,2501700,18072100,2625100,23523600
2022-10-03,114311700,28880400,547478000,27982000,27723100,21479000,6819900,3738100,12248100,34591700,1938800,8169200,948900,2677100,16827600,8144000,8657000,2562400,22834300,7437500,9186900,2462900,4817600,5871400,50941900,98363500,3286700,19108200,6739900,2847500,2338500,23881300,9597400,7701900,13978200,4243300,3891800,3444700,7962400,3585119,3494500,4303400,1536900,8115200,3786800,2102200,4863700,3081000,21495300
2022-10-04,87830100,34888400,584182000,28850800,34670700,27277000,8017900,4509200,16013600,39758700,2399500,7875000,778800,2408800,18601300,8491600,6236100,3189800,28198800,6612300,7373000,1195300,5710800,4872400,62812600,109578500,3685700,15114800,5982400,3028600,2175600,22133700,9520200,7582900,16268000,3360400,5402400,4008200,7235700,3916469,3414500,4432100,1639000,8193700,3105700,2032800,5980500,2425100,25922500
2022-10-05,79471000,20347100,507131000,22176900,27979300,18493000,4256200,3469600,10943500,35791100,1992800,5956500,556600,2073800,15873400,6384300,4539400,2281800,15673400,4777900,6065700,1167400,3803400,3890900,48217500,86982700,3033000,12732700,7980800,2491700,1587700,34857700,10633100,10073000,28104400,3967700,5443400,3067400,6268300,3119552,2811400,3800400,1073700,5468700,3865500,1518700,5311400,1861400,17797900
2022-10-06,68402200,20239900,644157000,22324000,36231100,17250000,3853900,4884000,11521400,40891900,1367400,6434800,566700,2526000,15634800,6276900,5890700,2187300,22068200,5124800,8055500,971700,6348100,5471400,42253800,69298400,2999200,9951900,6893800,2603400,2430700,29124700,9498300,6388900,16403000,5045700,3237500,2415000,4454700,2757751,2375000,3192700,915100,8374600,4230800,2908700,5068300,2182300,36663300
2022-10-07,85925600,37769600,672478000,27502800,33214800,28425000,5956700,3495900,11681100,52304600,1790100,7180900,625900,2579600,17186700,8063000,6363500,3273700,20095000,4648800,8837400,976800,8485900,4267900,54678000,83916800,2294300,8554700,6606400,2771900,2568100,24507600,9972500,9373500,15953800,3655700,3283500,2759200,5097400,3142258,3491000,4417500,1351700,7697400,3162700,3165300,5762300,1587900,31838700
2022-10-10,74899000,29743600,698699000,18225100,24024000,33454000,5497800,2906300,8931700,37669100,1309600,5418000,512400,2893400,10973700,6192300,5315600,2459100,17888000,3830800,14485000,947900,4044600,3380600,42339700,67925000,2668700,7991200,5092400,2055800,1616300,16786100,5904500,5883200,10380600,2674300,2786000,2633900,6829900,2049958,3141700,3645400,1366900,6118000,2982300,1992300,4587900,1207900,21622200
2022-10-11,77033700,30474000,667482000,26507100,38481400,28046000,7415000,3209800,12739700,58124000,2392800,6271100,932700,2588700,19135900,9676100,6212200,2844500,20981200,5675100,9743500,1667200,5304800,5410400,56432200,77013200,3169200,11903200,5531300,2408100,2341400,17804100,7533300,7602400,10474800,3017700,2939500,2542400,8508400,3085706,2164600,4547700,1457200,9143100,4892500,2463100,6385500,1092900,27708900
2022-10-12,70433700,21903900,492590000,21876400,34605200,15046000,5707100,3044100,13181000,36137900,1763800,6411600,797100,2397400,16469900,8460000,4341700,2254300,18803600,4528000,8522200,1098900,4106200,6152500,45728700,66860700,2709300,8772900,5261900,2265100,2043900,12635800,4942000,6221600,11271700,2540600,2838800,2260800,6393000,2894408,2229200,5489100,1179400,9715100,4243000,2572500,5937100,1437300,23336800
2022-10-13,113224000,42551800,850103000,34574500,34325700,27980000,6548600,4737200,22398700,67671000,2724900,11811500,2345300,5232300,23808700,9491900,6465100,3999700,23135200,5066200,9382800,1737600,6250900,6324000,86868100,91483000,5026900,9335000,7616600,3393900,3390900,22019100,10227500,7999100,16364400,2803800,3690000,3745900,7842300,3419603,2574100,5049000,1596600,13643700,7258400,3518100,6307600,2124500,33118100
2022-10-14,88598000,30198600,713432000,25410700,23559400,22816000,5736300,3563300,33387100,58108500,2397600,13658500,1276400,3871900,33954200,13326300,5684600,5628900,16980500,5290500,9847600,1267500,6087200,5500100,67737300,94124500,2918300,7811700,6315200,4762800,2301600,15222000,7327900,7646000,11504700,3230200,3905200,2830200,6093900,3151488,1936400,4614600,1231700,8735000,4711100,2466400,4480000,1640000,26019000
2022-10-17,85250900,28142300,580774000,28419200,29612200,24120000,6288200,4600600,22276300,88896800,3118600,11412400,890900,3139300,24507000,20113300,6710800,3282300,16678400,4016200,12139700,1071100,7315800,9022200,62782000,79428800,2758200,8451900,6255300,3177400,2097500,14283200,5890400,6667000,10330300,3558100,3667600,2940000,9073500,3647612,2274700,4442000,1077100,7563500,3704400,3040900,5103500,1508200,21962900
2022-10-18,99136600,26329600,659362000,24060700,25445000,20341000,16354800,5472000,21539700,81937900,6428600,9767800,800600,3963300,24810400,11732200,10883600,2345500,18442800,3540400,9530400,970400,8943900,6913800,65607400,75891900,3123600,7364700,5484400,5563400,1864000,14065400,5631200,6826200,9734500,4018000,2756500,2674000,6146300,2099295,2282500,5779100,1214800,6998500,3009900,3253400,5311100,1692800,27488600
2022-10-19,61758300,19985700,523131000,23811100,30691000,12702000,6220500,5529100,17072000,43139900,2363800,7429600,815400,2803900,17876800,5917800,10044600,2500500,23054700,3333300,8546100,1947800,18525200,5470100,47198100,66571500,3021300,5102000,6473400,2611500,1207600,20921700,9766800,5500400,16869400,4718800,3343500,2088700,6321900,1790968,2129900,4573700,817800,8579600,2611700,1824700,5924500,1186500,29563600
2022-10-20,64522000,21811000,652398000,25323200,26356300,23402000,9203400,3621600,12207400,39549100,2382300,7638100,820800,4319300,17572700,7761700,5659900,2390800,17715000,3880100,7626000,3267100,12651200,4043000,48795100,117798100,2410700,13500000,4540700,3079800,1709500,17649000,8871500,6456100,15915700,3902400,3033400,2953900,4331700,2851438,2832600,3663100,788300,13023800,4057700,2515600,4282500,1345100,35523700
2022-10-21,86548600,26299700,609494000,32458700,46348600,26980000,8335500,3659300,20593300,54870300,3545700,8149000,830800,11755400,18632800,6621300,8487600,2896000,36575700,5419400,10297200,2836900,9859000,5974500,55660500,75713800,3254900,7976300,9088800,3508300,2508400,22814100,7971300,5886200,35351400,4237200,3260100,3483800,5451300,3140348,3161000,5422900,1387500,11161300,2789000,2078000,3971600,1610500,51671100
2022-10-24,75981900,24911200,517457000,27176400,63563400,25287000,6259200,4817400,12624200,33765600,2232600,8143300,948900,4299600,16154300,5456300,6855500,2627100,24972000,5139700,11414900,1818800,8118000,6044100,49531500,100446800,4125100,8847100,16499300,2974100,2366200,17024200,7007700,5734900,27296600,4000900,1996100,2919500,5177800,3470531,4471300,7727800,1059700,9989600,2318600,1856400,3377500,4454300,28844800
2022-10-25,74732300,34775500,505482000,40611400,38433200,18246000,5804500,3814600,11289100,37132300,1837700,8173600,956000,3889100,16362200,5144600,5661900,2411900,23127000,5229400,8747900,2382800,7114400,5142500,50934600,96507900,2689000,8639900,10674000,4177900,2130900,15719800,7280600,7000800,18932500,4173200,2627300,2545000,6515600,3084433,7698800,7561000,1402500,9216900,2781000,2495200,7074100,2999600,25496500
2022-10-26,88194300,82543200,532953000,88114100,82791500,29291000,6617500,4207700,11667000,41104600,2176700,7733400,1069200,3559100,15010800,5788500,6123800,2863500,21407900,4727900,10374700,2446900,8290100,3986500,68802300,85012500,3582600,8648200,9987000,3453500,2088700,17383800,6865300,8139100,18232500,3848500,3171700,3546000,29406500,4459277,4819800,6668600,1157500,6247100,2938300,2512300,5076500,2597200,20328200
2022-10-27,109180200,40424600,583113000,60710900,232316600,18512000,4987700,2870200,10727600,35261900,1998800,6466400,943600,2101300,14655500,16821900,5390900,2212100,20377700,6850400,12218400,2334800,6610000,5077300,129605400,61638800,4145700,8617900,9524600,2957400,1576600,18214000,9177400,8948500,18298200,3300500,3394200,7872200,13754900,5043994,3325300,6420800,2043100,7163300,3367400,3414500,4371100,2338500,20268000
2022-10-28,164762400,40647700,521040000,43697300,95928300,23094000,5055400,3008400,11859500,31659100,1677100,7816100,862600,3383100,14990400,11482000,6073900,2761900,27854000,10812200,11228000,2017100,5768100,5430000,223133400,69152400,4647600,6022400,8284900,3066800,2369300,28169400,10773900,7293200,15772800,3016600,3561000,5161000,7941100,5191155,4771600,6360800,1712300,9123300,3139200,2613600,4179900,2249300,31824300
2022-10-31,97943200,28357300,486341000,31675000,121361400,19259000,4878100,3253200,13295200,32565500,2224000,9087400,1037400,3042900,14000000,10450800,7810000,2770400,29961700,8604800,11043800,2875200,5885600,6549100,99251400,61554300,3336100,6426400,7401100,3792500,2192200,26401800,13281000,7121000,16663800,4138000,3581600,3786100,6212200,4703837,2908900,4933000,1638400,8273700,3237600,2513500,5411300,2016100,26630600
2022-11-01,80379300,30592300,432817000,47161400,110189600,16324000,4545900,2467700,13386900,29913200,2316600,8195600,771100,2675500,22409100,5430600,6985000,3338900,30614500,6351200,11079300,2112100,5249400,6683000,153370000,62688800,2740900,7250700,6219600,3051000,1586300,22213100,9185600,5875600,11932200,3887500,5810800,2717500,5758600,4643573,2454500,5217500,2269000,5410300,2889100,1907000,4599500,1891500,22968900
2022-11-02,93604600,38407000,672628000,57038300,71821100,21070000,7238200,3480000,16546100,57380600,3221200,10907500,1061500,2851600,29246700,5139100,6877300,2696200,25813100,5345000,9503500,1803300,5196700,6015700,135761800,63070300,3069900,7176600,7653200,3377900,2464400,20654200,8087500,7680400,11892300,5641000,3682200,3150000,20236100,4978955,2824000,5326000,1719300,7119000,3061200,2655500,5729100,2587800,30648900
2022-11-03,97918500,36633900,500065000,61288000,60664000,23887000,5999400,4897100,12474400,30046500,2515600,6447200,717200,3960500,17140100,5370400,4819900,2245300,20124600,3850700,9912700,1471500,4873400,5151400,136683300,56538800,3225400,6550300,8855100,3041600,2010400,17103700,6607800,13209100,15764600,5368000,3073700,3570400,16212600,4937576,2671800,4141600,1627400,6920300,3132300,1703800,5625500,2396100,22329800
2022-11-04,140814800,36789100,612576000,51124900,55638100,28891000,14265300,5738300,14953200,39369400,3172700,6929700,707300,3322100,27082500,9053600,5300900,3513100,24528500,4623700,8877600,1772200,4902800,5672900,129101300,98622200,3256500,12543300,20194300,2653500,1987300,17541500,7491900,10663700,16764500,8057500,3059200,4973800,9396200,4376625,2400900,4247800,1548500,7758900,4813400,1788100,3541000,2948000,17599400
2022-11-07,83374600,33498000,410061000,34078900,81987300,17687000,7379900,3980700,12011200,37533700,2526900,4599600,798500,2918000,17713300,5633700,6621000,2540300,20304400,4304000,8644500,1340900,4903700,5217600,77495700,93916500,3029500,9094500,10190200,2424100,2036000,16008000,7578000,6882400,19928100,4494800,3226700,3405600,10220300,2834674,2624400,3295600,1186300,7008500,4501300,1828800,2963200,1575900,19697600
2022-11-08,89908500,28192500,595292000,30429000,52088300,20743000,9101800,4230600,9884100,32664300,3501300,4850300,1084300,3846000,14842700,5142500,5148400,2797000,18054500,4637500,8503900,2003100,5708200,12753700,88703400,128803400,2628800,7017800,9675500,3284600,1709900,14661000,6308200,5039800,15249600,3982500,2488600,3676600,11274500,2791809,2715600,3927500,1360800,5518400,2876600,2071800,2438400,1520000,17392700
2022-11-09,74917800,27852900,454414000,31769100,107677300,23695000,5588500,2778200,9494000,30164400,3047200,5200800,539200,2425500,18318700,4194300,6150000,2672600,15348100,4573700,10602900,1061000,5339600,7150100,90796200,127062700,2610800,6550900,6271200,4018400,1640500,19522800,8021700,7069500,21809000,5018600,4702300,6248300,8893800,3225864,2687100,3478700,2182800,4940000,2742400,1530300,4043600,1165500,17574600
2022-11-10,118854000,46268000,700819000,51620100,80671000,33970000,8777900,5502900,16351600,45702800,3790400,10013900,1795700,4701600,23091900,12947100,7877500,3426400,20480600,5607700,9556000,1937600,5907400,9212300,173414900,132703000,4510900,9361000,10408400,4962900,3098300,20146700,6981500,7543900,13088700,2988100,3457300,4590800,12375000,4620231,3338900,4764100,2370900,9315900,3601900,2781200,3705400,2683400,23049000
2022-11-11,93979700,34620200,655487000,33090500,59961700,26728000,7382500,4110100,10704700,35688700,3409100,9119100,1278600,3714600,18076600,12172300,11074700,7034300,20909800,6786400,13342800,2422500,7106900,8502200,111590500,114403600,4742800,12597500,8294400,5828300,2393500,20518900,8428300,8662000,14725000,3072000,5586800,3585400,8894300,4484635,3851400,6937600,1519200,5730900,3286300,1915700,3258300,2133700,22981000
2022-11-14,73374100,31123300,527852000,30179500,53395000,21608000,6580100,3464500,11085600,35541400,2609100,4873400,1183000,3666500,13929900,12606400,6581500,5238400,26143000,7077100,8958200,1458400,5661600,6772100,99533100,92226600,3357400,7134900,8521100,5753800,1820200,20858300,9722400,6163400,9089200,2992200,3977400,3217700,5598300,3261514,3082500,4942400,2035700,7904000,4782300,1628000,2967000,1908500,23028500
2022-11-15,89868300,31390100,545876000,41640800,50670500,23315000,8116100,2948600,14038300,46082800,3192400,7336100,851300,2916900,19076000,6709500,9351000,5103800,25440500,5909500,7965900,1531400,5262900,6765800,111336300,91293800,5429100,7242900,6410000,8606000,2502200,19373800,7747300,8300600,9513400,2786000,3785700,3371000,7207900,2511811,3105000,7506500,1701100,5594900,4625600,2152200,3110000,1865500,25074100
2022-11-16,64218300,24093300,649547000,29105200,33287800,25405000,6454700,2123200,7893400,23813000,2303700,4368600,806400,2635300,14713300,6278100,5500900,3430800,15822200,7358700,8757700,1133700,3292800,8289500,87958800,66567600,4132700,5998700,5348900,36731500,1833600,13591000,7941100,7365600,13414600,2505300,3021700,3062000,4438600,2596161,2713500,4813000,1101600,8444900,3645300,2400800,3512600,1418500,18962200
2022-11-17,80389400,23123500,710894000,26052600,35093800,20375000,7357900,2740400,8820200,23689700,2297600,4967300,781200,2769600,11350900,6787200,4464100,4246300,13231100,5069500,8496800,1281800,3332900,8953000,82617900,64336000,2467400,5252900,5245600,11300500,1902500,12425900,6550500,5735800,9868200,2745200,2446000,3256900,4878600,2853347,2517400,3256300,1284100,8333900,2755500,2144600,3384300,1520600,18780400
2022-11-18,74829600,27613500,492072000,28342300,33357700,14536000,7555700,3421700,9468500,32041800,2384500,5450700,626800,2631300,10515300,7540900,6555700,3566000,20666500,5691100,11626300,1228400,3931800,9028200,72428200,76048900,2699200,5498900,5964800,7280900,1584400,15415000,7661500,5727200,12140200,3567300,3696400,2868700,4693200,3156157,3003000,4073300,1590800,6664400,3680500,2360400,3336800,1257400,17821700
2022-11-21,58724100,26394700,404739000,21647400,24351100,18622000,8015900,3219900,7800500,27935700,1877500,4667100,656800,2003500,11656800,5858500,5706600,3349600,14736000,6492100,8899300,1329600,4148800,8304200,84330300,92882700,2974200,4774800,4499200,5964700,1268300,20973000,8432900,6573200,18814400,4734700,3047200,2522600,3501800,2489637,2465600,3271700,1326000,6593800,3314500,1682400,2992000,1065700,19184200
2022-11-22,51804100,19665700,472866000,23438500,29029000,18920000,7017700,2573800,9185700,23499300,2019400,3804100,605500,2124600,11684900,6901000,4707900,2567400,16358600,5351100,8295700,1503600,4511700,17129900,62192000,78452300,2770400,5313200,5398600,6364100,1809100,17719100,9018000,5604200,8969800,3386300,3494100,2523300,4370600,2669900,2210300,3031500,2195200,4105500,2334000,1562400,2306100,1010400,19809500
2022-11-23,58301400,19508500,427241000,18868100,21343100,13964000,5558900,2240800,7316200,18934700,1865400,4961400,489000,1404400,10878500,4386400,5389200,2238300,10710800,3221100,5749600,823600,4617500,9873800,59414700,109536700,2514800,3873100,5944900,4833500,1288200,11546700,5831200,7482600,10463200,2342000,2662300,2311300,3523500,2850589,1583500,2172300,5080300,4259700,2726000,1210500,1585300,954500,14170000
2022-11-25,35195900,9200800,167934000,9701400,12007600,7455000,3023700,1197800,3220500,16118500,1129300,2450100,301600,665800,4913300,1683400,3058600,1419200,6760200,1661900,3163700,549200,2558100,4879800,35088600,50672700,1596600,3426100,2320000,1883000,744200,7136000,2796400,2547800,4951900,1430800,1409400,1034800,3476900,1188214,912400,1313200,1135500,3622200,1275700,566500,1341300,458500,7725700
2022-11-28,69246000,24778200,303741000,26237500,23309400,23505000,7931700,2314800,9906900,35428300,2232200,6147700,480100,1782900,12492600,5833900,6183100,2699900,20704000,3902800,9524500,1822700,4149700,11012800,74943100,92905200,3160500,6967400,5257300,4624100,1684300,23015500,9365500,5648600,15397500,3581300,3598700,2862100,5355500,2803799,2043000,4662300,1974800,6464200,2283800,1367200,3910600,2881100,21560900
2022-11-29,83763800,17956300,298384000,20061700,23899200,12694000,6398100,2392600,7925300,27048800,1746900,5307100,698400,2655700,13344900,6043100,6700500,3751000,17160900,3689000,9352400,1195600,4832300,8177300,65567300,83357100,2873500,8494400,4423900,5231700,1685700,14453200,6985400,4909700,10809300,3974900,3854100,2277900,5077800,2229904,3671400,2916100,1643100,5398200,2127400,1848100,2635100,1888300,14008800
2022-11-30,111380900,47594200,565298000,43647500,43348600,47349000,14591500,4979800,14761200,51747900,2964100,10520600,2757000,3914700,26417000,10237600,13288000,9688900,35572700,12342500,20305800,3132200,12737300,10610600,102805800,109186400,5196500,16251000,15000800,11376700,3601800,23158100,10936700,8484500,19230300,4615000,3987300,3850000,6778700,4960175,7146900,6191200,2397200,9739200,6052200,3889200,8839700,3115200,31358800
2022-12-01,71250400,26041500,470977000,28687100,36551400,23006000,33721500,3365200,8858500,46213200,1706300,7310400,1103900,2670300,15980300,6122000,6282600,2997800,23592600,5827800,10110500,1423900,5076200,7876700,68488000,80046200,2599600,7822900,7452300,4989200,6970400,14398300,5217400,5285100,8152900,2956900,3214200,2504700,4517500,4233814,3934700,4084200,1747400,5830700,3329800,1708700,2784300,1420000,26276600
2022-12-02,65447400,21528500,371389000,21480700,39950500,19320000,15086700,2741800,8931900,42295300,1932300,5197800,1142800,2285400,29820400,4227000,5823900,2346200,16881600,4304900,6943600,1014400,4944100,6339500,72496400,73645900,2807500,5892000,7916900,3442900,3632100,15248400,6852300,4879700,9378600,3932500,2676000,2218300,10563800,2328152,3661500,4339700,1471200,6316900,2097700,1354400,3014000,1200800,21677100
2022-12-05,68826400,23435300,352255000,24405100,35474900,18548000,20294600,2542300,10154500,71386600,2329600,8272500,1100300,3013100,32574600,4943200,5120600,2424800,17959800,4859400,6961900,1824100,4687100,8515000,71535500,93122700,2586900,6220100,9285800,6233200,2455300,19287700,8162200,5478700,12047000,3817500,3015200,2064500,10456300,3265546,5004700,4532000,1467600,5511700,2212500,1454200,3170000,2145000,27561000
2022-12-06,64727200,22463700,352694000,24910700,43689200,19655000,16981800,2182200,13966700,84085700,3081900,10424700,841000,3285100,25961400,4989600,7943500,3097700,21787100,5480400,7458700,1969700,4175700,7228400,75503600,92150800,3573000,7086100,8383000,4721800,2995900,21197000,8765000,6498400,12311000,5031900,3627000,3633800,8236900,2672022,5598200,3809700,1015900,5027700,2828800,1672200,3256000,1242100,26293700
2022-12-07,69721100,20481500,372388000,31045400,29461100,16524000,12915900,2055900,11739400,49234100,2128200,7066700,877800,2879800,24114900,5911100,5702600,2849100,15929900,4637800,8270400,952000,3592400,6089300,68086900,84213300,2766400,5751500,4194300,3685200,2072600,20061700,6936300,6099100,9700900,4510300,2817100,3044000,5871200,3165494,5124300,3220500,1433800,5108800,2635600,1624800,3381700,1849300,23065900
2022-12-08,62128300,22611800,515456000,32213300,30619400,27514000,15156900,2065800,8907300,45491100,1967800,6141400,625800,1632400,17161400,3898800,4798500,2272300,26116800,4274400,7354800,1160400,4607700,5938700,73305900,97624500,3022700,6192800,5465100,3107100,2901000,21128800,8076600,7720400,9367800,4767200,2899700,2189400,6707700,2301840,3109600,2780100,1200200,4281700,2065900,2465300,4759700,966900,19549100
2022-12-09,76097000,20609700,465338000,28225400,26033400,37028000,10287500,1969200,7957800,36985500,1588800,6488300,549000,1761200,16023700,5098400,4561000,2852400,19933500,4644800,9667800,1157100,5346400,6370200,67398500,104872300,1677400,5677700,7999600,2905900,4211100,21298200,10754300,6385700,16079900,4152400,3212200,2257000,6359000,2397860,3487100,3328400,1340400,4460300,1998200,1646800,2515900,1262900,20671200
2022-12-12,70462700,30665100,457328000,29420000,24747100,23416000,11852400,2914700,8841600,41060500,1750400,7496200,701300,2773900,18428900,6803900,4882400,2714100,18532200,4109400,10956600,1163000,4752500,5997100,61999800,109794500,3230500,6426000,5796000,4433800,2276400,20413200,9364900,5636500,11416900,4307700,3692400,2709200,8098400,3551167,3214500,4578700,1591700,5348900,2734900,1847700,2467900,1246900,19629600
2022-12-13,93886200,42196900,656589000,40593700,44701100,40414000,12579800,3428000,10025400,54804800,3062600,10330500,949800,3110500,31496000,10448800,9177500,3369700,29461800,5050400,15836900,1867300,6246000,11389600,100212000,175862700,3390100,8655300,7066000,4178900,2626700,24305300,7838800,6285200,11659700,4376100,2984000,2945200,10975300,3660238,3863700,7098700,1675500,7179500,5581400,2179100,3754500,1969400,30176800
2022-12-14,82291200,35410900,496888000,28733600,36922000,35218000,9611800,3236500,9966100,48819500,2519700,7704600,549200,3556200,22044400,8753100,9533600,2654600,36260300,4485400,10788300,2079900,5614900,9302900,70298000,140682300,2660900,7528500,5624000,3749100,2145000,17597300,7045500,5927000,10212200,3721800,2646800,3513800,5814900,2701200,3188900,4939100,1767500,6111600,4468700,1902800,4141400,1824800,23329800
2022-12-15,98931900,35560400,478542000,40107000,34531000,36876000,10807300,5498700,12087800,49027600,3163700,8795200,566500,4282200,16766600,7854500,7602400,2963800,21627100,5268300,9871400,1366900,4947800,9887600,84802900,122334500,2735300,7500700,7244400,5415500,3437700,15365100,7272900,6400900,11048100,3565400,2445400,2953200,5343200,3417905,3478300,4843000,1561900,6469100,3631400,1693100,4284500,1882800,33007200
2022-12-16,160156900,86102000,478232000,58011800,67064000,49549000,15464700,11940700,21133700,61795200,5008800,17262000,1697100,4510600,29836200,13857700,18841800,7109100,65689500,18905500,29465900,2336400,7976100,17064400,146144100,139032200,5932500,14083600,13862300,8367000,4909200,54596600,23876000,17422600,22945200,13516600,7235200,7610700,7906800,7563339,8241400,7610800,3097300,16949300,10623600,3724100,13002600,3857600,62763800
2022-12-19,79592600,29696400,354039000,29493000,29769900,25092000,9441400,4086300,9017200,38374100,1646700,5129600,606700,2546000,17454200,6478200,5736000,1808100,16081900,4033400,6949500,1053400,4352000,9357600,83531500,139390600,2160800,10620300,5771100,4186700,1939200,13611100,7131600,4991400,7447000,2410400,2451200,2622400,6605400,3278278,3690200,4732700,1327700,5681100,3628800,1401700,3339900,1254700,26127200
2022-12-20,77432800,25150800,403260000,23453800,28742500,29831000,8455500,3873600,8549900,35561100,1623000,5206800,590100,1607800,25415400,7110700,6174700,2086100,12433800,4221000,8022000,988600,3673000,8063300,74348300,159563300,1785600,17147900,4533500,3175400,1993700,14680000,6199100,5538700,11496100,2381100,2442300,2649900,6156800,1990330,3062200,3907000,985200,4811900,2394300,1307500,2738400,1312900,24147300
2022-12-21,85928000,23690600,325025000,24745600,20392800,25619000,9313200,2583000,8051700,32544000,1923100,5422400,652200,2107100,20170800,7123500,5472000,2182000,12925000,3707200,6640900,1208300,3228600,6804400,59267200,145417400,2366800,32777300,5566300,3510200,1462400,13565400,5479400,5433000,9019500,2687600,2471800,4143600,9175400,2785337,2833000,3610000,1220500,5356200,2269400,1410200,3482500,1723800,24504300
2022-12-22,77852100,28651700,565045000,27658300,23618100,27553000,9968600,2319300,8648200,30234400,1528900,5635200,623200,2901100,17382700,6124600,5709100,1851600,14822300,3606000,8373700,1103300,3311100,7458600,81431300,210090300,2366700,17147600,4756900,3846500,1906100,13213000,5755000,5295400,7574500,3011700,2287700,3129900,6924800,2355420,2626400,3165000,1223600,4491000,2312200,2212200,2467600,1202200,26865300
2022-12-23,63814900,21207000,349326000,23003000,17796600,13761000,5821300,1629800,5091900,21378600,1062000,3316100,363200,1671800,10167500,4756400,3683400,1292300,10666500,2685100,4547400,621400,2618400,3856600,57433700,166989700,1269000,6603700,3944500,2464800,1229500,11539400,6079100,5001500,8082300,1678400,2216300,1959900,3983600,1380043,1897600,2119300,735600,3254700,1803300,1146700,1521900,636600,16918300
2022-12-27,69007800,16688600,464902000,20097300,21392300,16677000,8300800,1464300,5411000,22776100,1035000,7064700,325100,1858500,10297400,5346500,3067300,1596700,12033800,2669200,5125800,1050000,2927400,5336000,57284000,208643400,1674700,6661100,4402500,3112500,1230800,11962100,5168000,3849400,6200900,2258000,2474900,3381500,5014800,1550121,1294200,2600200,713800,4726500,1698500,1550000,1683300,682800,25315900
2022-12-28,85438400,17457100,351066000,19523200,19612500,15410000,6249800,1672100,8827700,30541000,1117200,3714900,457700,1490200,11889400,3382700,2645400,1694200,10053900,2944500,5107800,826800,3265200,6053000,58228600,221070500,1427800,5437800,3491500,2623200,1324100,10702100,4494400,3856400,7192700,2490300,1910700,2270000,4426300,1705345,1455900,2418700,821700,3536400,1687600,1411700,2623600,908900,21793200
2022-12-29,75703700,19770700,354923000,23333500,22366200,18176000,7628800,1793100,6585200,22252900,1273600,3461700,395300,1758500,11597100,3378500,2828800,1379700,8971300,3112500,4467200,1027400,3047800,4931600,54995900,221923300,1393900,4588600,3976100,2829000,1465000,10534000,4142100,2921600,5200000,1744700,1827300,1652500,4518900,1994574,1369200,2940600,835300,3378300,1444600,1323900,3043100,872300,17347000
2022-12-30,77034200,21938500,310490000,23986300,19583800,14376000,5630200,1740900,9292500,28198900,1031400,4455600,413000,2247200,10021500,5058400,4216600,1849600,11396200,3680400,5498600,686000,3471000,4991300,62401200,157777300,1720100,4355500,3988900,2391100,1803200,11799600,5005100,4220500,4629800,2179400,2088900,1521100,4007400,1697600,1670900,2984100,760200,4266900,2055600,1450400,2138400,1238000,44007200
2023-01-03,112117500,25740000,401277000,28131200,35528500,20173000,8196400,2229100,11054800,35221500,1589700,5108900,540800,2762200,15944300,7443200,6344900,3525600,15603800,4937500,8062500,1785800,4171900,6544500,76706000,231402800,2743800,8124800,6607700,3685200,1978100,15146200,7565400,5424400,8487800,2994900,2877200,2651900,8624600,2354677,2206500,3532300,1166300,5535400,2688900,1812400,2170100,2374200,31330700
2023-01-04,89113600,50623400,431324000,34854800,32397100,17074000,14322600,2186800,11687600,41998500,1881000,7726800,710200,2620400,18943600,6199100,9788800,5070400,21808400,4440400,8698600,1935800,4395500,9769500,68885100,180389000,2584100,8550700,8166600,4443300,2097300,18058400,7684500,4837600,9069800,2469700,2959100,2387900,9746900,4095778,1965100,5635100,1050800,4831100,2819900,1796000,3059500,2088900,28779500
2023-01-05,80962700,39585600,389168000,27194400,25447100,16277000,8493500,2081600,8381300,34177000,1397800,5339900,686700,2505700,12380700,4562400,6255300,5497100,20057400,3516000,9578900,2220000,4896900,7048100,67930800,157986300,1945600,6046700,5575100,3266000,2169300,15946600,6088200,5177700,6622100,3560200,3348400,2355900,6913300,4305008,2736800,4967200,1485000,5472600,1920600,1495000,3079500,3133700,29987200
2023-01-06,87754700,43613600,405044000,41381500,27584500,35261000,9145700,2216600,10029100,34068700,3097800,5710900,1215700,3077400,15247000,6462600,5706000,4841300,29635900,5099100,8632300,2938100,3800400,5994400,83303400,220911100,2855400,10080700,9644100,4944200,5174500,16348100,7191200,4442300,10171800,2595700,3101300,3945100,11256400,4303734,3690100,6411700,1042200,5235300,2157300,1980200,3995900,2538900,26010400
2023-01-09,70790800,27369800,504231000,29003900,26649100,37739000,13679700,3133800,8482300,43818800,1989000,5039700,1102800,3219400,21225600,8036900,7925300,3702800,30839100,7833000,12858800,1871200,7277700,11108700,65266100,190284000,2654600,9397900,10124800,3853800,2384800,17964600,8385600,5403200,12104300,3160300,4707400,3417100,9005600,2787671,3214600,6377300,1200300,4749000,2358300,1727200,2504400,2471300,23062200
2023-01-10,63896200,27033900,384101000,30467800,28684400,44635000,6527700,1670200,9048700,35096000,1610100,4536600,758900,2198400,18348800,3986600,5047500,3164000,29212000,5936200,12122800,2102800,5591700,6494500,67756600,167642500,1718400,5899900,4183600,2554900,1649900,15104600,8307000,4042700,7080300,2575200,3259200,3011900,8183200,1884018,2324200,4701900,1079200,4921100,2244500,1691300,3097800,1613400,16695300
2023-01-11,69458900,28669300,353285000,26862000,25423000,22502000,13595000,2344400,8703700,36783700,2127000,6122600,788000,3113600,18272100,10252000,6494800,4274200,23022200,7492000,8626500,2013500,5350300,8366300,103126200,183810800,2391400,6989200,5634400,3146800,1576400,16710400,6962600,4569900,8856900,2771100,3551100,2402400,7190700,3097590,2674700,4518700,1130000,6153500,2358800,1893900,3084500,1928000,20674800
2023-01-12,71379600,27269500,551409000,30258100,30757700,19514000,11678000,2121800,11001700,44230400,2103100,7895600,938600,3322400,20940400,8211600,4269400,3726800,23345300,7665100,8914800,1635200,4697700,5738000,85254800,169400900,1933000,8366400,4882000,3222600,1628200,15357300,6891400,5072500,12857100,4005400,2231600,3881500,8208100,3145016,1832200,4221400,1205500,4648600,2350100,2364700,2608500,1277500,16980300
2023-01-13,57809700,21333300,447287000,26329200,22423800,19647000,8378100,2581900,20200000,89667800,3310200,8414600,984100,2391300,41649700,9309500,6088000,5390100,18737500,6019300,5757800,2040500,5348700,6024000,85549400,180714100,2168900,4856500,5529700,5161200,1405900,12011400,5726300,4360200,7345000,2111400,2133200,3067800,6213200,2118923,2078100,4968000,985700,4943200,2722900,2007100,2283300,1882800,17229800
2023-01-17,63646600,29831300,511102000,32602400,21147600,15835000,9407600,2512700,14292900,56458400,14448300,27914300,823800,3073400,25473900,9365000,6053300,4495600,29391400,8507000,10241100,2086300,5711000,8383000,72755000,186477000,3640200,6172200,7477200,3527900,1539900,16542200,10697700,5228500,8467200,3127700,2600800,4100100,6150700,3481459,2703300,3959000,1767700,8410200,3552700,2204500,3057000,1714700,28697000
2023-01-18,69672800,30028700,439624000,29116700,20215500,15703000,7812600,2079800,13392600,54517800,5585200,14134800,728800,2762400,20278000,14026500,7047800,4398200,33835000,6190800,8799500,1749700,4288500,5792200,79570400,195680300,3276500,6828800,5725800,2798100,1925500,16399700,8899200,5138700,11332700,3737400,2908000,3361400,5403100,5412585,3085100,5321800,1390800,6107700,3152600,2213000,4245300,2945700,22976500
2023-01-19,58280400,28623000,452932000,37000400,28625200,22692000,7070100,2467000,13303400,42707100,3100400,13457100,650700,3852300,18565300,23537100,6939500,4549600,26614900,7169900,6772900,1636000,6157700,7831400,69002700,170291900,2845400,5273500,5115800,2881300,1919500,12928000,5907200,5049100,15283700,2449600,2696800,4885200,5813500,4826595,2711600,4641500,2241000,7099700,3025900,1864300,3875800,2703600,24812600
2023-01-20,80223600,35389800,564967000,63191100,28688600,22950000,10127100,3149400,13092500,45004400,11247200,10785000,724300,3954800,23237200,11544500,8620600,3525900,25197600,7059000,9216500,2394700,5078300,6806400,67481500,138858100,2588600,5673200,6543500,3122000,2588600,16515600,10477900,5101400,19204800,2476900,2986400,2964100,5475400,4220128,2296400,8216200,2781500,9429200,3968400,2990400,3281100,1792700,23377900
2023-01-23,81760300,31934000,655163000,40005100,27470100,23429000,19922900,3187100,10487100,33683300,4915700,8735300,730200,3608700,19692000,8610500,8425400,3418700,19398600,7616400,8998800,2307200,6115300,9491500,76501100,203119200,2434000,5581600,6320500,2371400,2709400,16584400,8381300,3963200,15090600,2695200,3070100,2610200,5481900,2970482,2240100,5686600,1390500,6864300,3326700,2723600,3011200,1931100,34249300
2023-01-24,66435100,40234400,496204000,33078500,21970200,13825000,6390200,2466400,6945000,26716700,2372000,4801600,558200,2348500,13697200,6555600,10541800,3036300,18853100,5171400,7424200,2102600,4662000,7180300,66929500,158699100,2517100,5486200,5517200,1902000,1510200,13583000,5989000,4216900,8784400,2313100,2360500,3505100,4753700,3413449,1958400,8308000,1319700,6652300,3048200,1991900,2142800,1625900,32143900
2023-01-25,65799300,66526600,449537000,42330000,26622000,13766000,9390500,2239100,8967000,28859700,1985200,5891000,1070300,2916500,17285300,7206500,7099800,3037300,20828000,5744300,6168000,1238300,6070800,4200600,94261600,192734300,3097400,5933700,5416900,2248200,1329800,11914700,6727500,3984700,9053000,2576300,2889100,2424900,16106500,2286137,1722000,5967300,1002000,28527400,2066600,1985100,2436800,1887200,26527000
2023-01-26,54105100,33454500,489535000,30114000,25482100,24525000,13354600,2350500,7487600,30035500,1919200,6085100,488700,3640300,16724600,11540300,6946100,3005000,38465500,4577800,9672700,1210800,4159500,4162700,68523600,234815100,2222500,5838800,6324100,2079100,1576400,21019700,14307800,5807400,8581500,2617800,2723600,2677200,7288100,2044865,1627000,4302900,1191100,18508700,2093500,1126100,2071900,1587100,19568100
2023-01-27,70555800,26498900,542142000,33879800,35771900,19344000,9872300,2615600,7489900,29964900,2427400,7990800,489400,13997300,18161800,19831100,6058100,3177100,23798600,4591500,7784900,1110000,4860600,4858500,87775600,306590600,2203200,5730000,6851100,3850300,2034100,15179200,19654700,4857500,7669500,3035600,2506700,2783000,5237900,2251866,2831600,3365800,1324500,13243200,2277000,1360200,2824100,1819800,17254000
2023-01-30,64015300,25867400,488611000,27226200,28040100,16984000,8169800,2663600,6729300,27353500,3184500,5870100,458300,10240700,19427400,14849100,23259100,3606900,24402200,4573400,6476600,1221500,4434800,6559100,70691900,230878800,2862400,6494600,6880700,3453500,1855900,18672100,11476000,5246300,6181100,2927000,3110000,3426900,6066800,2700988,4593300,4607300,1376100,10669600,2470900,1422200,2538100,2163800,22272600
2023-01-31,65874500,26541100,498017000,29870700,29842100,23719000,6421300,2572400,9188700,38917400,2311500,7182100,572000,5170900,22840400,12526800,11612500,5567000,49722500,5628700,7938900,1799800,5698300,7396100,66527300,196813500,5477900,7686900,5816300,3716000,1924100,27861800,14481300,5200100,5951900,4043200,7890100,10992100,5163000,2439027,6872100,4099500,1269800,19020400,3722600,1548500,4350100,2330300,18665200
2023-02-01,77663600,31259900,660477000,35531100,55661000,26553000,8853900,3362000,8841800,44438700,2889400,9815200,702200,3725200,21874600,9718100,9865300,3451200,24482300,5439900,10103200,2627500,4532300,8395800,80450100,213806300,3557700,6387900,5841200,4022200,2080200,19464900,11526400,7282300,10454000,4991700,4467800,6022000,8462100,5721124,4005200,5155100,1112100,15188700,3054300,2601500,2845600,1879500,19542000
2023-02-02,118339000,39940400,564276000,69883800,150475700,24188000,10667100,4020000,11822100,33729100,2619600,11118900,1101700,6895500,19058000,13198100,10099000,11169900,35279200,6160800,16229900,2312500,5051800,6940400,158154200,217448300,3735600,5214500,9852900,4003800,2287400,24562100,10463400,11531300,17007600,3928600,4668700,6130300,6513400,7621694,4995900,6035700,2551300,18604100,3796600,2195800,3111700,2524000,18443800
2023-02-03,154357300,29077300,429366000,65309300,76809700,19093000,6481700,2695400,11501200,37411700,2243100,6948600,1201800,5305100,17346900,9523200,6868500,5440100,23742000,6553000,11210800,1283200,3754500,4949900,144374800,232662000,3008500,4930200,15200500,2941600,1844100,20226600,8404900,13504200,10737000,4205800,3525100,4134700,5400300,4729620,2766300,3844300,2295500,11671500,4331100,2485700,3303400,2663000,18314400
2023-02-06,69858300,22518000,452197000,31999600,42483800,18709000,4310600,2369600,8406200,29463200,1816200,4737700,691500,3397800,15948900,7816300,7021000,4174200,18071200,4297000,9054500,1119500,4145600,4731300,81945200,186188100,2863900,4666400,6392200,2642700,1740100,13855200,7659500,11516300,6482100,2486600,2666300,3528800,3903000,3028306,2243300,5243000,1378100,9343400,3050300,1797800,2539700,2322900,15530700
2023-02-07,83322600,50841400,664150000,49010200,47080700,24025000,6179200,2476200,10447900,44100200,2205500,5060700,730300,3526300,21764800,5974400,7310800,3394600,22999500,5401900,7904700,1171100,3401600,5129500,119501300,186010300,2514000,5288900,6207500,2256700,1927300,16013300,10256500,7370600,9109700,2524800,3628400,3467900,7311200,3127616,2037800,3814500,1313100,10855800,2672600,1834400,3638600,5990100,21668500
2023-02-08,64120100,54686000,559651000,94743500,36139100,15290000,7694500,2668100,6958000,28032800,1893200,4705200,517600,2926500,18070500,7128600,6054700,3466400,19362300,5753800,8596300,907200,4222300,5454500,75878300,180673600,2801800,5877800,5557500,2037000,2062900,18459700,9784700,6713200,7939900,4107700,3683600,2300300,4229800,3779494,1970000,3789500,1061500,9082200,3328600,1936100,1980000,3429500,14080200
2023-02-09,56007100,42375100,523876000,119455000,37118800,18837000,11512300,2265200,6443100,35257100,2052500,4983800,723700,3557900,17362100,6292800,7949500,3664600,20809200,12216900,7976800,960800,3912700,6188000,64622500,215431400,3534600,5929000,5608400,1656100,1517300,17439300,10123400,5768300,7116500,2487200,2897400,2464900,5018900,3197111,2135600,3670900,1262700,13163500,4403000,1220000,2467300,2655700,17485700
2023-02-10,57450700,25818500,550737000,54980700,33433600,21035000,11273700,1846300,6582900,32898900,1933400,5224900,626000,2586200,18929000,4809400,7028000,3418100,18619600,8956700,7609600,763700,4186300,4544000,52740100,204754100,3049900,5195500,6298600,1841400,1536800,24918600,11602400,10779200,9410700,4041000,3003300,2820300,4862900,3067033,2533900,5291000,1357000,9883000,2633200,1929800,2303600,2515900,15398500
2023-02-13,62199000,44630900,474919000,50076100,31463200,19847000,8820300,1877300,7134600,29163900,1570600,4910300,583100,3102400,16451700,5760000,6414700,2589000,17878000,5602600,7383100,997600,3711000,4279500,52841500,172475500,2418300,5689800,5192400,2432600,1452600,14536200,9442900,6018200,8964200,2936800,2608800,3068100,5193300,3154565,2481400,5238600,1428400,8114200,1931400,1352800,1755600,1782700,14486000
2023-02-14,61707600,37047900,675474000,54726100,24034600,17571000,8393100,2479700,9249400,33625200,2155500,7679500,466700,2325900,16844400,4482200,6316000,2072600,17506900,4662800,6983900,850100,4244000,4527700,56202900,216455700,2202100,4845900,5109400,2418400,1257300,12079000,8077300,7308100,7437300,2190200,2267500,2512900,10033100,3182363,1876400,3699700,1503000,7089400,2190700,1017300,1859100,2175000,12292400
2023-02-15,65573800,28922400,420575000,50169000,25308900,12683000,4997000,2088200,6728300,23500100,1687200,6464200,479200,1501200,12854000,4184800,12621800,2242500,18994700,5648100,6416600,1038400,4060300,4584800,47957600,181006400,1862000,5687900,4059100,2954400,1422600,13663400,8885700,7203700,7077200,4344500,2626400,2398200,4846800,2686664,1750000,2551000,1424800,9344300,3276800,1381500,1733800,2493000,11265200
2023-02-16,68167900,29603600,412026000,42462600,25827500,17449000,7483500,2917000,8165300,22681100,1947800,6051800,492600,1899100,12631700,4665100,11177000,2611500,17832000,3757500,5959300,1173700,3299000,4784800,56339200,229586500,2785400,4722200,4596800,2318700,1456000,11360600,6727500,6531900,5089700,2877200,2876500,1934900,4388000,2922949,2633000,3524300,2122500,7795600,2150000,1719700,1782200,3209100,16625900
2023-02-17,59144100,30000100,465888000,34284100,24171300,14215000,8084500,2985700,7948800,28562700,1857300,8133000,519200,2355300,13463800,4764700,12401900,3891500,18293400,4562400,9474600,1182400,3564100,6825100,60029400,213738500,3055600,5161500,6876400,2678100,1340400,20758300,9612100,11294500,9162900,6201900,3537600,3759300,4985700,3024274,2510100,6507500,4888700,9436100,3041300,1793500,2623200,3231600,15029200
2023-02-21,58867200,28397400,410015000,33629300,34592600,22737000,5210800,3002700,9996300,37068900,2403000,6556000,646400,2713300,13652700,5828300,9423900,2877300,17356600,8466100,6741500,1395200,5204300,8135900,56580400,180018600,2824300,5110300,5438000,4133600,1811800,14469400,7259700,7200600,7422100,4582000,2569200,3105900,4663800,3003585,3994800,3853000,1936300,11915600,3262600,1888300,2448600,3245700,17805500
2023-02-22,51011300,22491100,513184000,30884000,22433200,23475000,4343700,2599300,11107500,38550400,2203800,5072400,937900,2468800,13402900,5389100,9820200,2982800,17394200,6041700,7213900,1705300,8900900,6083600,59534100,191828500,2192000,5022000,7523700,2941000,1332000,13973800,6205900,7929500,9181100,3772400,2087700,3145200,2920000,3144061,2376900,4489800,1356300,9351200,2070500,3564500,2526300,3595100,15086800
2023-02-23,48394200,29219100,1117995000,41206400,20017800,18939000,4679400,3154500,8068000,28488000,1931400,5916100,614800,2575300,14783600,5260800,9385100,2511800,21104300,5993300,6922800,1160200,4611100,6695000,48467000,146360000,4217000,4101900,6857900,2718500,1546300,11289400,6445500,6095800,6324500,3846400,2738000,3219000,4139400,2595843,2341200,3227800,1086900,9049900,1889400,3234000,1844100,3836400,16738200
2023-02-24,55469600,24990900,589716000,36585100,19791300,15353000,6569900,8444500,9126900,27046600,2428600,5414200,553500,1667400,16040300,6470400,8689700,2940400,16806100,5621100,5787900,852600,5476800,7401500,57053800,142228100,2645300,4693000,6019700,2888800,1587600,14351000,5330200,5617900,8458700,8752100,3005800,2105500,9658700,3507136,2674400,3915000,1031200,9127800,2320800,2727000,2517900,14737800,16431500
2023-02-27,44998500,21190000,452994000,27502300,19277000,18321000,6891200,3500600,10014700,30137500,2842400,5645000,560000,1909000,15468200,7722100,7267100,3006200,26370300,6828800,5654800,1110600,4489800,6379400,47470300,161028300,2024800,4239800,5235100,5245000,1501700,11710500,6386800,7429300,6287000,4772200,2699500,1720900,4318900,3568249,2925400,2986700,920200,7029700,2416300,2348100,2439300,3708600,14210900
2023-02-28,50547000,22491000,455963000,30142000,46051100,27822000,6912600,2714200,11019800,32620600,4945600,6745300,859100,2301400,18627200,9474800,9062300,3902100,31086900,7561700,10209900,1188800,7877000,6657400,43959300,153144900,2853400,8414100,5186500,10669300,1918200,18107000,10854200,8771800,10634200,4907100,4104500,2647700,3589900,3299816,3703000,4470000,1465200,11276700,3155500,2741400,5780900,3274400,16685300
2023-03-01,55479000,27565300,460026000,31111200,30998400,15484000,15841200,2377700,7139200,29281600,2717400,5429600,635000,2566500,13382200,7389500,6767000,2996900,21104400,5485800,6099000,1126000,3963500,5249100,52299500,156852800,2058900,4120500,5382200,5835700,1759300,13200000,7470400,6064700,7166500,4942200,4581100,4117700,4402300,3428834,2307500,3739900,1354000,11809200,3373100,3261000,3757800,3474000,18411700
2023-03-02,52238100,24808200,389415000,32204400,17352000,27525000,37712500,3845800,11106800,44607200,3259800,4632400,490200,1795000,19115000,8579900,8762500,2188800,19110600,4567800,5097500,941200,5209900,4985100,55509400,181500700,2385900,4443200,4777600,2829200,2379200,10339900,5582000,5458600,5668300,5850900,4644000,2676500,5451500,4513812,2334500,4134400,959800,16066500,2589000,1884900,2591400,2266600,18818900
2023-03-03,70732300,30760100,412393000,35160100,45877700,46088000,12087200,3725500,9513100,39109100,2396200,6504000,812200,2875600,14947200,5845600,5747200,2863300,20922000,4851200,6124300,1153600,4982400,4771600,55759600,154193300,2725800,3871800,4882100,2318600,5354200,13006700,6007500,7075100,6726500,4824800,3755700,2314700,7496800,3306607,2499600,5072800,1097400,10724800,4061800,2044800,2529400,2940200,23407500
2023-03-06,87558000,24109800,437429000,32639300,33209400,24983000,10770300,3060300,9261300,36646700,1614200,5215200,543300,2730700,14236000,6969900,8148200,3812700,19434800,4051900,17776600,1163100,5005100,6845500,52112400,128100100,2217600,5183800,5237100,2220900,3104700,14347400,7703600,6200900,6116600,3893100,4000200,2317100,7004400,2887830,2419500,5064700,1007500,6888900,2709100,1788900,1961600,3846400,22925600
2023-03-07,56182000,21473200,515154000,27835500,36701500,19334000,9024300,2252800,11747600,52855300,2048500,5461400,417200,2906400,24056800,6377900,7457700,2589200,23205800,4606900,13805300,1012800,6349000,6876300,49100700,148125800,2766600,5345700,3976300,2410800,2659100,11525300,7393000,4973200,6908500,3020700,3119900,3018400,4619700,2950641,2822300,5139300,1181500,7308900,2817000,1907000,2242200,2218100,23713500
2023-03-08,47204800,17340200,513573000,34103300,19432400,20912000,6749100,2518900,10002500,40045600,1584600,4121300,554800,2101400,14852000,5371900,6230500,3036600,16756100,5860100,8440800,1453000,6252600,6810100,44899100,151897800,2314000,4175200,4225500,1752700,1548500,13509800,5435800,4576800,7555000,2807500,3876200,2068600,2406900,2190859,2277900,4299000,1365900,5913600,2450000,1603000,2018700,2222800,20295600
2023-03-09,53833600,26653400,501257000,28813500,26582800,21775000,7102400,3798300,25888100,112457900,3177800,9162400,787100,4349400,33599800,40220100,7439400,2780400,18585100,5350200,5842500,1013200,5146000,5634400,56218700,170023800,2339300,5635900,5732300,1872200,1629400,12961200,6214700,5191600,8844300,4649300,5194700,2518800,4284000,3383105,2497400,4912700,2082000,7678100,2750800,1463600,2491300,2489100,26506900
2023-03-10,68572400,28333900,474866000,35941000,25665000,26098000,14109000,4148200,37599700,165330900,4559700,16206500,960900,5104300,55435400,88882900,8504300,3787500,26328100,6825500,9738500,1081700,7042400,5901600,69827500,191488900,3093100,5979600,6641900,2754200,2123000,15795700,7385800,5313100,8608400,4313000,4367100,5767500,8547100,3890793,3442600,6340100,2354300,10167100,2629100,2357800,3717100,1534100,23940700
2023-03-13,84457100,33339700,421890000,37335600,24728000,22364000,9154800,4203500,42901100,218403300,5660700,15175400,997600,6123200,78806900,148476900,10799600,2971600,35299400,7653800,10687100,1405800,6553000,7576000,72397100,167790300,3552400,6038200,6408200,2342500,1799600,20745600,10106100,8789700,10914700,4301400,6037700,4885100,6671200,3420240,4435900,7757700,2000700,8388800,4542700,2325200,3314600,2228900,21834500
2023-03-14,73695900,33620300,474910000,36050200,41642600,25893000,10138100,3850900,29648100,154255800,3785900,11089300,928600,5284000,52855100,112494900,8421200,3258200,24583600,6644100,9806900,1409800,5093900,6808200,60912700,143717900,3194400,6050800,6248800,2574200,2422900,18263500,10035200,7090800,10345900,4556500,3521200,3754900,8245700,5149245,4892100,6407400,1636600,8635800,3778300,2461600,4342500,2580100,22433200
2023-03-15,77167900,46028000,524486000,50622100,42123600,22963000,7716900,4627100,34280600,131104400,6596700,14814000,1130000,6100800,47324600,87012300,7757700,3770200,25498400,6304600,10942700,1918900,5712100,5367900,70731800,145995600,3419400,6599200,6603300,2633900,2226300,25733800,14063100,10661200,18103300,6558500,6810300,5471700,10894200,4165804,4306700,5755300,1964100,12030300,3856800,3117500,4416000,3395300,21722200
2023-03-16,76161100,54768800,583253000,65492000,50447100,31716000,8369500,6946600,24558500,108348800,4399100,15342400,726200,4737300,40388800,66199500,7605500,2940500,21095900,6331200,9441500,1135800,5289100,5774300,84446900,121136800,3097900,5658700,8188600,2510100,1979600,27465200,12849600,10111500,16769500,6637900,5801500,3555000,6747300,4087184,4710200,4635500,1621800,8895800,4859300,2622400,4409600,1750100,29164400
2023-03-17,98944600,69527400,848547000,61028500,50141100,79303000,10493300,6725400,38396000,130665500,6369800,19935800,2701500,7447200,47403800,64528800,20540700,5290000,57457800,42756400,26402100,1947900,10848100,8838600,87300200,133197100,5075300,12868900,10189700,13175000,3959300,43199500,33161800,17056000,20723800,11147800,10256800,7203000,9858900,7834106,20535900,8157800,3124500,14137400,5914300,3456900,6508900,5702300,47352500
2023-03-20,73641400,43466600,432747000,32960400,25186300,25857000,5513200,3946800,22875500,81441200,3963700,8649800,924200,3054300,34283700,46523700,7129000,3119400,20825400,4408200,12865800,897200,6075700,7224100,62388900,129684400,2108900,7594100,4864000,2875800,1623800,32042100,8469200,7932900,10496100,3560600,4692800,3464200,4764000,3014089,3974300,3972700,1325100,7140100,3159900,2000700,3851100,2305000,19247800
2023-03-21,73938300,34558700,547408000,42110300,31827000,25000000,6982000,4479200,17807800,84854800,3242400,8905600,791200,3986800,34664700,39433900,8376800,3163300,19982000,4675700,11571800,1000100,4475000,5829900,58597300,153391400,3120100,15078800,4743700,2497200,1664000,31592300,9753500,6770200,10486500,4177100,7228900,3074600,4673300,3325068,2965600,5135500,1341700,6222300,4087400,2578100,4078800,1792600,16648100
2023-03-22,75701800,34873300,797295000,43427400,28477800,25799000,6575600,3878400,17250200,76925900,2505900,7299300,480100,4367300,22994400,35735700,7943500,2632200,15444200,4376900,5705800,928400,3606700,5537800,57475400,150376400,2240800,17625500,5917700,2909900,1299700,14952700,6315000,5635500,11557000,3803800,3012600,2930200,7311600,2491759,2758400,4042000,1202400,7038000,3089700,1943400,3472200,1434200,15321800
2023-03-23,67622100,36610900,564889000,40797800,27389700,27162000,8685000,3138600,16677600,105335900,2585900,9373000,483400,3727500,30239900,46162500,9051500,3284900,16958100,4584000,6801700,951600,4525000,6712400,57559300,144193900,2263800,7628100,6879200,2791700,1565900,14385900,7859400,5866400,12213400,3868300,2856300,2957400,6266900,2504066,2901700,4352100,1566800,7541200,2764400,2053200,4007100,2082100,15799000
2023-03-24,59196500,28172000,454920000,30393300,27716400,17228000,6102700,2993400,22311100,96872700,2456700,10978700,574100,2588700,35694800,45393100,5696200,2533200,17218100,4678700,6661800,1012600,5269100,6217000,56095400,116312400,2229200,6158800,4685400,2703700,1635200,13401600,6600100,8385900,19753600,4183200,3718400,2976800,4511600,2474570,2586700,4711900,1361500,5293900,3608700,1897500,3721400,1793800,14957700
2023-03-27,52390300,26840200,361026000,31120900,18527200,14707000,7776500,2832200,18853900,102469800,2300600,6626900,411100,3984300,27454600,27218100,6772300,2271800,20262800,3887800,7563100,865600,4627700,5641600,46721300,120851600,2799100,6564200,6022200,3078700,1452100,14805900,7006800,6049700,10579800,3745100,3475300,3209500,3891700,2263219,2283400,3591700,1392700,5515900,2718100,2389800,3087500,1475900,14472800
2023-03-28,45992200,21878600,356104000,32057900,19127300,12439000,4899000,1780800,10820500,63416500,1224300,5209900,373300,4883700,15270000,23163200,6115300,2369500,13537500,3532500,6679500,828800,4815400,5146800,38720100,98654600,2036000,4461400,4709800,2910600,1407800,11047600,5605400,3792000,6816200,3283000,3350700,1802000,5460600,2195952,1850100,2324600,982000,5935500,3004000,1480200,1853300,1396600,13092600
2023-03-29,51305700,25087000,393694000,28779600,18851100,26395000,8085200,2497600,14595300,62666400,1475900,4873500,589300,3884800,20789100,26360200,6012000,3733200,14429500,3959900,6310200,1239600,6780200,7074700,49783300,123660000,2053400,5644000,4946600,4219400,1643000,14219100,7569700,7596300,9569700,3949600,3053600,1857300,3572200,2847936,2546100,3187400,1455000,5680500,2348400,1784100,2591100,1132600,12308900
2023-03-30,49501700,25053400,364516000,33086200,22608300,21523000,6932500,2139000,12134700,67427100,1456300,4113700,392300,2644800,22340400,45460400,4555700,3324600,12634500,3635800,5017400,1219900,5199300,4142000,53633400,110252200,1788800,4578900,4082600,2237400,1545500,11578200,6322400,5461100,7353600,4455600,2336700,1921100,6583400,2121363,2075300,5296700,1267900,6187000,2500300,1477800,3384600,1120700,13918700
2023-03-31,68749800,32766000,433933000,36863400,25440300,22097000,6634300,3063400,13105200,56482100,2281100,6142400,516300,3594300,30287900,43886100,9890000,3996700,23393600,4957300,7184300,1438700,6442400,5561400,56750300,170222100,2902500,5659400,6900100,3094100,2082000,14418000,7041400,7708800,8154000,4940100,3920500,2746700,5147500,2867459,2571200,4652700,1779200,10124400,3205200,2558000,5305300,1513500,22801500
2023-04-03,56976200,24883300,398716000,25035400,17924600,15682000,5340800,2712600,11775400,51996800,1808800,7728400,622800,2704400,21541000,24883200,6841900,4729100,20817200,4389400,6964100,1034400,5432400,6071900,41135700,169545900,2352700,4838400,3855400,2744400,1804700,28087700,12868200,12394300,20003400,5011800,4212300,2242500,6085900,3048890,2735200,4312500,1632200,5778700,6259100,2876200,2966400,1878500,19354900
2023-04-04,46278300,25824300,368592000,24420100,21026400,13429000,4659100,2569800,11579900,56233300,1536800,6222800,525100,2063500,21942700,29144500,8314500,2624700,19514500,4224400,6108200,1085600,7979000,4508900,48662500,126463800,2282300,5895300,3854400,2350500,1913300,16365500,7521400,5425500,9378100,3631000,4202300,4282100,6192300,2651545,2498700,3239800,1801600,6165600,5001100,3431500,2822100,2299100,18577100
2023-04-05,51511700,22064800,515015000,28290500,19396600,16908000,3953700,2277200,9614700,47799400,1329300,6045400,426100,2346800,15486900,37753000,16704200,4964800,29697600,5743000,8006100,1035600,7298300,4518700,45175400,133882500,2600800,4331400,5170900,2762100,1941500,16479500,6478100,5806800,9102100,3263400,6353400,4265300,4138400,3214618,2718300,3841700,3265700,8200400,4461100,2060200,2546700,2199800,23561300
2023-04-06,45390100,29770300,397654000,48711500,26104400,14493000,6304700,1835900,8760200,41216600,1311000,3877800,441700,3754500,23484900,28155000,9615400,3472600,25931800,5498300,6894500,780700,5065000,4313000,43808000,123857900,1731000,4256900,3155700,2552900,4114700,15778000,5803200,5087800,6734100,2843200,3808300,4180100,5618100,2952020,2206100,3430400,1848500,5427700,2879600,1273300,2104800,1627700,21546600
2023-04-10,47716900,23103000,395279000,27067400,16106100,15400000,5263800,1689700,9477300,40572700,1114400,6185800,393800,2372600,27005800,31528500,5354000,2714500,15137300,3309500,6446500,672600,4900200,3648200,37261200,142154600,1941800,3731200,3761600,2724400,1653600,13006600,5923500,4374700,5278400,2975900,2887700,3839000,3729300,2695152,2157900,3947600,1486500,5647500,2628500,1728800,2936700,1311500,16114300
2023-04-11,47644200,27276600,314378000,26311800,16710100,16518000,4907700,2161100,10516300,58761200,1559600,5582100,535800,2742300,25116100,19861900,5903800,3065300,15304100,2875800,5639800,1158800,4658000,4421700,60417800,115770900,2732900,4471000,4010600,2155500,1547400,11758500,5469600,4812200,8081100,2184200,2484100,3882000,5277500,2584172,2844400,3408600,1543800,6019600,1804500,2115100,2553600,975100,12539700
2023-04-12,50133100,27403400,446259000,24370300,18972200,14112000,5033400,1978200,11821000,44313300,1862400,4641800,481200,2817600,20252900,19174400,5764100,3422400,17035100,4005000,6136700,847800,4560700,4298300,56735000,150256300,2557400,4524900,4606000,3900300,2063700,10919000,6157900,8108200,8400500,2805100,3192500,2385100,4600300,3879865,3729000,4710100,2166100,6786400,1941600,2306200,2576300,1613700,13095200
2023-04-13,68445600,24222700,353615000,24843600,23310400,17265000,4716400,2434800,12450200,52261400,1765500,5086000,694000,2729000,22397800,16165100,5640600,4224400,22880900,3868500,7332300,1101900,4778700,5224500,67925100,112933000,3229300,5355300,4367600,2464600,1600500,12399700,6856600,7160100,6544300,2912800,2765300,2909100,4501600,3565597,2355600,3932500,1627000,4928600,3211300,1686100,2608800,1667600,13515800
2023-04-14,49386500,20987900,395660000,26578000,21591200,17465000,5073800,1525500,43931300,81110800,2275700,7865900,1117700,2618100,40963100,32171900,7225100,4872000,20627500,3473100,5005100,834900,5043700,4312400,51450500,96438700,2054700,4828700,3963300,2370100,1675300,11530800,4930700,5052100,8037000,2442400,2111500,2246900,19066500,2083698,2034900,3017700,1113200,4920900,3217700,1174800,2957500,1078300,11008400
2023-04-17,41516200,23836200,321471000,37571200,15481900,13201000,5413500,1614300,16050500,83704400,3012100,8876900,586100,2622300,31445100,52377600,8046400,3660900,17608600,4354100,6575500,783500,4806400,5048900,39919500,116662200,2371000,3917900,4780700,2566500,1411800,13260400,7006000,6278800,7374800,3574400,3326700,1751800,6306800,1785345,1920500,4007400,1116600,4393300,2214300,1857900,4269800,1421500,11572900
2023-04-18,49923000,20161800,604812000,26596400,12281000,16806000,4679000,1586700,13760100,114498800,7549500,10227600,593800,2444500,27892300,36872300,14571500,3232000,18541500,4996200,5454500,1158700,6552100,4157400,39790500,92067000,2086700,3857700,5300500,2195400,1339600,17436100,8045600,7745300,5551200,4416900,2932200,2567100,7445800,2546400,2461400,4949200,1402000,8147500,1974200,2116100,3968800,1085000,16588500
2023-04-19,47720200,17150300,358660000,20905700,15898100,19060000,3665100,1775200,9158100,65594200,2625400,13886200,348100,3768600,23310500,35415600,6752000,5809100,17214300,4826900,4683400,1409400,12425400,8988800,58398900,125732700,2254000,3547400,4617800,2183700,1098800,10682600,5506800,4717500,7791400,3047400,3676700,2078400,4757400,1977810,2652200,5004500,860000,3813300,2125500,1186700,2855800,1163200,17701200
2023-04-20,52456400,23244400,427713000,27820800,16475400,20239000,3620000,1947900,10586200,43193800,2217900,6776000,580400,10832400,19265500,24735700,9498800,3283000,20131600,3808100,4657900,2100900,7413200,5798600,57696900,210970800,2274200,3891600,4297200,2809900,2936500,17038700,5851100,5351600,8134100,2690100,3784400,2826800,3322900,2065873,3336300,3937600,1336300,4350400,1989400,1472300,2285900,1095500,31521300
2023-04-21,58337300,21676400,345103000,25800100,17717200,14807000,4860100,1841600,11842500,44759000,2278900,6531000,774500,3882500,23975300,17572800,7014200,3165300,19227100,4812100,6554600,959200,6301100,12750100,86774200,123539000,2171200,3651400,4522800,2743600,1508600,14315300,7179000,5279000,15776000,3149500,3111000,2712500,3432300,2090913,3371700,3315300,2556900,5192600,2186500,2177300,2703900,1677800,23823800
2023-04-24,41949600,26611000,339282000,23542800,15750900,12338000,4449700,1531100,7567500,28020300,1966300,5004400,451800,2473500,17327800,13246100,5278900,2322400,17633700,4728900,4299100,895100,5341900,14462000,69575600,140006600,2995200,3790900,5940700,2313100,1374100,15831300,7177600,5215800,10252300,1939500,2897800,2790700,3058900,1703542,3689100,3962100,1132800,5725800,2153100,1356700,2281900,1237600,20362500
2023-04-25,48714100,45772200,378527000,46664100,19198200,23670000,5010000,2413100,10629300,49718800,2138200,5806700,552200,3421300,20728000,17042900,6263100,2937300,24492400,5506200,5662800,2495500,5636700,8189900,65026800,121999300,5845200,4383300,8747100,2723300,1789900,12179800,5807200,5355800,9312100,1988900,2738500,2505600,4699500,2381202,12474900,4638900,1688400,8399800,2770800,1339900,3146700,1735800,24959400
2023-04-26,45498800,64599200,406337000,53347600,41992700,17179000,4007600,2803200,14416100,45848400,2041900,6429100,434700,2789100,26915600,11422600,5518200,2930000,22401400,5192000,6607900,4020100,4240000,8977700,73803800,153364100,3290000,4003200,8081600,3077400,1441900,15566100,5927400,4295000,9098500,2212800,2716000,3254700,9137200,3797743,5845600,5219300,1416500,12656700,2677700,1789300,2321200,2055500,21499300
2023-04-27,64902300,46462600,377161000,50089200,71196500,18250000,4794400,2338800,9041100,33060100,1768200,6375800,393900,2143500,21695800,12315900,5739700,2473200,22434000,17063000,9975200,2148400,4257200,6385900,149961200,127015200,3142300,4252100,7618500,3037900,1361600,16279200,6417200,4196700,9231400,2827900,3132800,7711100,5105200,4098006,4679000,4010600,2741600,8155600,2285300,1744600,3347100,1898600,28841000
2023-04-28,55275900,36469600,292216000,36139800,39554000,16183000,4094600,2061700,9887300,45592500,1714100,6374500,529000,2380100,20193000,12797300,6024900,2398900,21015300,7123800,8050400,2046900,4835900,7281700,130715900,122515800,2838200,4421400,5979300,3432900,1170200,24381900,10036300,6638200,8623000,2715900,2710500,4669500,3716100,3037749,3440800,2875900,1999300,10005800,1995000,2082300,3621000,1878900,19197500
2023-05-01,52472900,21294100,570329000,26681700,29143900,17030000,2882900,1868000,20415800,34076800,1375000,7745400,560200,1803600,26564300,11041000,4893400,2105600,23917800,5601000,5238900,1979800,3722900,5502300,74728100,109015000,2124400,4112600,6495900,1964500,2203200,17355000,6099800,3644900,5053300,1800800,2546600,2876400,3776800,2360619,2807800,3481400,1184100,5214700,3231900,2135800,1787500,1018000,17043500
2023-05-02,48425700,26404400,402730000,30997200,24350100,28357000,6051000,2287600,14113400,70797700,2397600,6319100,719700,4925600,36239500,20934400,7541700,2152300,38834100,5135600,8175600,1060900,4998000,5135000,73469400,128259700,2083800,3831600,9626400,2277400,1940800,24324100,10701700,8100100,11963800,5640500,4207200,2858000,3970800,2745974,3527800,3377500,1547800,7674200,2576200,2133800,2426200,1124600,17268700
2023-05-03,65136000,22360800,383387000,21795400,34463900,19816000,3779900,6700800,12930900,51139500,1825400,6546500,430700,2655300,25202700,22505400,5937200,1749700,27721900,6815300,6738600,1430200,5602000,6964300,65051900,119728000,2425500,4560100,24388600,2385700,1426400,16212300,7538100,9085100,9217900,4982000,6286000,2635100,4537900,2944593,3825200,3610800,1235400,6265900,3174000,1491300,3323200,1418900,16703200
2023-05-04,81235400,22519900,321850000,23419500,17889400,17684000,4386500,6614900,17089200,82173800,2965100,10359200,589300,3997900,53247000,26316200,5128000,2555700,23675100,5694300,6490200,1243500,4070700,4780900,45345500,95108500,2005300,6177100,8858100,2653600,1487000,17177200,7500400,6840000,10085400,4518100,4619500,3211000,6934100,2445393,3495100,4414800,1382900,6042300,3067100,1984300,2740400,1545800,16163100
2023-05-05,113453200,28197100,361494000,26639300,27000500,24876000,4284400,4260900,11261400,50087100,2413400,8288000,484300,2223200,27039700,22019600,5194500,2329400,19225100,4447700,4534000,962400,4025000,4332700,56951700,107607300,1815800,4887800,7813800,2187200,1709200,14968200,5802000,5566700,9900400,6165500,2720800,2716600,3872200,2215474,2775300,3260400,1862900,6215500,2588900,1210800,1994000,1113600,15817400
2023-05-08,55962800,21318600,344979000,26511400,16400500,13934000,4169400,3135900,7484900,34245500,1607300,5825300,374500,2271600,22735400,19204700,4994900,1738500,20101700,3689500,5157300,1029100,2445500,3287600,49430900,112249400,2969600,3892600,6090700,1495200,1015000,11187800,5028200,5058900,8861800,2967700,3352800,2414100,4677400,1585665,2589100,4243600,1106500,6751700,3099800,1311400,2002100,1261700,10672400
2023-05-09,45326900,21340800,314869000,36360100,16865600,16990000,6996800,1879400,7343600,32188800,1253300,4381400,441700,2322700,18999100,11467400,5520500,2038600,15987900,4201600,4933100,1225100,3274300,3245400,44089400,88965000,1637500,4082100,3682400,1886000,1571800,11370800,5019800,4896100,9834600,1782200,3274100,4111900,9329500,2374200,2180600,2928400,1478700,5588100,4174800,1511500,2745000,1015500,12226800
2023-05-10,53724500,30078000,369350000,63153400,19119000,19174000,6535600,3386300,8133400,44446400,1752200,4884900,622400,4602600,17941600,12343400,6756600,2018700,15858200,4127300,5605400,1586100,3129100,3599300,78627600,119840700,1849300,5052600,4565000,2804800,1257600,14884800,6161200,5285900,10124100,2578600,3323800,2446100,3923700,2289956,3233300,3329300,1014600,5696000,3008200,1628700,2377100,1304300,14427500
2023-05-11,49514700,31680200,322149000,78900000,20449000,14430000,5366300,2183400,7057300,34897300,1515200,6717800,726100,2900300,18536200,11764000,5867600,2384200,28566400,4300400,5596700,2326300,3879400,3995700,74924800,103889900,1955100,5923100,4791700,2832000,1046700,17165900,6666100,5671700,15134300,2320900,3428400,3263300,3322000,3045919,3136500,3327100,1825100,6542700,1824300,1714500,2373600,1336700,11068700
2023-05-12,45533100,19774700,274222000,41102300,16161400,11942000,4733600,4278700,9988600,38142000,1099100,5208900,906200,2320000,17658600,19336800,3904200,1536500,16541300,3526500,5233100,1518200,3325000,4450100,49852700,157849600,1801700,6574200,5175600,3361600,1472800,12613300,4898900,5004400,10202200,1874100,2777000,2172600,3169800,2230222,3346600,2756000,1332000,8315000,2216000,2130700,1427500,1189400,10670700
2023-05-15,37266700,16336500,293926000,36266800,20653200,14614000,4518200,3330500,7639500,38722800,1178200,5032100,501900,2271900,24405800,22098000,5104500,2169700,16650400,4391800,5697200,1383800,3020000,4053200,53011100,105592500,1700500,5518200,4217000,4055200,1135700,13715600,5096700,5838100,6813200,1640600,3344000,1925600,2842700,1661314,3048400,2556100,1466300,5430000,2020400,2134800,1510500,1378800,20408700
2023-05-16,42110300,26730300,449405000,45035600,18163800,14967000,4423200,2558300,6477200,33347500,1618900,6862900,362700,1960200,21821200,12351700,5599200,2178900,25451700,4685400,4278200,903500,3393800,3888900,71472900,98288800,2859500,8306400,3676600,5805900,1229300,14795200,7007700,4822200,11890400,2466900,4389600,2771500,3012100,2175793,3458900,2534100,2181300,6215700,2209000,1395300,3417400,1065300,20244700
2023-05-17,57951600,24315000,432535000,33323600,21193100,24133000,5772200,3560600,12711500,61750400,2098100,8216700,478300,2446500,29241600,19884400,6840700,2682000,23206400,5482000,7210400,1284600,3801000,6632000,65655200,125473600,2802100,7765400,4757300,8387700,2069500,14064700,6169600,5013700,12579400,2587000,3408600,2897400,6641900,2568681,3882200,4626800,1843900,5408600,2967400,1181100,2684100,1296300,16741100
2023-05-18,65496700,27276000,748725000,35234200,22943300,26389000,5165500,2896400,10999600,51146100,1645400,5367700,1125900,2629800,27213900,12764900,5173000,3040100,27772400,4791200,6437100,1073300,3481600,4536100,73174100,109520300,2410700,5970500,5377500,7881600,2298900,12005600,7477700,5503400,8372600,2465100,4405000,2643600,4349700,2586718,2747200,4277600,2034300,6970600,2775800,2387500,2129100,1116100,20365900
2023-05-19,55809500,27546700,473908000,41353400,21733600,22968000,6091600,3856900,13492200,50062500,1546100,11183600,1362500,2258600,19774900,11963900,6527100,2317900,33068300,5610300,7647000,1313300,4487700,6819500,55056300,136196700,2371200,11674300,4985200,4456000,1635000,13359600,8100900,6068200,8359100,4657600,3206500,4402100,3896200,2832340,2350100,3528700,7522100,6338600,2388500,1250600,2135500,1140900,16829200
2023-05-22,43570900,24115700,372000000,35253000,27738500,17796000,3890800,2627100,11402500,36473700,1498900,5520000,648800,2483800,27519400,9277400,5675900,2242800,85718600,3867300,5607400,1161000,2809500,4699200,70741100,132001400,2514700,12710300,7504300,3717000,1943800,12882000,11661000,5561900,11126700,3451500,2398100,2540600,3094300,1871286,2675400,3976100,2936200,4272600,2725100,1754000,2130800,1207900,16634300
2023-05-23,50747300,30797200,356253000,34046300,17748100,36088000,4256800,2967700,9514900,51400400,1550900,5521200,713300,2928400,26116600,14865300,5793000,2874200,75379500,5121900,7733000,1629400,4337800,5459700,67576300,156952100,2943900,11790400,6766300,4374100,1800200,14394400,10436200,5415700,7538700,2338600,3113600,2298300,4011100,2290487,2660500,4388700,2111400,8751200,3694200,1755500,4400700,2157000,21539700
2023-05-24,45143500,23384900,721419000,34182600,17724300,23021000,4894000,2666600,8578000,50606900,1439100,6827800,554500,2308400,21193700,10073300,5015100,1904700,39326400,4143500,4509500,2482800,4507600,6787500,63487900,137605100,2262100,8503200,6134800,6738300,1600600,16340300,7064000,5141900,6895600,2431000,2780400,2964000,4371600,1850915,2410500,3670500,1717000,6879400,2820300,2011400,2359800,1801200,16044200
2023-05-25,56058300,43301700,1543911000,42317000,22371400,49263000,6496700,7030000,8472500,40517800,1618500,6962700,522800,3234300,17691800,18822400,6886100,2684100,30266600,6986600,7037500,2262200,6734500,12202000,66496700,96870700,2748100,6729800,8177000,7409500,3421900,14316500,7037700,4951900,15889300,2747200,3091700,2243600,3909200,2569318,2976900,5340500,1540000,7716400,3621600,2597900,2709800,1994800,32465900
2023-05-26,54835000,36630600,714397000,35635900,25727200,82500000,6933300,7833600,8579900,57879100,2718700,7411600,533900,4015400,17399400,11521400,6845400,3135200,20234600,7590300,6378200,1603700,4911800,9655500,96779900,162061500,2148200,7911200,7276500,8100400,5302600,12370300,7736200,5709500,12290400,2942700,2440600,1973900,3820300,2092292,2291800,4056700,1412900,7174000,3065500,2692100,2378200,1805800,18216700
2023-05-30,55964400,29503100,923401000,35076700,23816500,116912000,10421000,5332300,7399900,41819600,1998600,5876800,504200,3268200,14752600,12334200,5593100,3180800,24371100,7671500,7768100,1793800,5168700,8654900,64314800,128818700,3385200,9335200,6505400,10931900,2544800,11938000,7814800,6721800,8381900,4330100,2943500,2885900,3978200,2394253,2542200,4559300,2094800,6874000,3002600,2483400,2723100,1801900,19353300
2023-05-31,99625300,45950600,1002580000,37325800,25473700,89998000,19624000,5158500,14219900,61905200,2938000,9559200,1898400,5588500,27221100,17631500,11324600,4944100,46166300,12579100,14563500,4052200,7063400,8238800,72800800,150711700,3104900,21465200,10377100,20234400,3320800,24926100,13346400,22757300,15547400,7749500,4851700,5937000,5461600,3878804,5106100,9972500,3384700,11112000,4150000,7074800,14817700,2958100,53756700
2023-06-01,68901800,26773900,635873000,30772700,25609500,80792000,20907400,4443100,12248100,57426100,3339700,6857500,569800,4087200,17079400,10750300,7901300,3376600,20256100,11895600,6959900,1830100,4603900,6588200,54375100,148029900,2605300,12025200,6752200,13678400,2407700,13551900,9887700,5857800,12222900,5367600,3100900,2989100,5125100,2025237,2524800,5636400,2116800,6738800,3659200,2618200,3082900,1239500,20565300
2023-06-02,61996900,25873800,482731000,26980100,19416900,62815000,11026900,4334800,12922500,66578100,3987700,6218500,559800,4820500,16906100,12279800,7659700,3064500,22736400,6661600,5792800,2564300,6024300,6062300,61264400,164398400,2869400,11838200,6221400,7594000,2284800,14112000,9464300,4958500,11283200,2902200,4658500,8358200,7486300,2907883,2752200,5559200,2855600,7175400,3835600,2188200,3084500,1337700,61527900
2023-06-05,121946500,21307100,396094000,32305500,20742900,26222000,7804400,3447400,8511900,34757800,1462900,6631900,551600,2870900,18443900,8658000,6430500,2688800,18392200,4276200,5185500,1477400,3565900,3596100,47950100,151143100,1974500,7434000,6536500,7702900,2023500,10628000,6443800,5153900,7202400,2651400,2996100,3438400,4996800,1764125,2314100,3811400,1476800,5266600,2513200,1383100,1977500,1724500,30125600
2023-06-06,64848400,20396200,388729000,26638300,19419000,37823000,6796000,2342000,9329500,46297900,1495600,6903900,748600,3631500,18825100,10894800,5073600,3816600,19508200,4359900,6960200,1723000,4044300,5046800,45695200,146911600,2771500,7896300,8657100,6065200,1410300,12209800,6176400,3622400,12366300,2708800,2888000,3230100,10957200,2434465,2521900,4947600,1927600,5652900,1970800,1390400,2255700,1638000,18406700
2023-06-07,61944600,40717100,511998000,52539000,26163600,28957000,9323900,4773000,9281400,44502600,3382700,7410800,534100,2789000,17781800,15622200,6504300,4381700,25295100,4645200,12420500,1649400,6231200,5381800,95663300,185710800,3614800,11123900,6285600,5504400,1784700,16027100,9900000,4827700,9213700,3483600,3871100,5586400,6462400,2711279,3435600,4275400,1928800,6488100,2531900,1823100,2952000,1441000,25494100
2023-06-08,50214900,23277700,417772000,29389200,20899400,21909000,5548600,6062800,7368100,41483100,2009500,6795900,521800,2354400,17157300,11732600,5818400,2725900,17347600,4714200,8352700,1580500,5159000,5700800,62159300,164489700,3043700,9137600,6877800,6162000,1530400,13517100,7142200,5231300,8289600,5198800,3653600,3546800,9359300,1725823,3676000,3269300,1317100,9984500,3156700,1184500,2749500,1056300,17749700
2023-06-09,48900000,22529000,427717000,23778300,16949800,19241000,7676700,7928300,7249100,32692000,1702100,6282600,465300,2200900,11098900,7863000,6264400,3174100,19775100,4359500,6521900,1041600,4276000,3302200,51396000,200242400,1975900,5795200,5550800,9404100,1287300,12251600,6669500,4085100,6946100,3732800,3247700,2488500,5297800,1867466,2838500,2518100,1254800,6011400,2647600,1825300,3312600,1121600,14953900
2023-06-12,54274900,24260300,388701000,28306400,15442500,51065000,11568300,6913700,7596600,41011300,2290800,7053500,435000,2609600,19433400,11268600,6510600,2207700,28334600,4888500,7468500,1246100,3629100,4428900,51338000,150337900,1885000,7964600,6705800,8248400,1404500,14112000,7159600,6049600,5885600,3946900,2883900,3644200,8065400,1783223,2795100,3527500,1527000,7564300,3131300,1533300,4551200,1021400,14044500
2023-06-13,54929100,22951300,613208000,22278300,16164000,38990000,11698900,7412500,7701600,42718800,1772400,6089200,624000,2480400,18864000,10611600,6066800,3016600,26533800,4229100,7304200,1328800,4642200,8454300,50564800,162384300,2027800,8460500,5137900,6916300,1204700,13533800,7660800,4904300,8821300,3891700,2733400,4335100,5881000,2109162,3528000,4053500,2141700,8579300,3630600,1946300,2751600,2065900,17706700
2023-06-14,57462900,26003800,740465000,30592300,19175100,43524000,8963400,5150100,9068700,38322800,1819400,5772500,678000,2326100,14826100,14994400,6699100,14672400,22056400,6128300,6137300,1996500,5020600,8387900,52422500,170575500,1964500,17415500,9279500,14968700,1841400,16627700,7721100,4915300,7072100,4011900,2297500,3122400,5629100,2818865,4476000,6363800,1900100,8893600,3433000,2510000,2895300,1553200,16538700
2023-06-15,65433200,38899100,568622000,35246300,25973500,33814000,7905400,9682200,9343100,42044900,3322700,8603200,644400,2797600,14188200,12833800,7138300,6798100,19905900,6614900,7305700,1723400,6378600,5552900,60458500,160171200,2619200,10374200,6448200,10063100,1871600,16224100,7705400,4614600,6370500,2887700,2123000,2743900,5001400,2618230,4162900,4530100,1471200,10098300,3038500,2432500,2686600,1228600,18890900
2023-06-16,101256200,46552000,655709000,45535600,43127700,68299000,13672700,13343800,13813500,53050200,4544900,13153100,1281900,4616900,36422100,19693500,13426600,7699100,60338600,14616000,15844300,3428000,10020900,9108400,84247100,167915600,4891200,14445500,11709200,9903000,3147800,43128900,22908100,9928200,14740700,6113500,4964900,5261200,7803900,5311154,8469300,9037900,2119900,23053600,8693700,3283300,5837200,4372200,36102100
2023-06-20,49799100,26375400,451153000,26097500,20701600,27535000,9522900,5331200,8428600,39040900,3208100,7382000,698100,2865700,16679600,9151500,7995800,4597700,26881200,4868800,7744400,2115400,6573100,5066300,56930100,165611200,2729800,10602400,5506400,5355200,1684400,17514100,10438700,8590000,7806600,3179200,3273300,2979800,8226400,2212397,3088200,6935100,1700700,7801600,2851900,2139400,3971900,1721700,17687900
2023-06-21,49515700,25117800,551603000,30306300,20556200,23229000,7971600,5258700,9926500,39553400,2158700,6343100,489300,2813600,11686500,13934100,7177500,4886500,17982900,5828400,6854800,1617800,4428600,5587900,52137700,211797100,2837100,8377800,5508800,3845500,1273600,13285700,7328200,6477500,6725600,2730700,2902800,2892500,5356400,2709051,4935300,4776500,1868200,7176100,2435300,2127600,2697000,1542700,17121200
2023-06-22,51245300,23556800,417737000,26952200,17563100,23464000,5689800,3601400,10075200,50742900,2409100,6214600,361200,2755900,11504400,9009500,5485900,3179000,18039800,4826900,7884100,945600,5480300,5162000,90354600,166875900,1799400,6002900,6125500,4620600,1114000,12455300,7088600,4967700,8533100,2858700,3515500,2421600,7057500,1715531,4192700,4531500,1518000,6976200,2563800,2431400,2707700,1197500,12431200
2023-06-23,53117000,23146900,358140000,34913600,51092000,37413000,14037600,4481500,9919500,55181100,2612000,10026600,686000,4214400,18952000,21942900,9450700,4862600,23492200,7395600,16407900,3779700,5647000,5496500,71927800,177460800,3720600,14329200,18770100,6975500,1434300,17933600,15172700,7149000,9304600,8357000,4192000,3354000,6338200,3525597,11278600,6213400,2033400,9080100,3800200,4173300,4297200,2070500,18991500
2023-06-26,48088700,21520600,594322000,33969900,24232700,21372000,4771500,3169500,8429700,47519300,2481000,6377400,403800,2507100,13618500,10131400,6978800,2968300,56135500,6468100,7685100,956900,6134700,4171200,59989300,179990600,1851800,6887100,6069000,4831100,1278500,14283400,7371800,4361000,6202500,3189300,2846000,1748300,3444900,2261628,3763100,3993600,1360400,5670200,2209100,2308800,2828900,1089700,15840000
2023-06-27,50730800,24354100,462175000,39535900,26108300,24923000,4014800,2691700,8154000,39081800,2156800,6639900,528600,2433900,11749600,12367300,4927500,3693200,32414900,7839900,7093900,2036000,4849700,4998900,46801000,164968200,1815000,7138600,5034100,6047600,1673600,13227500,6581700,3816900,13198000,3594400,3763800,2283000,4465500,2502687,2711600,4048200,1404900,5979100,2283200,1776300,3670000,1320000,17757800
2023-06-28,51216800,20259500,582639000,27091400,16722100,19445000,4775900,3229200,7558600,37803800,2423500,4781600,368100,2289000,13959600,9910600,6780400,3670100,30062000,6911900,8173800,1395200,3900000,4952400,52149500,159770800,1666500,6766000,6581900,4601900,1245200,13084100,5773800,5463000,9204400,3130600,2574100,2200100,4276100,2092292,2746400,4014900,1676100,8735100,2410500,2600300,3295000,1094000,16756400
2023-06-29,46347300,16997000,380514000,24090900,15395700,23386000,3838300,1905400,15423200,68376400,3553600,9066500,524700,2899200,23956300,15151100,4547500,2979300,26284900,4947600,6281800,999200,3417400,3842200,40761000,131283400,1744000,12465500,5113500,6055200,1121800,11364400,5633500,4260300,10506200,3650500,2254400,2070000,3443600,2699290,2301600,4071400,1871600,7193200,2538100,2674200,2925100,1350600,16740800
2023-06-30,85213200,26832800,501148000,29532200,19694900,23145000,5984200,3096600,14212800,50479000,2361800,6191700,921900,3371300,20062200,18007600,7580000,3970400,30867900,8711300,8090600,1315500,4449200,5484500,54350700,112620800,2644700,19629600,6229900,7316200,2221900,13544700,6346600,7000000,13420000,4116200,2574200,2377900,5488700,3193504,4892900,4402000,1848800,9259900,2736200,3243100,6598700,1642800,19098300
2023-07-03,31458200,12508700,198209000,14467900,8629300,9038000,2400000,1491000,8021600,30995800,1106800,5839300,376900,1700200,9249100,6410600,4033700,1915700,14115800,2674600,2834600,616200,2268000,2584100,28264800,119685900,1601300,5734200,3287000,4134600,951400,7397000,3272600,2234000,3543100,1287600,1348800,1045700,2143000,1289221,3330000,2149900,652600,2484500,1181000,971000,1481700,1118700,10367100
2023-07-05,46920300,18172400,323618000,27584800,33865500,14440000,5069300,2190000,8934900,37492000,2561000,6734300,681400,2487800,15722200,7979600,7224600,5053100,26829400,6903300,5861500,1432800,4968600,3464000,35895400,131530900,2356000,10405300,6365400,5186900,1630400,12491200,6318700,4154900,8724200,3012300,3854700,1820600,4921000,2478390,4820200,3247400,1398600,8450100,3073800,2178900,4228600,2926700,19868300
2023-07-06,45094300,28161200,303582000,24745200,47600500,23939000,4250900,2100900,9709500,52098000,2896900,8546800,675300,3157300,14978600,8730300,6332500,3913600,30177300,6091000,7257400,1506400,5325000,3909900,40639900,120332100,2569600,9923500,7153300,4882300,1750100,17961400,9203000,6004500,9411600,3762800,4692900,3079700,4674700,2230540,3011100,3679600,1390700,7271200,2101000,1605600,2740800,2129900,21558200
2023-07-07,46815000,21214800,355881000,21709500,25586000,19409000,3022200,2325000,8981500,34288000,2903100,8217700,435200,2145300,13506500,9493600,7022200,4131600,22903300,6873200,11316600,1020700,5053700,5094700,41992300,113879200,2586500,7463100,7889500,4256800,2740600,21929200,6602200,7393100,23181600,4583000,5340900,2903900,4893600,2391176,3145300,4569600,1013900,7511700,2208500,1830200,2517800,1336800,20482700
2023-07-10,59922200,32791400,353908000,35315200,37058300,30622000,3820100,3352600,9100100,36086000,1775800,6141200,568600,1865600,16675800,8258900,5739200,4339200,17777500,5153300,5949200,1026600,5259500,3234800,61889300,119425400,1703700,5374600,9294600,3831300,1955600,14877600,5167900,6405900,14817100,3095400,3785200,2771900,3497100,3291434,2372700,3300300,1005500,7704700,2312300,1615700,1989700,1292100,30326400
2023-07-11,46638100,26698200,298244000,23078800,27585900,25498000,10028100,2842600,11260900,40978700,2041700,11053100,504900,2281900,15401100,8430600,6606700,3086800,17731300,5144800,6084400,1310900,3899700,2888200,49951500,91972400,1529600,5454900,5268000,4089200,1262300,12576500,5060500,5648500,18093900,2965100,3060700,3293300,7451400,2972392,2896600,6209900,1131200,6623100,3051100,1484200,2356900,1162000,28340300
2023-07-12,60750200,29995300,481277000,30404400,36677100,28197000,8923500,3027400,11323200,41855500,2741300,8602300,642000,2305800,13998300,8909900,6940400,7287600,17229700,4944100,8376700,1678200,4845300,3847400,54022800,95672100,2156000,8305000,6971900,3758300,1960500,13238200,6464000,6229200,14304600,3658600,2374100,2986200,5123200,3147987,2586000,4943300,1376000,9710500,2566300,1649200,3743600,1557000,27299600
2023-07-13,41342300,20567200,478204000,44297900,30281000,25912000,5800300,3049400,11234900,39589000,2787800,6026500,928100,2080400,18034800,12598300,6401700,7276800,16664400,4631800,9764400,1364200,4936800,4492600,61170900,112681500,1656900,6692300,4511700,3077400,1647200,26826800,8143900,6054900,15775100,2846700,2886300,1949400,4291700,2466082,2857200,3357600,999400,6058600,2912100,1750000,2831500,1281100,25641900
2023-07-14,41616200,28352700,772075000,33283100,23054100,18510000,4278700,2303700,27028400,58720300,1815200,7732700,1064100,1829500,30897600,12775200,5362200,11379300,17915100,5544100,7209900,953000,4016000,4394400,54487100,120062400,1550000,6933600,3939800,4124300,1828700,28181900,7065700,4738200,14423300,2736600,2865000,1936800,4294800,2293033,2213500,3454600,984200,6463500,2833200,1712200,2655400,886400,31576000
2023-07-17,50520200,20363900,510488000,25716200,25323100,26819000,3557900,2645600,17262400,49477200,1777400,7911800,648400,2144100,25173900,15512600,5486800,4582000,20557300,4033000,7376400,1290800,4580800,4465200,48450200,131569600,1669900,6682900,5244500,4731500,1909900,18051300,4351700,4081400,13598700,2254900,3078300,2674500,3621500,2281893,2556000,3268800,1509100,5148800,1921300,4359800,2811600,1152100,97510600
2023-07-18,48288200,64738600,569164000,26193600,20731900,24513000,5092700,4093100,13491700,98253800,3887400,21630800,790000,2685700,24183200,45975500,6332500,8816400,22808300,5392800,7499100,1461100,3913900,5697000,54882900,112120300,1991600,5717200,5989000,3786400,1778800,24617800,6798300,4396800,11387000,3133600,2367000,3832400,5895800,3892597,2387500,5464600,1575400,7239500,2279900,3090300,6395000,1099400,79722200
2023-07-19,80507300,39732900,427502000,37224000,21763700,24118000,8516300,3383200,12510000,70619800,6037400,12004300,718900,2749100,18932700,22153000,7522600,4956500,18589700,4784200,6608600,1715400,6225900,4796800,54531000,142355400,1969200,5027100,5556200,3229200,1261100,15556500,5653100,5408200,13074900,2185000,3052100,2771900,4814100,2658866,3018900,4133300,1664800,7464800,1970400,3380800,3594100,1607100,61881000
2023-07-20,59581200,33778400,537865000,37906800,23836900,28268000,5303000,3264500,9935900,42128800,3915000,9541800,621600,3940700,18927200,13621600,21892900,2963100,22358400,7009800,8073000,1147400,8768600,5982100,59820600,175158300,2104300,6458000,5466100,4174700,1732800,15740200,5866600,6702300,9963500,2629500,2520300,2102300,5782200,2687195,2703600,4314600,1284900,9221600,2428700,4164000,2709300,1085100,32839900
2023-07-21,71951700,69405400,963769000,72937900,42139300,74287000,3529700,8099500,10636400,70872400,3217400,6298600,512300,9102100,16215400,9887900,12080000,2887300,24149700,5654300,8194000,2755800,7062700,4673800,133307300,161796100,2835500,6631600,20370300,4034200,5264300,17121500,8760100,4957000,16639900,2246800,2711700,2249900,4056800,7988906,5071500,3274900,1195600,11878400,2694300,4474200,3304800,1195700,25179400
2023-07-24,45377800,26678100,382516000,29686100,24915700,19992000,5363200,2260500,14381400,64548600,3517500,7259800,385400,4979900,12053200,7414600,15155400,2279000,19414700,4468700,6045500,3196700,5665900,3930200,45591100,136508500,2034400,6787600,4746600,2622600,2086400,15090900,9722100,3999600,10596100,2598500,3691800,2195300,4898300,1959349,2460200,4741800,1301700,8609700,2248700,3420600,1952700,1467500,30784200
2023-07-25,37283200,41637700,348081000,52509600,19585600,20042000,3203700,2472100,9944700,51208800,2893000,7760100,610700,3286700,13537400,9973200,13790100,2730600,21771000,4778200,6498700,3073900,4732500,3116200,39236700,112757300,2780600,7692800,5627500,3849400,1602500,14116100,6767600,3664700,10686100,2283900,2744600,2016600,6513300,2088472,10006600,49625600,1160700,8847800,2648500,2353600,2817700,1328400,35719500
2023-07-26,47471900,58383700,364237000,61682100,47256900,19877000,4856700,2918700,8728600,41814600,2281600,7201100,552800,2352000,19520900,6704700,14288200,3697200,20983700,5006800,7042700,3559300,3682500,5472600,53910100,95856200,2896900,5148900,6568300,5180100,1306400,15159600,6056400,4006300,8113500,2879000,2687600,2622800,24923800,3493979,4189100,20124000,1759500,7244600,2196700,3158600,2778900,1825500,27916000
2023-07-27,47460200,39635300,455976000,44952100,64229200,21922000,4299600,2477200,10778400,45529500,2010800,8427800,555200,3944200,19509600,9199000,12446400,3028300,25346300,13664400,9813100,2260900,4762900,4654800,52610700,103697300,4698300,6544600,5373400,5538800,1485300,17677900,6470100,4568500,7791900,3090800,2925800,2284400,12018300,6997826,3251400,14092700,1977000,10185400,2841800,2969600,2980000,2336400,28097500
2023-07-28,48291400,28484900,331194000,36591200,39220300,18791000,4238700,2810000,9103800,33296500,1827400,5798400,522800,2925900,12616400,6675500,14138800,2930000,24054100,8000300,6903800,1642800,3409200,3446300,46317400,111446000,2843000,5988300,5320700,2957500,1371400,17566400,6542300,3138800,7019900,3131900,2141100,2101200,7054600,4174505,2299000,11617700,1194700,6230700,2567000,1714400,2318500,1445400,30642100
2023-07-31,38824100,25446000,251055000,28055500,25799600,14952000,5571900,4059800,8892700,29093400,1385500,5242900,367700,3345900,11696600,8651900,22632700,2441600,40265200,9109200,7397500,2144800,3930800,5786800,41901500,84582200,3296000,6406000,6377400,6055300,1365900,24197000,13056300,4126100,8278400,2803900,3800800,3568700,4894900,3656630,2323100,10177400,1169600,10876400,2902800,1812500,2673600,1615200,24500400
2023-08-01,35175100,18311900,237858000,23166800,22817900,19683000,4212600,2274000,6853900,32712000,2024300,4468500,359600,2340100,12699200,5942300,15810300,2161200,40931600,4409600,10009200,1517500,3733700,3514200,42098500,83166000,1916200,4566700,7784300,4060700,1445300,14177400,7531400,3308200,6930400,2587300,2694200,11823200,4975200,4215459,2823500,6780400,1115800,6723400,2422100,2243700,2279200,1468600,27289500
2023-08-02,50389300,27761300,530142000,26273300,20461100,26877000,5127000,2971000,8299400,38855100,2106600,6407400,649200,2236200,13911700,9585300,14595600,3220500,34301600,5756400,10873500,1398700,4699400,5507200,51027600,101752900,2388300,6213200,14463100,3562700,1635000,13484100,7067100,4577800,6726900,3250400,4886000,6288300,5326700,3180454,2008500,8610900,1077900,6589600,2295000,2236400,2096800,1538900,20481600
2023-08-03,61235200,18253700,324176000,20089500,15180200,18281000,5515200,2183700,6084000,27933400,1840400,5137700,585500,1708700,12145400,7426600,17424800,2442900,25676500,4674300,6039300,1103200,4947700,4413900,88585200,97569100,1910700,5084300,5547500,3723100,1463400,16280400,6680700,7285300,7387300,4302100,3510700,4743500,3282900,2661943,3692800,7947300,1083400,9075100,2880500,2493000,2718200,1926000,20465700
2023-08-04,115956800,23741500,362666000,26147200,17612800,21156000,4800400,2462900,6209400,30768100,1725300,6191700,475100,2256000,10840800,7367000,23415100,2411200,25746500,4231200,6700700,1102200,3231100,5346600,153128500,99539900,2520500,5621400,5199200,3481500,1142000,14279600,10185400,6928700,7626900,5719600,2650300,3888200,3500700,2555206,4437100,5573300,961200,9140500,3043500,1687500,2045100,1648900,24584000
2023-08-07,97576100,17741500,322154000,22746300,16236500,11146000,3615200,1777600,7251800,31745200,1260300,4663300,387900,2027200,10860300,5825100,17736400,2430900,31069100,3800600,8259100,737300,3632500,3361600,71213100,111097900,2176800,4887300,5222700,3036700,1015400,12410800,13927400,3635100,5956400,3865100,2982000,2438200,6068000,3016105,4411700,6740900,1009400,8397200,3604500,1559600,1518100,1112000,24314000
2023-08-08,67823000,22327600,353843000,23535200,15183500,14081000,4843800,2626100,8623400,45951800,1917300,6921200,676900,2102900,14520000,6325600,27378700,2422600,25225500,4013400,10152200,1002100,7544300,8227600,51710500,96642200,1948400,5851900,4058400,4359100,1020400,14065600,6451300,4281300,7751000,2958900,2865000,2519500,5149200,3460664,6433400,7220000,1354400,8890000,5240800,2047300,1369500,946800,22178900
2023-08-09,60378500,22373300,586449000,24912900,19955800,24672000,7847500,1843800,6277800,30732100,1326000,5200500,447400,2445200,11973800,6617500,42974400,1916900,17210500,3737100,6479500,947100,5135200,4535800,50017300,101596300,1895800,4328600,4494300,2761200,1471800,19919600,10531500,4818800,11975900,3389200,3864800,3088600,4044400,3421407,3249400,8802600,1361300,7453000,3219200,1475800,2190800,853400,20798500
2023-08-10,54686900,20113700,492705000,20857800,14358900,20186000,4004700,1901700,5995100,26062600,1345900,4250100,496900,2556000,11982200,7347000,48213800,2179700,18955200,3275800,6525700,1168400,4708200,4128700,58928400,109498600,2436300,7276500,6844200,4375600,1107200,15837200,8647100,3589300,8857100,2342900,2587700,2647100,3710800,2983214,3964800,5359700,1283900,7959900,3635500,1618300,1590600,825000,19031600
2023-08-11,52036700,24355500,533085000,19591100,14046300,20331000,2930800,1930600,5180700,35720700,1256800,3922300,381100,2102500,7316000,6573200,45905600,2029600,16609400,3454800,5904300,925100,3478600,3596200,42905800,99038600,1761800,5104300,3180600,3804000,1043100,14047000,6682600,3771600,7092000,1845500,2559000,1874100,2652100,2864700,3558500,3778800,1217200,6524200,2428700,1073100,1715900,692600,15271400
2023-08-14,43675600,18836100,690286000,24695600,15641900,17688000,3304700,2052500,5044300,32563700,1347000,3637500,395000,1827300,10677000,12327500,64036900,2127200,20295500,2570900,8427200,1068400,3076100,3296000,47148700,98595300,1712400,5305200,3239300,4425100,1247600,12973400,6060100,4252400,5736400,1438900,3043900,2194000,2486300,2593296,2980700,3521800,1058500,8021100,2340400,1342000,1499400,1060700,17934000
2023-08-15,43622600,16966300,676512000,19770700,11623600,14035000,4076400,1824300,10300300,43406100,1657800,9308700,519700,2447600,13835900,8753400,88958100,1817500,20484300,3636300,5118700,894600,3150600,3842400,42781500,88197600,1883800,6197600,3203700,9416500,1124300,14909600,7876500,4214900,6040000,1598200,5087600,2593600,3201900,2389372,2269300,4174900,1576800,7703900,2669700,1487800,1458900,709700,15528600
2023-08-16,46964900,20698900,527451000,25216100,18547700,16003000,2759600,1541300,6978200,47220400,3340300,5746300,494700,1994900,10076700,6402800,85832700,1454100,22215600,3214900,5332900,980700,4086400,4222200,41675900,112484500,1829400,5953100,3679500,23754400,1340100,13695100,7920500,3767200,6234300,1820000,3904400,2831300,2273300,2378019,2500300,4207700,1870300,6433500,2382100,2200300,1348700,1143800,17395100
2023-08-17,66062900,21257200,452395000,33446300,23950100,19228000,4062700,2455800,9953900,37202200,3135200,7611200,471200,2473000,12686000,8660700,70904200,3009500,31113600,5285700,6457800,1257000,4175200,4848300,48354100,120718400,2148400,5692800,5291100,8659600,1941900,16709500,8270500,4044700,5925600,1837500,4704400,2534700,4359400,2632235,2986500,5090700,2149200,6677600,2578600,2370100,1736700,1229800,19128000
2023-08-18,61172200,24755000,583768000,30504800,35347900,17759000,4267200,2140100,8517500,31430400,1730500,6650000,530500,2139500,10797300,5949400,49631700,2364400,24145100,4050900,6711400,1093700,4809700,5205700,48497700,136276600,2624500,5836100,4126000,5755800,1878100,16224000,5999200,4267600,7095400,2046500,4896500,2533000,3583200,2178976,2868300,8150400,4233700,6291300,2766400,1511300,1886800,1254700,21722700
2023-08-21,46311900,24040000,692573000,25248700,20181500,30012000,4023300,2428300,8327000,34959000,1983500,5385300,434300,2070500,12600400,7448800,151319500,1533500,28496500,3944800,6012500,903800,2954700,4722000,41442500,135702700,2682600,6697600,3753200,5928600,2076100,11092400,6802300,3271600,6269300,1627400,2662600,2207400,2734600,2048579,3512000,4494800,2549100,6856100,3910700,1998500,1743000,947100,27074400
2023-08-22,42038900,16084600,755293000,22054900,12980200,17079000,3153200,1495500,9673300,37564200,1810300,6002300,332500,2255500,13634500,17490000,56834800,2079400,18524100,3209300,6026000,960700,4840100,10015700,32905400,130442800,2052300,9814700,3639800,8791100,1286000,10518800,6080800,3194300,8607600,1892500,2217200,1668800,3011000,1817493,2701000,3924500,1663900,7370400,2365900,1658400,1468700,913200,21722000
2023-08-23,52722800,21166400,779046000,27819700,18287000,19692000,3833200,2336900,7858000,44686600,1429000,5878600,386800,2042500,11927400,10628400,119011400,2011400,19370900,5414800,10588200,1769100,3403300,5268300,42801000,101077600,2308800,20909100,9704500,4797500,1295800,11435600,4975600,3136700,10717600,1708200,2027400,1677800,3004500,2015157,2375200,4462000,1582200,7721800,2231500,1655700,2167700,929200,15766400
2023-08-24,54945800,23281400,1156044000,28500700,18360900,30934000,3960300,2950200,6534000,31934800,1185600,5023000,317900,2468600,10363300,6727400,70755100,2311100,19380800,3986300,6487700,1326200,3529500,6765100,43646300,99777400,2006400,10310000,7824500,4308100,1587500,10818500,5989600,3538500,6685900,2811100,1713600,1433600,9132600,2537275,2207400,3905800,1379900,9242500,2376000,1055700,1887000,820300,18561400
2023-08-25,51449600,21684100,925341000,26762900,23701400,24181000,3068800,2308300,6695500,34253200,1159600,5461400,275200,2969200,12534700,8367200,18185500,1923500,16421300,3275100,4839100,749800,3000800,4441400,44147500,106612200,3725200,7290600,5360400,7279700,1511500,13579300,5291800,3710300,8619100,2417400,2262100,1291700,12352300,2062478,2506900,4737600,1099900,10114100,2374600,1174700,2559800,1022100,14912100
2023-08-28,43820700,14808500,685192000,20543300,14239300,14306000,4086900,1684100,5094100,33075200,1440100,6439700,430900,2509900,10314500,4952700,18458000,1344500,15101900,2806900,4335600,642700,5862500,4308500,34108400,107673700,2317600,6006600,5098900,5116600,945800,10382100,4386100,2821600,4813200,1836100,1702200,1550700,4641800,2059507,1967800,4834600,1247000,7152600,2128800,1381900,2106400,772000,16050400
2023-08-29,53003900,19284600,701397000,43075600,20844500,27822000,5850400,2167000,6337000,30428200,1831700,6212300,502600,2175800,14404800,7604200,12208600,2113700,21076500,3419100,5673100,1291400,4515600,3757900,38646100,134047600,2348500,8641600,5512300,5267400,1468500,9665000,5374800,3213700,4911000,2175000,1933200,2065800,3716700,2313511,3261200,5130900,1875600,11209700,2279700,1572900,1833500,1060100,28782800
2023-08-30,60813900,15222100,735206000,28315800,17717000,23234000,9946000,1930300,6277300,33366400,1131500,5051800,483900,3039900,12536300,10299000,9939100,2283400,16833000,3486400,4785000,773500,3711300,3881200,36137000,121988400,2410700,4822100,4212200,3276700,1292800,11922100,5534900,2847500,5843100,1642100,2113400,1431000,3328300,2341415,2713300,4469800,1815500,7461500,2250900,1858300,1849300,780100,15021400
2023-08-31,60794500,26411000,528570000,30053800,17229900,55203000,19268400,3919300,10933900,37243000,1271100,5581200,617100,3653900,21534900,6687700,15333000,4927700,27919500,4110700,9212000,1192100,4042300,4423200,58781300,108861700,2979800,7046200,5624500,4234600,2086500,17479800,7003700,4395700,10102500,2757400,3086400,2579000,6953800,2757009,3549800,4914500,1515500,11797800,3139600,1567100,3277600,1193100,24333200
2023-09-01,45766500,14942000,463830000,21543700,12842300,65017000,5600900,2234100,7903500,35228600,1201400,4981800,454500,2195500,12890300,9392600,8610100,3165900,17522500,3357800,4941300,1015500,2641100,4238700,40991500,132541600,2136400,6359400,4747100,2997100,1437700,14843500,6663000,6398300,6921700,2462000,2787700,2336600,3658400,1693144,3286600,2583000,1249700,8296600,3777700,1654100,1591000,970000,14748700
2023-09-05,45280000,18553900,382653000,19403100,14956000,24808000,5807300,2349700,7854700,46543600,1846000,4919400,556800,4151000,14337200,6085800,9019800,3443300,25856100,3911100,6379900,1404900,4284000,5612100,40636700,129469600,2410300,6698700,5414300,3427300,1714300,18304000,9755800,5785700,8428600,3737700,2327000,2515600,3246500,2365075,4897500,4973800,1474000,10002700,3155500,1715200,2854100,1092500,17486000
2023-09-06,81755800,17535800,468670000,18684500,15418100,20142000,5066700,2299900,8629200,45022600,2120800,5384000,426600,2949200,18775400,8534800,9753800,2596100,35370200,5304300,7926100,1217900,5094400,6795400,41785500,116959800,2705800,6096000,5428400,3562100,1476600,13325500,7195500,4664000,9299800,2015400,1764200,1688900,4233500,2364757,3883500,7528800,1002600,9250300,3249700,2313300,2786400,775400,19187100
2023-09-07,112488800,18381000,433330000,18844300,33748700,27789000,4201900,2089400,8373700,35023600,1471100,5504200,453000,2617400,13801000,6351600,9931800,2928000,26777700,5142100,8532600,1079200,3863200,4276600,48498900,115312900,3732800,9927100,6404100,3267200,1340000,13248500,7925900,3503900,7867600,1588700,3348800,1593200,4929600,2213458,3013200,6376700,1028800,9981100,4765200,2404500,2531900,986400,26605800
2023-09-08,65551300,19530100,473069000,23558300,17548000,16810000,4578900,2262000,7107900,36513900,2026400,6127600,352400,1931300,13921200,9554100,6957000,1858400,19467700,4339800,6807500,1834900,3521300,4208600,38348200,118367700,2351300,6435000,4754700,2923200,1075300,14283200,7434400,4368400,8323600,2398300,4711200,1240100,5752000,1877652,3561500,5984000,1837500,7484800,3302700,1645800,1758000,1064000,24872400
2023-09-11,58953100,16583300,473966000,20763400,19489300,15710000,4418000,2083300,6854200,34168300,1283100,7780900,563500,2611100,15053800,7641700,6309300,2059200,27574400,2911600,5069300,1555900,4891100,4763700,56764500,174667900,2433200,7584700,5577500,2613100,1388600,14383600,7155100,4294500,8392300,2831300,3105400,1515300,4522300,2244439,3638000,24520700,1428200,7981600,3992900,1393100,1992800,862000,18883900
2023-09-12,90370200,17565500,349256000,18405500,13480400,16680000,4002300,3961300,8363200,42284000,2054700,8942600,404000,2659000,18393900,9448200,6045800,2195200,17987200,2424800,4605400,1568000,3531400,3328600,42668500,135999900,1450200,6307700,5007600,2930600,1055500,20145800,7521100,4486600,11476400,2442200,4229600,1587300,3256500,3891218,6232500,17931800,1127800,7171300,3689300,1341500,2275300,1047900,15784400
2023-09-13,84267900,16544400,398355000,20749500,13210900,17413000,4173600,3465200,8325900,37215700,2165000,10617400,645200,2976700,15274200,13621300,7397500,2197800,23853300,5953700,6761500,2359100,3192500,3520900,60465200,111673700,1724300,7140700,5830200,2541500,1162700,13472800,5759500,3879700,7914300,1963400,2779400,2119300,3538100,5365795,4071900,11613000,1104200,8925700,4383300,1639000,1864700,1207500,21027900
2023-09-14,60895800,20267000,370097000,24751000,19343100,19648000,4297200,4786900,10034900,44634800,2822700,8109600,660100,3209900,20764500,8074200,7758400,2334300,23759900,6336900,6872400,1598300,4086600,5924200,64033600,107709800,2219700,7075300,6039700,3760900,1257300,15210700,8822800,4686200,6862500,2370000,2526300,2660500,3974800,3906814,2796400,15600400,1272400,7944900,4594400,1444600,3375500,1231500,26570100
2023-09-15,109259500,37679800,506831000,38919600,28131100,50190000,9939000,9774500,19863400,61661100,3063900,17629500,2816100,7273600,47371800,23653400,13392100,5334300,58063800,8868300,9639000,5179500,8303300,9072500,102909300,133692300,5730700,10467300,8767600,4919800,2945300,34568400,17439700,12441000,19793700,4880300,9312900,4940900,4670600,6380854,4382300,16049800,1986200,18391400,9702900,3514500,4818500,2820400,38205200
2023-09-18,67257600,16834200,500271000,21861300,14234200,16541000,4279400,2650700,6512400,25752300,1356600,5501900,494400,2413400,15849700,8713500,5789000,1997500,25421900,2967600,3911300,1300100,3652600,5829600,42823500,101543300,2884800,6946300,4477500,5415200,1003100,14045300,7027600,4945300,6232100,1998900,2237500,1363200,4299200,2436905,2729200,9847200,969300,7534100,3701700,1499100,1654500,652000,16233700
2023-09-19,51826900,16505900,373064000,20353700,15924400,13126000,4001500,2385800,7943400,34888100,1660200,5769000,428100,2230700,15318100,7313900,5550800,3230700,30323300,3509700,5818300,1181100,4090800,4655500,61482500,103704000,2128100,9386600,6803000,4056200,1144700,12562900,6615100,4190700,9067700,3671700,2970100,2313500,4039900,3047298,2348900,11389300,1957300,8215500,3291000,1612600,1834000,1458800,23379300
2023-09-20,58436200,21436500,367108000,29927500,19379500,13681000,2990900,2626000,7332000,26641100,1224400,5268200,334100,1969700,16788100,8867700,3837400,3724800,24651400,2744800,4593600,1271300,3966000,5845100,46263700,122514600,1979300,10274200,4572100,3263500,1311500,11879900,5939100,3444600,5351100,3818600,2491400,2380300,3738800,2518920,2300300,10817900,1289700,5804000,2855800,1885600,2497800,1747300,23742000
2023-09-21,63149100,35560400,450736000,31503900,21319600,53654000,4957300,3844600,8052400,39906000,1685100,6933900,547700,2712100,14990500,8686200,4526700,4703900,26980600,3660300,5856600,1606900,3943700,5620800,70343300,119951500,2370100,7958600,6108800,4133200,1687700,14400600,7150000,4470700,6841600,3614100,2730800,2277600,4745700,3095468,3801200,12456600,2209100,9458600,3129300,2499200,3722800,1362200,17993800
2023-09-22,56725400,21447900,479236000,26397300,25369600,27764000,3848300,2702100,7071700,41284400,1669100,7420600,468300,2380600,16780300,7019500,4976700,4558500,28570800,3049200,5027200,1198000,4357800,5067900,59904300,127524100,1958300,9289400,5118900,6593700,1527300,13197300,5963000,3641100,5979000,3222700,2426300,1707800,4450900,2996582,3206200,9673000,2410500,11796500,1973000,3732500,3612300,1017300,22740000
2023-09-25,46172700,17836000,419091000,20094600,18987000,15648000,4067300,2219500,7044700,32749200,833300,4748800,458300,2434400,10624000,6994300,6722500,2758500,19443700,3740000,6052200,961500,4096300,3799700,46017800,104636600,1895500,8291700,4818800,5353300,1313300,11316000,5510000,3291300,6279300,2710600,2499100,1257400,3527100,2889209,2900500,10430100,1383600,8656500,2376500,2681100,3221000,1558100,17616900
2023-09-26,64588900,26297600,402282000,25718700,19417200,17641000,5404500,2375400,7468400,42237400,1481800,5557000,589000,2332100,15219400,8948800,4904800,2420200,26015500,3936300,5400500,1190000,3967700,5167000,73048200,101993600,2251600,8060500,6086600,6022200,2425100,11805400,5659200,5204500,5796100,3382000,2350800,1756400,3666300,3606870,3461800,10323600,1270400,9042600,3000600,2702800,3179200,1769500,18841600
2023-09-27,66921800,19410100,444935000,22746500,36429800,15352000,4123800,3311100,6717800,38296300,1493000,5708200,548800,3705400,11815500,7746700,10211600,2593700,26430100,3621300,5635500,1344300,5391000,7418600,66553400,136597200,2735000,7631000,4731500,4498100,4591400,23976200,9124400,5364100,7663100,2735000,2793800,1991600,4015500,2372078,3419500,9391800,1403900,25606200,3715400,3178700,3226600,1254900,22083500
2023-09-28,56294400,19683600,424663000,22513100,22167100,16180000,4344000,2720000,8868100,36734300,1389600,5665400,696100,3489800,12454600,6154300,7861900,2922000,28197600,3697400,4758800,1443300,6092800,5354100,54555000,117058900,2182400,16315600,4736300,4676500,2192400,16808100,7151800,3964600,7574000,2274200,3294300,1994700,8009500,3089950,5571600,8490600,1309200,31153800,4489700,2694000,2177000,1065500,18772100
2023-09-29,51861100,24147300,397830000,30859800,25373700,16481000,4405100,2796300,11917800,40645900,1403900,6830500,539900,3579400,13124500,8061700,7680700,3006200,42421400,5581600,7232700,1380500,5150500,6308800,62411700,128522700,3367100,34935400,7700200,4738100,1887500,18813600,7396100,5308900,11279200,3374700,2841900,2257800,5158400,3534085,5034600,6366300,2124300,19047600,3900500,2529300,3414600,1474100,19787600
2023-10-02,52164500,20570000,433298000,22288000,16265600,14676000,3745700,2411500,9170600,50388600,1303800,6722200,569000,2657600,15102000,8859300,7259700,3550400,44620600,3827800,7079700,1652100,4349200,4517100,48029700,123810400,4425000,12776300,6430500,6121300,1831700,14395000,6839600,4769500,7553600,2625100,2445800,1778200,5244700,2865549,3243600,6791300,1989800,54022800,6498300,2061100,3570000,1298400,24722600
2023-10-03,49594600,21033500,470850000,22989400,17362300,18761000,4622400,2004100,9431100,62144500,3118600,7526800,678600,4184100,19252900,15459400,5740800,3143200,31059900,4580900,5924000,1559400,4597500,5741000,51565000,101985300,3408100,10964300,6666600,5370300,2007400,13297100,6168600,4162600,8407900,1917900,2988400,2187900,7285500,2642208,3687600,8175800,1212200,36257500,5606500,1783300,2466300,1747600,21389400
2023-10-04,53020300,20720100,361821000,26752300,16880500,16417000,3656400,2027200,8128700,55696400,1872000,6848700,546700,3476700,14343500,10421900,4955200,2801700,23722300,3159600,6720500,1022100,4336100,7115500,44203900,129721600,2820000,8045400,6166100,5523100,1798800,19622200,9664700,7287600,10923300,2814200,4464100,2970100,7419800,2438921,2600400,10264000,1219000,28467400,3322900,2217100,2700300,1897900,23694100
2023-10-05,48527900,16965600,393483000,19832600,19130000,11474000,3592600,1818800,8576200,49044100,1584600,5589300,496900,2706200,11820600,8601700,5993300,2790700,21279400,3599500,6449100,917500,5708300,7235900,39660600,119159200,3799600,7430000,7548600,4749300,1579700,20128800,8073000,4070100,7491800,2526400,3206000,2639300,4331700,2427780,2922100,7402600,997200,29911400,3716400,1486000,3377100,1821900,22774400
2023-10-06,57266700,25673600,434436000,27597600,21803900,21103000,4989200,2526300,10270600,58177300,1595100,6306400,608300,3204600,13976800,11471300,5802200,3647200,23760400,5370100,6854900,1108400,4790500,6762000,46836700,118121800,5130700,8532900,6979300,7556900,4246700,25367500,10190400,4209700,8642600,3477800,2625500,2293400,5364300,4000819,2383500,8540300,1203400,24718500,3511900,1878700,2217300,1571300,31291800
2023-10-09,42390800,19891200,409675000,19278100,22503700,15760000,2781100,1713500,6964900,39953700,1094400,5125000,536100,2279400,12096600,8168600,4414100,2341600,17468100,2903300,5061100,1182500,3958300,7825500,38773700,101377900,2782300,5964200,4120700,4819900,1781500,22369900,8183500,6532800,6667700,3720000,2769800,1640800,4575800,2417913,1765800,13726200,831200,20644600,3008500,1952100,1818300,846100,20344300
2023-10-10,43698000,20557100,368582000,27786600,19038000,14718000,4503500,2090900,11288800,51960100,1193800,6245400,626700,2909100,14429700,8373800,5273500,2455700,19212100,3729000,7177200,1304900,4352200,6319500,42178600,122656000,3129600,8499000,4974800,6791800,2176800,13892000,6512900,5705500,6608900,2833700,2662300,2009000,8062400,3461725,2083400,10633900,1317400,23164300,2619500,2793900,2430400,1335500,19151900
2023-10-11,47551100,20063200,378137000,25884300,22036300,14334000,3971000,3307500,8698200,38508200,1672500,8928700,515000,1727000,14835900,8068500,6922900,2819300,24221200,3189800,5375100,1207100,9269300,8881200,40741800,103706300,2919400,7642900,4499200,3977400,1449800,57939000,12570700,7300700,5641100,2447400,2035900,1538200,7394000,2345022,2209800,7349800,942500,22401400,2658900,2782300,3561700,931400,15694200
2023-10-12,56743100,19313100,481325000,24765500,20530500,43871000,3548500,4624000,10484400,44249800,1727700,11654600,744200,2377200,14878100,9412300,5792400,2377300,21809900,4554400,5124000,2026200,7387000,10503300,55528600,111508100,3528300,10705200,5485200,6497300,1458000,31183000,7397000,3859500,5023100,3039000,1976800,1910500,5668300,2561148,2340300,6921300,1375200,27972800,3172500,1765100,2314500,888400,21718300
2023-10-13,51427100,21072400,474115000,23420500,21341000,28312000,3677500,2832600,29427000,55089700,1785200,6442800,1263400,2951500,28077900,12412900,5359800,5245400,32388100,4304700,5787500,2004300,5623600,8168800,45786600,102073800,2646500,8774700,4780100,4651400,1243900,30276500,8042800,5589100,6819500,3573300,3393200,1918300,8215700,2382582,2759600,8661900,1074200,22319200,3277000,1969200,2578700,1214200,24528400
2023-10-16,52517000,22158000,375099000,28501900,16536100,21150000,3623200,2179700,12663500,56817500,2273900,7901500,695400,2586300,18419000,20509400,6408100,3827600,63317400,3704400,6473500,1247700,6452300,9083700,42832900,88917200,2774700,10845400,4595900,3872700,1428300,18452000,5446000,3769500,5949900,1993600,2750200,1678600,4701000,2581413,3349700,6299700,1202600,17089400,2993500,2062200,3131800,1182400,21087900
2023-10-17,57549400,18338500,812333000,23515800,16387800,33008000,4006100,2355300,11482700,95344200,4123000,12324800,578500,3919400,16982300,15991300,12244400,2586000,40015800,5372400,5827200,1355200,8288600,7936400,49344600,93562900,2627500,9253800,6086700,3387900,1404600,19775400,7538300,4213800,6525000,2670000,2471900,2110100,5121800,1961683,2937000,8035100,899800,13365500,2911500,1732500,5379100,920300,21186000
2023-10-18,54764400,23153600,627294000,23375000,16851000,20404000,3380800,2614500,9620300,68371100,3460300,34732300,664500,2632200,16053200,9949100,9097300,2551400,30307600,4910500,7136400,2134800,16482600,7900700,42699500,125147800,4559200,8757300,4110700,2940800,1311900,23380300,6893500,4781900,6964100,2307600,3249700,4257100,6268100,2399982,2974700,7791000,1495000,13593300,2790100,1728500,3734600,1486600,22024300
2023-10-19,59302900,25052100,501233000,26066000,18709200,26620000,4995900,2809300,11143600,58611000,3211800,17486100,1040800,4642200,16120300,9981700,7733800,2351200,26880300,6147100,7647600,2014500,8537800,7048400,60961400,170772700,5646200,8391100,5610800,4249500,2019600,20972500,6580200,4491300,7488400,2421300,2091400,3850000,4043700,2722208,3035100,7421400,1348000,11580400,3134300,2672200,6388500,1249200,28806600
2023-10-20,64244000,25027700,477266000,26335700,22312300,26953000,5539100,2729200,13332900,62058400,2329000,11270600,850300,8268100,17498900,9786400,7207000,2811100,39407900,4223800,12467500,1599300,11517800,8399300,56406400,138010100,3779200,7823500,4699000,4215700,2295400,22445300,7458300,5289400,13102600,3425300,2667200,3103500,4523500,3229047,5022500,7995600,1468100,17798900,3468400,2560800,5620500,1334100,27271200
2023-10-23,55980100,24374700,478530000,26317900,17796800,16456000,4564100,2172600,10133400,59857200,2959800,12847100,469500,5313500,13785800,10885600,5874000,2357700,29412100,3903300,8493000,1897500,6178800,7133300,48260000,150683400,3409800,5966100,4481000,3189800,1776500,18185000,16232400,5969400,9655500,2281300,2463500,3193200,4146200,2199984,4552700,8357200,1308100,15200700,3172100,2187700,3978700,1648700,31725800
2023-10-24,43816600,31153600,401463000,44814300,19525500,14972000,3959600,2358100,8881400,55975700,1697100,9265500,657200,3521100,15097800,9022900,6155300,1978200,26923800,3362900,6347900,2376600,6677000,13129200,46477400,118231100,2468000,9252200,3600200,2518100,1678600,16786100,17689900,4664400,8407100,1813900,2331600,2304600,4652900,2707990,2802300,25548200,899100,20060300,3213100,2404500,3050700,1590000,61617900
2023-10-25,57157000,55053800,398379000,84366200,42192500,21432000,4490000,2526000,8242600,45522400,1809300,8461700,562000,2841400,13849000,8056400,5880800,2380100,28857900,5461500,7849200,7906700,8157700,7462700,74577500,107065100,2759100,7054700,5497300,4123200,1757500,22047300,10502400,5010600,8571800,2421900,2581100,2542400,13806400,4400391,3565800,22157600,773900,19262400,2652800,2448200,4069000,1492900,30832800
2023-10-26,70625300,37828500,541001000,57061100,66684100,27917000,5149100,2876700,9109400,60921000,2011200,10903200,856400,3378000,15480300,14097600,7612500,2675800,27162700,5569400,11335700,2971200,6838100,7894000,100419500,115112600,2702600,11222600,6201700,3092400,1925300,18768300,10830400,6066500,8157500,2367500,3517900,3859200,6961800,5111474,10581400,33222400,1124900,17357800,3033500,5013500,3501400,2168400,34367000
2023-10-27,58499100,29856500,416784000,44566500,29596300,18236000,3168600,2985600,17434700,64709300,2601700,11099100,543000,3442500,13582800,10574800,11385800,2585600,33877100,9427200,8933800,2495600,5934100,10009100,125309300,94881200,3209000,9602700,8293600,3448200,1503100,23092000,24524300,5312500,6944500,2779000,5214900,3229900,4606300,3607718,6594600,21946800,1436400,11921000,2764300,2829500,4082900,1945300,23924800
2023-10-30,51131000,22828100,388028000,28940100,28435100,20889000,3438300,2806900,9855500,41891900,3065200,9769600,528100,3303300,14141900,9293000,8205300,2555400,33063500,9258500,6915500,2946500,7168900,8934700,72485500,136448200,6305100,8206700,7852700,3852700,1696200,19379900,13857100,5830500,6698000,2614600,3194600,4478300,5507100,2794462,5665500,23380600,1277500,11017700,2426900,2568600,3588700,1478000,31497700
2023-10-31,44846000,20265300,517969000,26292300,19434200,14747000,3425400,2052300,9672500,50106700,2611000,8949000,508900,3737200,11919200,13193500,7576900,2464200,42648200,10394000,7522600,2895400,7452300,10770200,51589400,118068300,3990600,6558500,9308300,5549400,1394700,22185200,14261300,4505000,8045900,2368400,3618600,12093300,5043000,4000288,3996900,18663800,1233200,19978300,3094500,2930700,4561600,2020700,28903400
2023-11-01,56934900,28158800,437593000,30082400,20434600,18684000,3593600,2644500,9432000,44046300,2345400,9429000,537100,2332600,19850300,13862700,5733000,2747400,23568300,4207800,5838100,2275400,6985000,5380300,61529400,121661700,3543000,7272400,14292500,3081500,1735300,28984900,10819600,8350900,6197300,3394600,3343100,4932800,5832200,3563581,3566800,20200200,1073000,13428900,3944500,1781300,2585500,1564900,26071200
2023-11-02,77334800,24348100,409172000,27124600,21631800,18759000,4963600,2634800,10186200,63278300,2597000,11638000,1174000,3108400,19998500,14948800,5349100,2350900,29640900,4066800,5379100,1713900,4683100,6330200,52236700,125987600,4109700,8135100,23396300,3817800,2100600,25212700,11099100,9068700,5811800,4313600,2566900,7749900,4313000,3246236,3904600,15755700,1259300,15076500,4553000,2908000,4532300,1586700,24946000
2023-11-03,79829200,23637700,424610000,26393100,16764300,18041000,3861900,2066300,9538700,62613600,3742000,14951100,894200,2667700,16147500,12839200,4926800,2739500,28071000,5414500,6005900,1921800,5652600,5198300,44059800,119534800,3126500,7568000,15995700,4341100,1826800,30555600,13160000,5935600,5896900,5531600,2525000,3929500,4485100,3140560,3272000,21269500,1173200,13938000,4022900,3417100,4562500,1339300,23323200
2023-11-06,63841300,23828300,400733000,19052700,12887700,12870000,3729700,2593400,7625100,45548000,2087600,8140300,469400,2490000,15148600,10606400,4851400,2684900,27381200,4377000,5951200,1613800,6137400,5916500,44970400,117335800,3090600,5231900,7532000,3696200,2056900,19097300,10634200,4610800,5165500,4344500,2484500,2891500,4222200,2482634,2931300,5950700,925900,9299500,3370700,1943800,3147300,1464000,15544000
2023-11-07,70530000,25833900,343165000,29757300,14055600,19365000,5467100,3993600,6297900,33081900,1505000,7657700,440800,1583300,13796900,10955900,4840400,2604800,18086400,5024400,6616400,1708700,4466500,5653400,53553500,116900100,2360800,7745800,6239500,2859100,1373100,20272500,15054600,5491000,17838000,3582100,2180700,4074000,4012900,2633508,2952600,6352900,1711400,9615500,3054500,1544400,3092600,2647400,17654600
2023-11-08,49340300,26767800,346719000,26425800,13609700,15280000,3433500,3079200,7618200,31896000,1484400,8075200,482200,1804500,19418700,6386800,5460000,1769200,29398300,5299100,8152100,1848100,4416000,6767100,44521700,106584800,2223300,8639700,7453000,4514000,1343600,19184100,12654100,5884300,13767100,3840500,2898600,2532500,2984200,3388304,2896600,9844700,1178000,12781600,3623800,1447300,2588600,1631400,16971500
2023-11-09,53763500,24847300,540496000,23747800,16103100,24486000,4731400,2336600,7992500,32267900,1787900,9497200,437100,2052900,14006500,8548700,6973600,1819600,28737700,14970300,7377000,2042400,5007900,8321000,36235400,142110500,2501700,9154200,7607000,5604600,1288400,18380500,10359500,4306200,9278600,1827000,1802200,2708800,4576300,2884116,3411100,9638100,1094900,17147900,3441800,1949300,3350800,1305400,15685800
2023-11-10,66133400,28042100,421245000,26913300,19096200,36272000,4112600,3062700,7983300,32858500,1781400,8924000,522700,2088100,14706600,6356000,6930700,2480800,33844100,4586400,7627100,1896500,5479100,7557500,49287800,130994000,2664900,8897700,7338500,6235800,1908800,17825500,11988200,4602300,9267900,1934300,2429400,2525200,4788500,2311495,5683900,10351200,1311800,12776100,2491100,1738700,2385600,1378100,12791200
2023-11-13,43627500,19986500,384136000,18324800,16908900,16893000,3306600,2505100,6676300,28521800,1403300,4868400,356400,1753600,12159700,9827200,5889300,1507900,35519900,4454700,5878200,1675000,6894800,8452100,35680600,140447600,2591900,7055600,7120800,4016000,1650700,15308400,8747700,3225700,6853600,2413500,1487900,3035700,13040300,1778130,3211500,7740300,1418100,8951800,3396400,1425200,2473500,1420000,17236700
2023-11-14,60108400,27683900,416954000,32395200,17179400,23886000,4743800,2884900,9927700,66676300,3592700,12287700,1011000,2968600,20183800,15361400,6713600,2454000,40084300,4509200,6944400,1822400,5527100,6478100,56674600,149771600,2647800,9674800,8323000,7656100,2037600,18260500,11224400,5421700,6989700,2556100,2407900,3441800,7280100,3131648,4258800,13128900,2115800,13399500,5739200,2910400,5787500,1350500,17667100
2023-11-15,53790500,26860100,475497000,23861500,14531200,16099000,4800700,3088900,8365300,46968900,2534500,9841600,747400,3272600,17268100,10245500,6729100,2473700,43614600,6473200,7392600,2184000,5370500,8385800,63875700,150354000,2575900,11140800,7980200,32230800,2165100,20137600,10052100,4733300,8328000,3861900,3203500,3739900,5205900,4325485,4766700,10757800,1515500,11295000,3175600,3803000,4620300,1139900,22855500
2023-11-16,54412900,27182300,339756000,28013200,18932600,26198000,3712300,2040400,8126200,36952800,1620400,6757600,558900,3749100,16931200,10189400,6875600,2360300,32407200,5257000,7889700,1613400,7603200,9048600,49653500,136816800,3593700,5386800,8037200,12033200,2954700,22469100,14031300,6733200,11053300,4075100,4559600,2625000,4655100,2263644,3729300,7578700,1736200,11155400,3872300,3260600,3609900,1228100,19110800
2023-11-17,50922700,40157000,325205000,37240600,14494400,19789000,3634900,1968500,7812400,38493300,1465200,6080700,715600,2975800,13893800,7366700,7023300,2676900,27009200,4332300,6767000,1556300,6069100,6262600,49636700,142532800,2604800,6352600,6341800,5982500,1773600,22984900,11075600,5799100,14077300,3667500,3354300,2792500,3564600,2342370,3320200,7343900,1342600,10136300,3340600,2593500,3125100,1542500,19355200
2023-11-20,46505100,52465100,414120000,27815500,16960500,18674000,4599300,2393900,7019000,46783400,3146000,7644600,668300,3242900,10369100,8233100,8851700,2518400,26335700,4490000,7449900,1183500,6869100,8670100,41951200,116320100,3499400,6197400,9799500,5810200,1624100,17458800,8062400,4046400,8086900,3133700,2876700,2661400,11568100,2122212,4733300,8359300,2197300,8404900,3637300,1945500,3356200,1678500,18656400
2023-11-21,38134500,28423100,565747000,22635300,12027900,43344000,3852300,1906200,7083500,41611900,1900900,7394800,642900,2759700,16078400,4901200,5916300,2115700,25988700,4690800,7403500,2915900,7111600,10745300,71226000,122288000,2940800,5803500,6149000,4057900,1173700,14989000,6783300,3720200,6888800,2281200,2039400,1765500,5362100,1991921,3080700,7125000,2163100,11952600,2483900,1989300,2717300,1225300,22946400
2023-11-22,39617700,23345300,899420000,17813900,10702700,33743000,3893600,2064400,5174500,41422700,1235200,4265400,498100,2527500,11862200,6830100,4633500,2234500,19226800,3428500,5724000,1463800,6470600,6004700,45669100,117950600,2285000,6280300,4828700,3587900,1068600,18072000,7216100,4559000,7941900,3369300,2212000,3593700,5384400,1996378,2640200,7024900,6304700,9626900,2553200,1393300,2325300,1111000,14613100
2023-11-24,24048300,10176600,294645000,12514300,5467500,23158000,1869100,942700,3496900,15815600,460100,2398000,279600,950700,5287200,2725600,3351400,1135000,11129700,1636500,3168000,722800,2166800,3310900,22378400,65125200,1218000,2443600,3206400,1863100,645800,9480800,3861000,2159200,3077600,1318100,1173600,982200,2312100,1140045,1644400,2346300,1275300,4629400,1472400,614100,1284500,711300,6766700
2023-11-27,40552600,22179200,395662000,23436500,15684500,96962000,4885500,1854400,6259100,42039500,1250500,5237800,868100,2146400,15715000,8715200,6449700,2675800,26066700,5529400,7356500,2427100,4572500,7252900,53762400,112031800,3703900,5785000,7853600,3736700,1627400,18013500,9850800,5289500,6371200,2384200,2447200,1743300,3691200,2631811,3320000,9378400,2322200,9779100,2439400,2525200,2770900,1301200,15245300
2023-11-28,38415400,20453100,401491000,18730000,12637200,39025000,5535300,2302900,6582700,29705800,1419000,9197900,610200,2117800,15332900,7866000,5909000,2859300,29497700,5347200,8738500,1549600,3607600,4972200,42711700,148549900,2199600,7287400,6848100,3804900,1286800,20629500,9746500,3469100,5620900,3380900,1926400,2149900,7817800,3532175,3073900,7094800,1904600,9473600,2774300,2105200,3226900,1134300,14521700
2023-11-29,43014200,28963400,382005000,23967200,16024500,34843000,12327400,2595600,9126100,57954900,2038100,7420700,750000,2720200,16746000,15656600,5190000,4550000,26185200,3996500,10286800,1195800,5458700,4260400,40610900,135401300,2433400,9601800,8428500,2918900,1319800,26802100,16417100,6065300,8002000,3000100,6873900,2224700,5424400,2379823,2981600,6852100,2263500,17019100,2986800,2933400,3241100,1405900,16387400
2023-11-30,48794400,30554400,526247000,38988300,23146400,49571000,24425700,3960300,9869800,52547700,1903600,8480500,961300,4253100,23247500,20200300,12481900,7121200,45356600,9297400,29299700,1914000,16766200,6219300,65814000,132353200,5030400,8690900,11442600,5759500,1755200,29254700,16276000,10242700,11520300,5597800,9147400,3210500,8736200,3303954,4664400,8366100,1950200,15381700,4959400,2943300,8202800,4023900,36623500
2023-12-01,45704800,33040500,369317000,31442300,15276400,29612000,14538200,2490500,8916000,46133300,3623300,9617100,746700,3412000,18116100,17131600,10342900,3462200,103624000,4903400,6863400,1219700,4682300,5102000,39951800,121331700,4967400,8051800,12506500,4594800,1475300,17845300,11906500,4675800,6377200,2990900,4757300,3731500,6956200,3301938,3945300,5487400,1764900,10510200,4016400,2093300,4159700,2107300,20762500
2023-12-04,43389500,32063300,437543000,36669900,19037100,25009000,11429200,2541500,9607500,37811300,2178100,6713800,767900,3631000,13424000,11690900,8920300,2709200,47410400,4845300,10169900,1222300,4717700,6206400,48294200,104099800,3522900,10086600,11477400,7625100,1624000,21523900,11842800,4824800,7772600,3000900,4842900,3028700,5228500,2883268,2717800,5525300,1405900,10239600,2796500,2668500,5388600,2092400,22109200
2023-12-05,66628400,23065000,371718000,27384800,16952100,37066000,5771500,2577700,9135600,45723100,2429700,6103200,860700,6452500,14531700,7172600,7268200,2645600,39853000,3961700,10789100,1613600,4315500,4818800,46822400,137971100,3005300,6960000,16027300,2997800,2349700,22250300,9597600,5821400,6902700,3478300,3484500,2682200,3589800,2741836,2485300,5945700,1572700,12544800,2601200,1738000,3727700,2207000,23003300
2023-12-06,41089700,21182100,380590000,23576200,11294300,24813000,5374800,2080400,9366000,49803100,1869300,7321800,624800,3890700,18923800,8544500,6642900,2239700,33410500,4978800,9954800,1241700,4296000,5319600,39679000,126436200,2765100,6317000,12115000,3894200,2233900,31154800,18079700,7489500,13575300,4613900,2952000,3632600,4740600,2366985,2995800,6125800,3218300,13235700,3260400,2037700,2989100,2263700,20218500
2023-12-07,47477700,23118900,350823000,56767100,15905100,43517000,6568200,2605200,8130900,32699600,2162400,5430400,784300,2797100,18787800,9500600,6532400,2511700,35782900,7225100,9602200,2101800,5199000,5251000,52352800,107142300,3131900,7294500,7858300,3939200,1690400,29990700,14786700,5816800,12955100,3524500,3702200,2162500,6363700,2585551,3241200,5443900,2753800,12230500,3813000,1964500,3072200,1914100,15223200
2023-12-08,53406400,20154400,359224000,32260100,14087400,69668000,4605800,2499700,7369400,34794300,2238800,10343400,456000,2681300,20238400,10159700,6254700,2039900,31890700,5695200,7530300,1871800,3426800,6240900,41906000,103126800,3623600,6122200,7125200,2880800,1502100,22074900,10821700,5713900,13211000,3858400,4102700,3258200,7171200,4822563,2845900,5535000,2060500,9408300,3271700,2364300,4257600,1483700,21850400
2023-12-11,60943700,27708800,509728000,31138000,25802500,101184000,4766000,3270600,8093900,32254000,1636000,6378100,781300,2811400,21116900,8281700,6090400,3655300,37833900,6343500,7429700,2030900,5208200,5598900,50907300,97913900,3353000,7972800,7639100,3571700,2139300,22252300,9849600,7250100,8820900,5004100,2976800,2898300,7545000,3932278,3742100,5897300,2057900,11005700,4989100,2468600,5433200,1653400,21914500
2023-12-12,52696900,24838300,372387000,29032800,18485500,90242000,5827600,2968900,10223000,34566700,1597600,7395300,607600,2946200,19787100,8274200,5324400,2706100,48587500,5882200,7933500,1420200,5354500,5263300,44944300,95328300,2252200,7378400,6313800,3352100,2374400,26084000,9863900,6888800,8871400,3447800,3484900,2375700,5719200,3282628,3039900,6811200,1832000,9931000,3942700,1712900,4197900,6829000,17096700
2023-12-13,70404200,30955500,447792000,30104800,16353300,71654000,6567600,6188500,12379100,60311100,2876500,10144600,600000,3207700,26549100,13922500,10764600,2876600,158100700,8104500,10995000,2776700,6534800,6304700,52766200,146286300,3312300,8182900,7741900,3531700,2436900,19915400,10641300,8570100,10502400,5765800,3054600,3708300,5513400,3250267,4058100,8057900,3406900,13013400,3970200,2244500,5883200,3359600,32473200
2023-12-14,66831600,43277500,391232000,38722400,19607300,66964000,6613200,11315300,13643000,107190000,5376300,19849500,1197400,4548100,41115400,26968400,9240700,5386800,101889800,7869600,10723000,2763900,6611600,9680600,58400800,160829200,4626800,9590500,9764800,4636400,3839200,26165700,14960500,11490400,19567600,4842400,4260100,6464100,7883600,4016628,6401900,11124700,3576000,16809100,6870800,2975000,9543800,2220500,28551600
2023-12-15,128538400,78502300,479948000,50847100,31776900,118544000,13739500,8666500,20309300,83771800,4522300,16905700,2703000,7139200,44099200,21428000,21727800,9030100,138388400,15203000,26393300,4354900,13316300,12388900,110089300,135932800,6328500,13633300,12466000,5680200,8807700,55527000,30850900,30860400,21720600,7429100,9648400,7321200,14995900,7982221,8738200,19196600,3891400,28901500,8742700,3722400,8413600,4241100,51721600
2023-12-18,55751900,21802900,412587000,32258000,18993900,54741000,7498500,5452000,8469600,40694700,2740900,9145500,916300,2814400,20531700,12870800,7231400,3260300,63329400,5379600,12805600,1607300,5142800,6447200,62512800,116416500,2490100,6874800,6146400,3117000,5733400,21610400,11561700,7000500,9356700,2875500,2987700,2691700,6140100,3151913,3883800,7701100,1404400,10755600,4277100,1804900,3805000,1717600,22057200
2023-12-19,40714100,20603700,464444000,25476800,17729400,36020000,4665500,4150700,10345700,44534800,2091800,8114900,756400,3978300,20556400,10781100,6651500,3645600,70094700,5476700,8043100,2569400,4675100,5060900,43171300,106737400,2054200,7697300,5992900,2834600,3437300,18904700,8738100,6379200,7351000,3498900,2873100,3659600,6089500,2755311,3926500,9912600,2078500,11509600,2711900,1776900,2613300,1344600,17642500
2023-12-20,52242800,26316700,397894000,49107200,16369900,34523000,4510500,2587300,10734700,44711400,1836500,10467000,547900,4020700,20481500,11408600,7008300,3847800,56184300,4716400,8441600,1497300,5666200,7257600,50322100,125097000,2398500,9176600,10057400,3711700,3782700,20988900,9370000,7767200,6480200,3671100,3365700,3818400,5151700,3553926,5624500,6961800,1592100,10091200,3428500,2991200,3448200,1578500,18134600
2023-12-21,46482500,17708000,300425000,27488300,15289600,24106000,5160700,3192800,7601700,32325700,1301600,7748000,341100,3496800,11127700,8674300,4598600,2491600,51056600,4036100,5919400,1016600,3555600,7440600,36305700,109594200,2313100,16533300,7097200,3980200,2388400,19250900,7264700,4149300,7470900,3841700,3235100,3209300,6487200,2290275,3778600,7732800,923300,12604200,3072500,1685500,3256400,1534000,15421000
2023-12-22,37149600,17107500,252507000,26532200,11772800,19089000,3110600,1660600,6576300,37265900,1538200,5800800,426600,2782600,10450400,4456900,3798900,1759500,35162300,3373400,6028700,1081500,2565700,3426700,29514100,93370100,1700300,46666200,6361000,3223100,1641700,12927800,6396100,4299400,5115600,1741900,1402200,2833800,4434000,2004972,2332500,9769500,1077300,9799400,1927500,1106400,2361300,838900,13171600
2023-12-26,28919300,12673100,244200000,16780300,9898600,16793000,3218800,1595100,4683600,24845400,837300,2726200,280600,1230000,8856600,3565700,4170000,1390800,30119100,2073400,4727700,639100,2513400,2954800,25067200,86892400,1381500,12846700,3709500,2237700,1774800,16835100,5165600,2893600,5632300,1852100,1542400,2019000,3938600,1973672,2384000,4442600,966100,6791600,2228300,1053100,1215900,619300,11856600
2023-12-27,48087700,14905400,233648000,19628600,13207900,20055000,3387000,1394900,6428600,24498600,1367200,4073200,298000,1825400,12536700,4320000,5288100,1851800,35000700,3747400,5387000,806000,2471800,4041700,31434700,106494400,1892100,10157900,4959300,2806400,1875900,14558800,5337200,3441400,7132900,2568300,1799000,1876500,3484900,2482846,3116400,5440600,823500,6787500,1987600,1860500,2714600,850900,15267600
2023-12-28,34049900,14327000,246587000,16045700,11798800,21247000,2958700,1702600,6320100,21799600,1024700,4089500,311500,1486100,9872600,4352200,4377500,2001000,30472900,2601200,5530400,763400,3206100,3297000,27057000,113619900,1907100,9352900,4518300,2146700,1496900,16329300,8148000,3711400,6995300,2137200,1827500,2267400,5096400,1748210,2254900,4622700,1125200,5981900,1912700,1125400,1953100,814400,14931700
2023-12-29,42672100,18730800,389293000,18733000,14987100,20558000,3706600,1893900,6435100,28060700,881300,4772100,318500,1915000,11733600,6047700,4313700,2080100,30363100,3712000,5889200,804300,3550200,3847600,39823200,100891600,2227800,7667500,6135700,2517400,1947500,17746400,7658600,3643600,8641800,1756600,2023900,2300600,3686600,2394040,2186500,4624800,1104300,6814600,2295300,1584400,2938000,975900,16222700
2024-01-02,82488700,25258600,411254000,23711200,19042200,28831000,4741400,2840200,9977400,36668600,2263100,6132200,660000,2236600,14916000,10111200,9622100,3415700,57948700,8059900,11920100,2310800,5058600,5425800,47339400,104654200,4458400,9326600,8859700,3601500,2657700,23483000,8879700,4688400,12105200,3023000,2500300,2433100,5815200,3323795,4363800,10455600,1414600,10064300,3352200,1566300,2899100,1571900,23810900
2024-01-03,58414500,23083500,320896000,24212100,15451100,34735000,5097100,2478000,9852300,45988700,2265300,7487900,638700,2720500,21653600,10661900,8232000,2891400,43426500,5301400,10721900,2170300,4239600,6182600,49425500,121082600,3114800,10573700,7161700,4662100,2612600,23490800,10255300,4881900,6572400,2794000,3094700,3043400,7219900,4046654,3257200,9957500,1397600,10306300,3687400,1533500,3195000,1536300,26263900
2024-01-04,71983600,20901500,306535000,27137700,12099900,25658000,4489800,2092100,11972500,39834600,1618300,8735600,580200,2777500,15917500,6755000,6766600,2994400,45558200,8332200,11492200,1831300,5296100,5622000,56039800,102629300,4615400,10420600,7118600,3903000,2171100,19395200,8220300,5891500,8268800,2847500,3125200,2995400,5170700,2697062,3173400,6656500,1332100,10568100,2423700,2033000,3613800,1517800,24214600
2024-01-05,62379700,21004600,415039000,22513900,13920700,22475000,3676000,1923200,10066000,49242400,2913900,6027800,471000,2243300,15074800,7243200,5602500,2815400,33612800,5607600,6861500,1817200,4127700,5107600,45153100,92488900,3407300,8044500,7191000,2745300,2233500,15827400,7455400,3984600,9827700,2157100,3126500,2684800,3849700,2846239,2537300,6796100,1100300,7803800,2192100,1884000,2393600,1400100,30276700
2024-01-08,59144500,23134000,642510000,21404000,13890200,33110000,6626000,2830000,11229900,40253900,1902600,6738400,513200,3442100,15119700,6534200,6569800,2648900,32972100,6001600,8193100,2126800,5030400,7867100,46757100,85166600,3097000,9414200,7536900,3563300,2245300,23370100,10038200,6769600,16693600,4244600,3636500,2369100,40730400,4265220,2469500,7625700,1233300,7766600,2453400,1703200,3208700,1142300,28483000
2024-01-09,42841800,20830000,773100000,24759600,13463900,23225000,4571800,1926900,9923600,39268800,1708800,7594100,454700,2055500,13625200,7069300,6357000,2677000,39856900,4454000,8822300,2890000,3802100,7223200,43812600,96705700,2176400,7759500,6348500,3664400,1886200,19496600,11784700,5935600,18420800,3043300,2172600,1974500,20687500,3270108,2639500,5400500,1012400,6921600,2024900,1578800,3109500,1256200,17880100
2024-01-10,46792900,25514200,533796000,21320200,22117200,17643000,5128300,2135700,9670200,34904000,1547300,6929200,510800,2757800,11849800,7990100,4945100,2180000,37413300,6609900,7129100,2026600,4672100,4980800,44421800,91628500,2199700,6784700,5847700,2777400,1801900,18206100,8490400,4445200,17704900,3128700,3619900,2048000,12883700,2516904,2399200,5706500,1003900,8100100,3076700,2088900,2354000,1170600,16354700
2024-01-11,49128400,27850800,596759000,24008700,17205400,25757000,9012600,2331800,11919500,48790600,2209900,9400700,735800,3493300,21049200,8294800,4946000,2814100,46884700,4591500,5754400,1983100,5163900,5099500,49072700,105873600,2047400,9537700,6483600,3215300,1670800,15833400,8612500,4212600,8783200,2134000,3540000,1941400,11830500,2059083,3341800,5860100,1190600,10686000,3063500,2271600,2787500,1110500,31289800
2024-01-12,40477800,21661200,352994000,18785500,19310000,26882000,4847600,1477000,19436500,74344300,2223800,8303100,880500,3366300,30454100,8457700,4496900,6327300,30373500,4971400,6823300,2013100,3884800,5969000,40484200,123043800,1714800,6680900,5641200,2236400,2388400,18041700,9386900,5549800,12732800,3010800,2909900,1955600,11285500,2577381,3474500,5277300,1221800,7796900,2791900,1763400,2380600,849100,18774800
2024-01-16,65603000,27202300,449580000,22670500,15306900,26145000,5858700,2126100,17206400,58420800,3926600,20369000,895200,4142900,25209900,12604100,6923200,3736700,38826000,4747700,6832300,1838900,5876000,5398300,41384600,115355000,2859000,10547900,7493400,3482400,1626700,20235700,9380400,6677500,14966000,3420200,3169400,3140100,35290000,3713924,5331400,9568200,1292900,11633100,3527100,2400000,4001200,1464700,31039400
2024-01-17,47317400,22234100,474394000,20968600,12724800,18314000,4706500,2588300,11107500,48811300,2415100,17198500,617100,2377600,17445600,24688400,5072100,3791300,33312600,4423100,5591400,1966300,4672000,6956000,34953400,103164400,2008200,8226200,6672900,3566300,1786800,18384000,8167000,4864100,12992700,3282300,2437000,3789200,20140100,2663428,3930000,7669600,1466300,11543100,3272700,2629300,3912900,1369100,21377100
2024-01-18,78005800,23392100,491650000,25746400,16354300,32228000,4752400,2793600,9382300,35484400,1771200,15016400,506700,3215200,17901300,11301800,5368500,7367000,50321100,5074300,10524700,1728200,5098000,7203600,37850200,108595400,2221200,8852400,7549500,4160700,1900600,20940300,11187800,6150900,13695800,3378700,2337300,2479300,20046800,2763481,3095800,6594800,1125900,9626500,2453700,2881000,4062900,1232200,17112800
2024-01-19,68903000,29331100,543501000,34271900,21670800,53077000,7413600,3760100,13115700,49493600,2603300,14787400,681500,3388900,25606900,12711200,7071300,6143400,35549300,5863000,7605600,2124000,6843100,4819300,51651600,102260300,4250900,8517200,9565900,3592600,2267900,20088400,11192500,5702200,20328400,2838400,2880300,3116000,14345400,3278066,3097600,7509600,1223100,12762600,2965100,1986400,3559000,2265900,20561700
2024-01-22,60133900,27016900,452955000,32200400,17680500,31222000,6735900,4488000,12837500,43903400,2922700,11626500,760500,3145100,19372200,10041700,6824200,5922900,41663900,4864000,8786200,1818500,5062500,6015700,43687500,117952500,3250200,9897400,9421000,2778700,2452900,19955900,9184600,5740200,18491300,2482900,2307900,2072200,10760800,3808141,2631600,14052800,1113600,12979900,2465500,2185500,2280900,2105400,26039200
2024-01-23,42355600,20525900,294654000,21636100,15506100,16952000,6573800,2723500,8360800,30003400,3313300,8555700,718300,2327600,16422100,5857400,9149800,2672900,33466700,5784700,6501400,1116600,5037300,5060300,37986000,106605900,1874000,8208000,10227100,2806800,2208600,15863400,6767200,3969500,11432900,2367700,2309600,1866300,9076900,2157862,3443000,19434800,955000,16081000,2903000,2108900,3426400,1293900,49713700
2024-01-24,53631300,24867000,560271000,25233500,15698500,34805000,7037800,2999000,9967100,36403900,2235800,12480900,659700,3052500,17776000,5977600,7247900,2918800,42720700,5422200,5859900,1842500,8710800,6035200,48547300,123369900,3209700,7879300,7661400,2845900,1946500,17330600,8100000,5332000,10498000,3527900,2649200,2765900,15119100,3696418,3187600,12872300,1447800,14471400,3869800,3308500,3491500,1594800,27910400
2024-01-25,54822100,21021200,482777000,29149100,15091100,36356000,4178000,3806200,8873500,46204000,2376300,8792400,723800,3472500,17979600,5904400,5478900,14671000,47605500,4465800,6689800,1748100,5648600,5557800,43638600,198076800,3219600,10063700,11991500,2566500,2751900,22089500,9773600,5958700,11845300,2962500,3167700,4647100,22112500,2815045,4070000,10584600,1103500,15702600,2460800,2510500,2590400,1550900,24613200
2024-01-26,44594000,17803300,390309000,26115500,13163700,25818000,4877400,2137800,7443000,30839800,3464700,6384400,687900,13555400,19211100,5108500,5591900,6212200,47073800,4654300,8300300,3172300,5176600,6784400,51047400,107343200,4210500,9735800,9229400,3014800,1825500,20817200,9151900,4156000,9172000,2683800,3389100,2920500,9911200,2042107,2818200,5987400,884900,11650000,3554100,1831100,2333000,1146600,20367200
2024-01-29,47145600,24510200,348733000,27784300,18742400,21526000,5762300,3212200,6971200,30269300,1632300,7440300,622200,4935500,16725200,5546800,6483200,4554100,67082700,4704100,9138200,2445900,6480600,7144700,45270400,125013100,3899700,8860800,12728100,4879000,2215400,18317500,10494800,4705700,10072600,2648500,3099600,2101400,7535400,2330805,5459700,8488700,969400,10102800,3149000,2466000,2553900,1400400,23905700
2024-01-30,55859400,33477600,410735000,36331800,18614700,20683000,4810900,2007400,10822100,60315700,3897900,6569300,936600,4284600,14736800,5641200,7200500,4931200,86072400,3819600,7469500,2301300,4768400,5760100,45207400,109982300,2524200,7542800,17625200,2879500,1610500,19610900,9902900,6206500,47358300,2947200,3664500,2150200,13321200,5990406,16983600,9073500,1098300,7807700,3201200,2428100,2764300,1647600,20044600
2024-01-31,55467800,47871100,453795000,71910000,20180800,27400000,4557300,2666800,11521800,54716000,3421100,8414700,730800,3495000,20394400,8916100,8256800,5358100,81192100,4993900,10779000,3589400,8325200,10357900,50284400,103221400,3476200,11547600,26751800,5804400,1928500,22415300,10428000,5501400,26286300,3281900,8307900,2813000,22409400,5967595,10906800,5560700,1342400,11124900,3678500,2454100,4811300,1782000,23392300
2024-02-01,64885400,30657700,369146000,40466500,29727100,19411000,3218300,1687600,9354800,57084800,2138500,8365000,626600,3028300,27566100,8942600,8012000,4242600,53883000,5584400,11650700,2163900,4520300,4320000,76542400,91843300,3380600,7666700,15001500,3613900,2039200,19240700,8641100,5255200,18539700,2569600,5090500,3196300,10679200,8296065,6774900,13827100,1485600,8687600,2745900,2700800,3984000,1893600,19586500
2024-02-02,102551700,28256700,476578000,62499600,84707600,26689000,3629600,2542800,8607600,40416000,2180900,7728600,509900,3393000,19329000,9803100,8295900,3804500,51718500,7870400,10175600,1327500,7575700,5051900,117218300,110612700,3971600,8966900,11366600,3775800,2377400,21973400,12839100,4610200,19020900,2927300,3702200,4661500,6275300,4581080,4343000,6067800,1666900,14952900,2519400,2914000,4195000,2218600,21548600
2024-02-05,69668800,25352300,680078000,38505400,40832400,22045000,5274800,2131200,7820200,43573000,2231100,7788700,501100,3099300,14202700,6953800,9121600,3646300,42633400,6486700,8027700,1473700,5670000,4083400,55081300,134294400,7581900,10097900,7335800,4697400,2276900,17190900,8277800,4520400,18305800,2957200,2899800,6557500,8682500,4914764,4536700,6764600,2164000,14293600,3142600,2489100,3591800,3487800,20466200
2024-02-06,43490800,18382600,683111000,29128200,21655200,25354000,4207200,3436200,6764800,27188000,1487800,7335500,666300,3255300,13926600,6171000,9229900,2745400,56958700,7037400,6153000,1328100,4734600,4667100,42505500,122676000,5927200,11368600,11531500,2873200,1920200,13347900,6198200,4777100,12807900,3506400,3323300,2825700,7556900,3969732,7566800,4718000,1740600,10305400,2171800,1777000,3764300,3227000,17517600
2024-02-07,53439000,22340500,495575000,25208900,23066000,25768000,3621400,2313800,7225500,29660100,1963200,4952200,700600,3272100,15839600,6990500,8690300,4109100,36843000,6409100,6742800,1451400,4757500,4740100,47174100,111535200,3954700,9447800,9078000,3979600,2145500,13826800,6252000,6100700,11848000,2986400,2607800,3203000,7747700,3214618,3985200,4625200,1671500,7761300,2470800,2254800,3907500,1985600,21815600
2024-02-08,40962000,21225300,414422000,22563800,18815100,29326000,4488400,1815700,6060300,36852200,1913700,6218200,545500,4136600,10839200,5689100,9755000,3343000,29048400,5709100,6308300,1549300,6980500,5938100,42316500,83034000,4605000,6330400,9888100,2946900,1918500,19636900,9237000,7715500,12157800,3159600,4018700,1986100,5787700,2669688,3316400,6197500,1142000,8143000,5581100,2001100,3261000,1488900,19523500
2024-02-09,45155200,22032800,436637000,26829500,18413100,26293000,4376300,2091400,6296700,36176000,2028200,5664500,536600,4785100,16594000,7562800,6529200,2715400,29062700,3502700,7891200,1280800,5947500,8843400,56986000,84476300,3323000,5449000,9385600,2792400,1426100,20410500,9194500,5974000,8258300,2607400,2889100,2823000,4349700,3911164,2825900,5948100,1426300,8003500,4642800,1903900,2870400,1351500,18479400
2024-02-12,41781900,21202900,613710000,21564100,19382000,24778000,3750000,2317200,8539300,34160400,2797200,7888000,499300,4041400,14101900,6692400,6701500,3194000,30323700,3477100,5257400,1073000,4232100,5892300,51050400,95498600,2392300,7501900,9224400,3492600,1572600,18173100,6713000,5802000,13460800,3786900,3753800,2483600,4077400,3000402,3253700,5483500,1698100,9622000,3925900,1589700,2523800,1272100,15060500
2024-02-13,56529500,27824900,602580000,27837700,20916600,31907000,4956600,2985200,8397600,43801500,3030800,11339400,637400,3381700,13660100,8998800,8621000,3436000,37927500,5480400,7273400,1268000,4263400,7579400,56345100,86759500,2756100,6180500,8138500,3061800,1951100,18917400,6987100,6321100,11578800,3933600,3226300,2923200,8263600,4702458,3706000,6039600,1765200,12759700,3428000,3512500,4759100,1313300,14483600
2024-02-14,54630500,20401200,504917000,22704200,16858400,27306000,3850700,1615100,7056700,27833900,2041300,5973700,420900,2770800,12683400,6324900,9098800,1918500,25270200,4348500,6622400,1297000,3991100,4934500,42815500,81203000,2139300,5743300,5510600,2986400,1472500,17651300,5995100,7248400,9389200,2568000,3086700,1887100,6503000,2244227,3831400,6677900,2409000,8831300,3062300,1818100,4294100,1345200,12443200
2024-02-15,65434500,21825500,420122000,37590700,24212300,21873000,3986500,3677400,8723400,41683100,2218900,7993500,508200,2644500,46473600,8268300,7462500,2292100,36111600,5276200,5756700,1519000,5450700,4867900,49855200,120831800,2401400,7201300,8878000,2807600,1264100,23196300,8950300,9421900,9901900,3082400,2810900,2362900,5309100,2118074,3855400,5267200,4933800,9880000,2951900,2411900,3409200,1721600,12081400
2024-02-16,49752500,22296500,495327000,31468900,23324600,21268000,4159400,10328400,8152600,33290700,2376800,9673900,393700,2831300,24359700,6057200,8541000,2135500,35935300,6689900,6266800,1028200,7161100,10848600,48107700,111346700,2837500,14590100,5737500,4319900,1764900,20151400,7570200,6967800,6365400,4150900,2690100,2513200,5986500,2473191,5442400,4949800,2274300,9943500,4120800,2127500,3421200,1460800,12645500
2024-02-20,53665600,24307900,704833000,25144700,18015500,26329000,4295500,6567600,9668000,30372900,2358900,6626400,582200,3341700,19839100,5357500,9501700,2600200,34232000,5484100,6952800,989300,9601100,11771400,41980300,104545800,2264000,8759500,8844500,3474400,2407300,17650000,6977900,6458300,10236400,3674600,3483200,2701600,5248400,2929527,4254900,6023700,1973600,13014600,2590700,2241000,2995200,1869200,12069500
2024-02-21,41371400,18518900,673755000,23223300,12921800,20579000,3797200,4486600,7024000,37847100,1772500,6444000,419100,2599400,18562500,5184900,7472500,2095900,27348300,3818500,4849200,786500,6144600,6877000,44420100,103500300,2076400,8888100,8284600,2306900,1564200,20991300,6628900,6925500,9693000,3111600,2403100,1779700,4171600,2089640,3017100,13186100,1364300,9322100,2781500,1863200,2436400,1230900,16268200
2024-02-22,52292200,27009900,865100000,27191900,21625800,40819000,5264300,5023400,9296500,42756900,2326800,6782100,549600,3027800,20467900,6084300,8065000,3186800,31957500,4852300,6517400,1139600,4916100,9824900,55392400,92739500,3146600,6705500,8124700,2503800,1801600,20470700,8874900,5104900,8047900,4753400,2633700,1875800,6513500,3856735,3027500,7600000,2197900,10426000,4131500,2149700,2946900,1386900,22068900
2024-02-23,45119700,16295900,829388000,19493800,18374300,23115000,4416800,4546500,7105800,30586000,2247400,5810100,492500,2617000,20863500,4196900,6726000,2502000,33182600,3941800,5177400,970000,4261300,4707700,59715200,78841900,2199000,6947300,6845200,3503600,1265800,15975900,6561600,5206200,7420700,6200500,2189700,1575000,7433400,2599662,2414200,5810000,1704300,10563900,2494500,1458600,2131800,1164900,15228600
2024-02-26,40867400,16193500,503973000,53641800,12101400,16282000,8719300,4251200,7145400,31129200,1797800,5608100,577800,2684500,18099900,5377300,5465400,2308900,45685500,4327400,5158400,758600,3483100,5974100,44368600,111747100,2595300,5831500,7043800,3856900,1707000,13360800,6900800,5751200,5793800,4035300,2584700,1650000,4807200,2152345,3052900,5293500,1592500,12753800,3797700,3310700,2000500,1286000,25108400
2024-02-27,54318900,14835800,391705000,33099200,10809600,12126000,6178800,3247600,5717100,40536300,1724900,8066700,555900,2428100,19548200,5484200,5078600,3780600,38598400,3888500,4780200,901000,3203300,4546200,31141700,108645400,2811200,5317400,5356100,2851700,1471300,16360000,15093800,5060000,8009200,4337100,2106200,1640900,3932900,2601360,2382200,4853900,1559700,12421800,2962200,4672100,2976900,1086300,17074100
2024-02-28,48953900,13183100,393110000,37328600,12715500,10967000,12490800,2313200,6131600,39548600,2572900,5624100,513000,2599200,20045200,5126700,6071100,9558600,31010200,4331300,5697200,1021400,3383800,4755300,28180500,99806200,2507300,4219800,5622400,2298300,1365000,14810500,6715900,4578900,6991600,3162400,2594700,1471000,9654700,2826610,2258700,5626100,1675600,13240400,3255400,4059100,2478800,1562400,12437000
2024-02-29,136682600,31947300,507289000,42133000,17732000,27536000,21737800,3844400,9643000,43863400,3139100,7657100,758800,5186500,28335600,8522900,9849100,6833200,54643200,7485700,11246100,1794200,6135200,8893100,53805400,85907000,3601700,10811600,11221100,4447800,3361200,17566100,9334400,6624000,12542800,4341300,3370200,2699800,6670300,3646975,3338600,5874800,2491200,19993600,5245500,4676900,5131300,3684200,20486500
2024-03-01,73563100,17823400,479135000,31151100,16273600,44488000,9450200,2968100,6311800,38432300,1697700,5523700,431300,2342800,17761000,7875300,5670100,7315000,46392100,4028700,6023400,1466000,3899400,4266600,31981200,82243100,3028900,7349300,7995400,4285500,1678100,18460100,7459100,5094300,8507700,2998400,2063600,1815500,11609500,2955309,2936200,13566500,1967100,15398200,3367600,3473500,2786500,1656100,12130900
2024-03-04,81510100,17596000,615616000,55999400,12324100,34854000,9350000,2556400,7063600,49136400,1955100,19876000,858900,2625300,19483500,5805100,8532900,5239800,86777700,4723600,12706200,1547700,3164000,5553000,37381500,134334900,2832000,11050900,7321000,9096100,2133400,18138000,12503200,5877200,7684100,5192400,3479200,1551000,7213900,2279983,4562200,6926100,1335000,11674600,3724600,2851800,3316200,2291800,18753900
2024-03-05,95132400,26919200,520639000,40194800,15325300,36040000,9015300,4286800,6617800,47591600,2697800,13883600,497600,2672300,21786100,6170200,8298200,5296200,73646100,5309800,8277800,1973300,3502300,5073700,37228300,119660800,2969600,8670600,7137300,22986800,2353400,19952700,6985500,6247000,6684300,4264900,2886800,2030000,5034700,2686664,3614400,6747600,1710000,16026100,3679300,2469900,2328800,4102900,20640100
2024-03-06,68587700,22344100,582520000,35318600,11757900,43196000,8270000,3209800,7572900,49149700,2692400,25614600,538000,2727900,25418600,6624700,5773700,5577500,84919500,6047100,8251400,1886800,3388700,6048400,32090900,107920900,2348000,10045300,4826900,8955200,2400600,20472800,14692100,4888700,7861000,3762700,3210200,1542300,4736600,2878917,3471200,5563800,1068700,11074900,4229900,1865400,2245500,2599800,16331100
2024-03-07,71765100,18718500,608119000,37738200,18586400,62832000,6788900,2660500,7618300,35900700,2033100,9145700,384700,2974100,18116300,5326200,5188700,5102000,46423800,6125200,8982200,1819500,4200800,6177600,34063300,102129000,2237700,8133900,8792400,3644700,4187900,15195400,8739300,5097300,8501400,3482100,2947200,1732500,5965300,2596798,3514800,6778500,1844600,10227300,2610600,2085800,2080400,2514000,17100600
2024-03-08,76267000,18002200,1142269000,39370400,18597100,74025000,4851600,2833200,6172200,42769900,1657200,9689300,396200,2242800,17872500,9029600,5284000,4673600,45906600,6195600,9822700,1600300,3357400,6561200,37893200,85544600,2482300,9043500,7673300,3362600,8590200,16281500,7528400,5227600,7026500,3141400,2398500,2307400,9010200,2269903,3448900,5727600,1064700,12735600,2266700,2156000,2942200,2469200,17807900
2024-03-11,60139500,16120800,678364000,32437800,20428300,31105000,4895500,2857800,5762600,34131500,1654200,4737200,428600,2808200,16622000,8456500,4620800,4410100,52600100,5134800,7769300,1380400,3886000,5539000,28484800,85391500,2893300,8537400,6702300,3142400,3762500,17577300,7577100,5899300,10392700,3784200,3230900,1868000,14160600,2592235,3266000,7273200,855700,9681500,1966900,2006300,2068900,4251500,12344600
2024-03-12,59825400,22457000,668075000,27563400,15448200,42789000,4832000,3469200,5708400,29260400,1703900,5110900,438600,2067700,23622800,9497900,8018700,4153800,48758200,5391100,11621800,1146300,3079700,4562200,36610600,87391700,2233100,7040900,9444900,2292100,3727400,14957200,6432900,5653000,6986100,4069300,2367700,1645900,18714800,3118067,3879500,9439800,1140800,9634400,2878100,1746100,1729200,3259400,12452700
2024-03-13,52488700,17115900,635713000,23347200,12090700,37838000,5548800,3466000,7795500,38289600,2370600,10345800,510800,2693100,17444900,8202500,6260000,3669000,39273000,5987900,9186000,1035200,3421700,5908200,30772600,106524500,5441300,7326400,8254500,5546300,2270300,17122200,8065600,7685400,8861000,2941800,4028600,1818800,10196100,2692394,4244800,8664500,1250700,17495300,3519200,1690400,3061400,3240000,13751800
2024-03-14,72913500,34157300,602318000,42753400,12620000,38029000,4828800,5908100,10310900,40178100,3029500,9235300,859000,2417900,24851100,11673800,6988300,3378500,36428000,6999400,10132500,1758000,4952200,7836100,43705800,126325700,4659300,8350900,8544800,3365900,1826100,22121000,9047200,7800800,9387200,2970100,3637300,2110200,10016200,4072118,4101600,12161400,1436300,16996100,3540900,2010400,3076000,3551300,17475400
2024-03-15,121752700,45079900,642086000,49475400,29153600,88823000,11885100,19580800,17214200,69646400,3763900,20363000,1576700,5267900,40782800,11825900,13165500,5713500,75727900,20957800,46477400,1920100,22415700,17082100,72147400,97146800,5071700,15208500,18136300,5074900,3390700,38264400,20387200,17549000,16719700,16696600,11726000,4406000,10800700,6695016,8821700,35743600,3448500,32424500,6197000,3346800,6698800,33347400,54893900
2024-03-18,75604200,20106000,668976000,69273700,11755300,25737000,5240500,7052700,9013800,50617900,2069000,5960000,634800,1893000,16376500,6567400,6602300,2970500,36226500,8569000,8311900,1554400,12991000,4783800,31250700,108214400,3319400,7207000,7413900,3189600,1595200,16770500,7242700,4827900,5667300,2269800,3470600,2528200,9497800,2633084,5181600,7075400,1145200,17073700,2736700,1833500,2274300,3026400,16200800
2024-03-19,55215200,19837900,672171000,24070400,10903100,24491000,3329900,7081800,8478700,46113800,1858200,8546400,593900,1817600,14504800,7979200,7840600,2511700,29026600,7625600,11696600,1053600,8299200,4903000,26880900,77271400,4055400,6168900,5676500,2290500,1322700,14878800,7736700,4457800,7467600,3304100,2877200,2207600,7648000,4800813,4210000,7998800,1490600,11433900,2492600,1463500,2641200,1883100,15226900
2024-03-20,53423100,17860100,479063000,21311500,11711100,40946000,4946600,4239600,9367000,40519000,2157400,10811700,451400,2249700,22841600,6836100,5982300,3548200,34468000,7326600,9793200,728700,8317300,4191700,29947200,83846700,2867300,7771700,5804400,2969700,1398700,16119700,8449100,3597000,6819300,3139300,2388900,2563900,12770000,2879978,2862300,7854200,1763400,14564500,2682200,2154800,2565700,2146400,15198800
2024-03-21,106181300,21296200,480372000,24755600,9712500,72468000,6083900,5206600,11203800,43219500,4613800,13659900,643300,3523700,18141700,10466900,5915800,3693400,29633700,5743600,8156300,1230500,9722700,6233800,32824300,73178000,3653300,17176000,6287300,2624300,2106900,14878000,7899100,4925600,6457200,2675100,2488000,2616300,7436400,2983320,4036400,6477500,1411800,18090300,2744900,2658000,3020100,2723800,21868300
2024-03-22,71160100,17648500,586719000,29211800,8120600,38624000,3779000,5413600,8108800,29001100,2190300,5909300,615100,2284700,13736600,7231300,7248600,2847300,28830100,4084400,7022500,1061200,5387700,5181300,27995400,75580600,2556100,41837400,6495000,2443600,1794100,14701900,5974700,4976100,9009500,3152700,2078500,2052000,7827000,2187039,3939400,6802000,1514600,10046300,2308600,2581900,2738500,1687400,17816400
2024-03-25,54288300,18060500,552136000,19229300,8380600,21237000,4141200,4277000,8620000,30480200,1683900,3670400,378100,2119500,15028200,6578600,7498100,2786100,31110600,4366400,7605800,1226800,6622400,5481300,29815500,74228600,2985500,14548800,6903000,4262600,1604700,14011700,6058700,7054400,7975300,3245900,2306200,1774800,12953000,2080939,3807700,5229300,1106300,11423500,2016000,2144800,2472700,1391000,14587200
2024-03-26,57388400,16725600,513648000,22149100,11205400,23522000,3893900,2813300,5961500,33673400,1407000,4211900,374000,2106400,11445900,5659100,6864100,3113300,38220300,4392400,8864400,1784900,7770600,4806700,29659000,113186200,2572100,10816900,6216100,3512900,1353500,13152300,6677900,5203400,5912600,2957000,2351200,1637200,8972200,2861623,18208800,5474300,1053200,13829600,2823100,1823400,3567300,1265300,17854100
2024-03-27,60273300,16705000,586067000,22879200,9989700,25583000,3859900,4228400,8725800,36350200,2353600,6394500,466500,2153100,13762800,7358000,8461600,2653100,34247600,5073500,16061600,1525800,7533400,8220100,33272600,81804000,2605000,11095700,5863700,4747100,1246700,12415700,7416900,3847800,6995700,2197300,2211300,2262800,7372800,2928466,7078800,7267800,1543800,13409000,3166200,2494200,3202100,1590600,19260100
2024-03-28,65672700,21871200,435212000,24485400,15212800,19856000,4892300,3897000,8628300,42262500,2409700,6707700,532100,2295800,14619000,6865000,6181500,3820000,40466700,5418700,10189700,1081400,5278000,7579500,38051600,77654800,3453900,11331700,6784300,3716200,1713300,18482100,8331600,4657800,8032400,3310500,3177300,2028600,4471700,3813340,5197000,10701000,1426700,12830800,2637600,2170500,3676100,1784900,19771400
2024-04-01,46240500,16316000,452441000,31730800,9247000,17252000,2918100,2056000,7309000,33908000,1863900,3416000,395900,1616700,11039500,4070800,4364700,2928700,26596600,3502100,5377600,837600,3964000,4727300,29174500,81562100,2408800,10360000,4990200,3917400,1600700,13817000,6285700,3036000,4871500,2800600,2214100,1953800,5107800,2357436,5421900,9504500,1319500,13175200,1859700,2195800,1762900,1027300,15031600
2024-04-02,49329500,17912000,433064000,24586000,11081000,24694000,4746100,3083300,7014700,34806800,1976000,5245400,530700,1984500,14632900,5373600,6102300,11867000,32451500,4523800,6584200,1381300,4560700,6007200,32611500,116650600,2907700,11107300,8276800,3022100,2326700,19919600,8815400,4969700,18540100,3598800,2999400,1968900,4477200,2774621,4935000,6759600,1164500,9905300,2305600,2321300,3187400,1451100,17260800
2024-04-03,47691700,16502300,370067000,24705000,12099200,28650000,3047400,2604400,9353400,33338500,1549200,4821100,369600,2070100,13226500,5295900,8098200,4460400,36828600,5893000,7741400,1151500,4409900,5887400,31046600,82950100,2748000,8876600,6316400,3033900,3205500,16504300,7819700,3707300,13255900,3485800,3210500,2623700,6609300,2648256,4314200,15885400,1077300,10551400,2278100,2270400,3585000,1449200,18211800
2024-04-04,53704400,19370900,434965000,34724700,26476300,27014000,8351000,3403300,9243800,42888200,1704700,5466100,1189400,3035300,12361900,7855300,6947400,5182000,41922700,10539000,6753200,1231900,4799700,6797100,41624300,123162000,4095100,12110300,8057600,3614400,2252400,18467400,9269700,3908400,12040800,3354300,2781100,2492200,6513800,3622997,3689100,13373200,1218600,10690100,2694700,2265400,4335800,2258500,16461400
2024-04-05,42104800,16554800,399678000,23459200,19263300,19438000,4918200,4972700,6532300,30823500,1694900,4654800,687300,1827900,11081000,4255200,6783000,5747400,39880500,7030100,5692900,1181300,5591200,4935800,42374000,143157600,6816000,9716700,7161400,2334000,1552900,21720600,7432800,3595500,10016100,3458800,2182800,2068300,4130400,2347781,3374000,10216500,994400,10278100,2525200,2538800,5099600,1575900,14338700
2024-04-08,37425500,14272400,283220000,20702000,13260600,17139000,3142900,3439200,8001000,29470300,1181900,4601900,760200,1401200,15308800,5846000,5935400,4532300,24431400,4745000,6282500,998900,5810500,8725300,39221300,104423300,3753200,8452500,6322900,2122900,1459000,17513900,7253200,4481900,8975900,3837600,2624200,2690000,6176400,2530167,3196400,9901300,1269800,8054900,2348500,2296800,2821600,1744300,14457800
2024-04-09,42373800,12496900,501700000,31079500,10863800,17986000,2997700,2547500,7351500,30967300,1247200,4951600,802100,3503000,10643800,5024000,6135300,3521200,45127800,5933200,4696600,1026300,4235700,5679600,36520100,102951700,3934900,7191900,6240700,1846600,1386400,14132300,6576200,3756000,6685700,2807400,2358100,2042700,11427800,2166562,2664300,9652900,1114500,9188000,2460300,1962900,2965800,1472300,17224100
2024-04-10,49709300,16216600,431929000,22838600,11418500,17467000,3036400,2487900,7681400,37610700,1903300,5994200,654400,3115000,16475200,7750200,6809500,4493500,44541600,3231700,5787700,1282800,3965500,6509400,35879200,84532400,3817500,7932900,7413900,2148700,1832000,17409200,7525800,4402400,8179200,3397400,1802400,2148500,9727700,3084645,4024400,5532900,1407700,10783400,2475500,4136500,4753000,1838200,17900400
2024-04-11,91070300,17966400,431637000,27166400,10369500,31713000,3468600,2978500,10137700,38604000,2176200,24631800,812000,3139000,18995600,5891800,8374400,5844100,32814500,3307000,6187200,1295500,4321500,5241200,40020700,94516000,2519200,15330200,6841600,2247900,2107800,17555900,7682500,4328800,7522300,3430200,1997100,2535700,7625100,3210904,2232500,6786100,1472900,12145600,2116100,3688600,4098100,1681800,14782200
2024-04-12,101670900,19253800,426805000,25353700,11984500,27823000,3820000,5621900,31532300,47126100,2815800,12789800,1453600,2441200,27876700,8615000,7100200,6045700,43034100,7029400,7370000,1201600,4041500,6562700,38608800,64722700,2708400,10905900,8594800,3551700,1481800,21556200,11071000,4955300,13006300,2656100,2002400,2072900,7568300,3712970,4123900,7327300,1886000,9039500,2279800,3839000,3735300,1976700,21555000
2024-04-15,73531800,20273500,443077000,27136500,13512900,24370000,18365100,3353200,14766600,44392000,6177000,9553900,935200,3459000,19407500,14417600,8502300,5376800,35660200,5433700,6241000,1031700,4595600,7500200,48052400,100245300,3686700,11597300,9676900,5075400,1808000,15029500,7236900,4219300,9480000,2979200,1589900,2171000,6490700,3373874,3271000,9636600,1353300,11147100,2623100,2562800,3993800,1712000,16442800
2024-04-16,73711200,16765600,370453000,20779500,9847900,18923000,7624300,2660100,16451800,95566100,3459700,18291600,662900,4176700,25620000,12021600,12774900,11816500,28885300,4881300,5587300,1010300,7283900,7674500,32891300,97000000,2912900,10388200,8866800,3450600,1412300,18082200,5541900,3878600,10349000,3483700,1864200,2513900,7986700,2972816,4197100,7088600,1865400,11594100,2655500,3848700,5666400,1577300,14016800
2024-04-17,50901200,15855500,495400000,21763100,12193700,24718000,4199400,2034800,9017100,65951400,4373800,9544600,585800,2256800,18867700,9852800,9378100,8759800,43828900,4792200,6122800,1610100,12002900,5640100,31359700,82439700,3383100,10181200,6870100,3700200,1376700,14538600,6733900,3869700,7821600,2642900,1946700,2313800,8162600,2572182,4165700,5377600,1442200,15653700,1768000,2732800,11034000,1216800,21009200
2024-04-18,43122900,21029900,447260000,19883000,14808700,24888000,5918200,2389700,9557700,44506200,2776300,6752000,614900,3901500,24468500,8208300,9887700,8880400,35788400,4480100,5992700,2075800,7306400,6065600,30723800,96098800,3402700,10062900,11403300,3169500,1846400,13821400,4979200,3588200,8422100,2035800,2347100,2380700,5123000,2273829,3430600,4238600,1562900,10135000,2639200,2276200,6310200,1070300,20173700
2024-04-19,68149400,30565800,875198000,32615600,25215400,44797000,4913600,3282100,13402300,56273700,2805500,8143000,867800,7573700,34334300,8489400,9750800,6618600,38372800,5532400,8404300,1738400,10533600,6756900,56000700,87074500,3017100,11241900,11900000,3377100,2190400,21572400,7734700,3984800,16841600,2489300,2760800,2929600,4693900,3787770,5118500,10328800,1125200,13419400,4212800,2867400,6932200,1831200,24706500
2024-04-22,48116400,20286900,596341000,26446200,17271100,25162000,6747200,2604300,11529700,43867100,4165600,7294400,617200,5151300,21753400,8847500,10118700,4697700,35678700,5580700,7805800,1522800,4948300,4962600,37924900,107097600,3129300,8642000,8669000,2155500,1437100,16340700,6779200,4194900,10880000,2576800,1625500,2085400,4724900,2511281,4578500,7594100,1005500,14747200,2933000,2603800,3673000,1345900,51243200
2024-04-23,49537800,15734500,438559000,21151600,15079200,22025000,6285200,2205800,9144400,39180300,2662300,6393900,461000,4684500,21731200,9244400,10110400,3646700,24297800,4084100,7744000,2544000,3849600,5296200,37046500,124545100,3275700,6582700,5670500,1890300,1176200,13929800,5597600,3773600,11136300,2055300,1756400,1810700,7632100,2713295,6371100,8568200,1278300,14349200,2148800,2659000,4232300,1509900,25972800
2024-04-24,48251800,15065300,512208000,22779100,37772700,20108000,3938800,2338000,6964900,28670600,1575900,5100900,751200,4429200,19731600,6038800,9756300,3724400,24547800,4074700,7128300,2034900,5052700,5028900,34185100,181178000,4071600,6493200,7183900,2631400,1206600,12101200,7610300,3846600,10180400,1968200,1945000,3032700,20889300,3796576,5284700,7722100,986600,12149600,2652700,3029300,4819700,1969100,15946600
2024-04-25,50558300,40586500,424641000,57109700,82890700,30410000,4811900,2250900,9802300,41116000,1970100,6770600,510100,3329000,24002500,6375400,7642700,4329700,47661400,5503700,12750100,1184000,3112300,5624100,49249400,126427500,4179800,5317900,7284600,3141700,1613600,16041000,9702600,3666400,7966900,3444400,2617500,6459600,12504700,4131852,3553300,6186100,1316900,11418500,2540700,1862300,3798800,1442700,16837700
2024-04-26,44838400,29694700,551011000,64665300,32691400,24100000,3754600,2460300,6413700,28668700,2322700,4606100,447900,2993300,18785900,5560700,6183000,2727000,46526500,10721700,7758200,1438200,3575600,5024900,43919800,109815700,3636500,6115700,7185300,2085500,1524400,27289500,9736400,4823100,8250900,1841100,4206700,3324600,7208100,3226819,2607600,4428300,998300,9982800,1994800,1701400,4037600,1583800,18246200
2024-04-29,68169400,19582100,388971000,45610000,21502600,13372000,3576400,2954700,5387800,26438800,2453000,4416100,483700,3696300,15338400,5743200,6149600,2192100,39995300,6219000,6788000,953800,3305100,6029700,54063900,243869700,3148900,5030700,8522800,2698500,1526900,17309900,6364000,3609400,8941700,2786500,2822000,2171400,7788600,2751810,2654700,4469700,847100,9795800,2043500,2104800,2840500,1260300,19438600
2024-04-30,65934800,28781400,363709000,33562900,18429500,22113000,5218000,3222600,8153700,30283800,1829900,5860000,418600,3564300,18007700,6725700,8817700,3367500,38017700,5484800,6945000,1515100,5074000,6487200,94639800,127031800,6894400,6493300,14538400,3534400,1734800,21083300,8457300,6296800,14143700,3554500,3763900,4201700,8248800,3318702,2402900,5421800,1016600,10042600,2565900,3710600,5607900,2172700,20222200
2024-05-01,50383100,23562500,559863000,33493200,20344900,30958000,3761000,2490200,7445300,32272000,2310100,4713600,614800,4176000,16365400,7015000,14470900,2729200,97388900,5176400,5895700,1171900,4096800,5366100,94645100,92829700,4843200,9783100,66610700,4378000,1609100,27777700,7713700,5423500,11217900,3408100,2537100,3520600,6191900,5394761,2842200,9982500,2017800,13991100,4860700,3877100,5526200,1824100,17754000
2024-05-02,94214900,17709400,377898000,24294500,15221300,29480000,3859900,2516400,6501700,34860300,2087500,4449200,632500,2734900,15329500,5591300,8459800,3561400,69649000,5904300,7422500,1357400,3708500,6338700,54303500,89148000,3084000,7333300,23883400,3880000,1826900,25513600,8597100,7685900,8933600,4181400,2310300,2492000,10223700,3627241,2038800,6084400,1790100,10815900,2808100,3278100,5836200,5267300,17394900
2024-05-03,163224100,17446700,398341000,34662400,16489100,24898000,4041600,2833200,8922800,34082700,2406300,5043500,558300,3203100,17298500,5414700,6532700,2487600,60568900,5849900,6221900,1749700,3610300,4987200,39172000,75491500,2642100,5736700,22153800,3802200,2323300,28023300,11664500,5020700,11007400,5660800,1806100,1977100,5416300,2388735,2039300,13324700,1627000,12687500,4338300,3130300,3517600,2657400,13195600
2024-05-06,78569700,16996600,376203000,21871300,15094600,16287000,3744800,2104000,7911100,28422300,1914300,5105100,450100,2259600,16240100,4857600,5042800,2029500,59899700,5834600,6552000,1140700,3789500,3676100,34725300,84390300,2481300,6696300,18632200,3314500,1773300,31401300,8430300,4848600,9857700,3690900,2239100,1653900,11913400,2395314,2073600,3408700,1042800,14042100,3081700,2297900,4259700,1533500,13348800
2024-05-07,77305800,20018200,437342000,28039700,13406800,12413000,3507700,2518300,7688800,29119500,2058200,7418000,777400,2084300,16268200,7336800,7333500,3752100,65606400,5301700,6682300,1890700,6556400,4939700,34048900,75045900,3160000,7113500,21901300,3492500,1897800,30122000,6869900,5902000,8587000,3263600,2212400,1965600,5097500,2177384,3403500,6933000,942000,13621100,5229900,2594800,4088000,1556400,11935200
2024-05-08,45057100,11792300,325721000,19569100,11683900,13918000,3283300,2165000,9227600,32803300,2006700,4662600,665700,2501900,18718400,5190100,7735100,3078900,39087800,5906700,6659100,1598100,6234700,4175600,26136400,79969500,3259800,5372900,24482600,2678300,1511900,18957200,6706400,4200200,6453400,2805300,2919000,2260300,4956800,1897386,2799600,5177600,640300,9915000,3497900,2014400,2947700,1344800,10438000
2024-05-09,48983000,14689700,378013000,15346700,9437700,12170000,4709700,2301600,7977300,26855400,2710200,6766700,654800,3166300,14224300,6091500,6546200,2342900,47831100,3570000,9216700,1513300,5902000,5545600,43368400,65950300,3140000,6429800,18591500,2538000,1716200,17564000,6683300,5430500,6367600,3663100,2187000,3208900,5107400,2856212,2510600,7211300,995100,16627900,2996200,2588000,4208800,1740100,12881000
2024-05-10,50759500,13402300,335325000,29799900,10750000,16300000,2912300,2741100,7529800,27359100,1823900,6118400,607100,2590800,14428200,5103000,5710600,2784600,25849800,3509500,5722600,1328800,7349600,4217700,34141800,72627200,4983500,10548400,15761900,2414100,1652700,13648100,5490900,4515900,9206600,2821100,1808800,2210600,3715500,2459822,2504500,5626100,1426800,12046700,2778700,3158100,2872800,1234500,16888500
2024-05-13,72044800,15440200,289680000,31327600,14668800,18507000,2998700,2458200,7049200,24060600,1579600,5379000,416800,2768800,15203500,5488100,5628500,2454500,39609800,3505900,7109700,944600,5459200,4950800,24898600,67018900,3840700,8792100,10953600,2629000,1596800,15060600,6848300,6421200,6555800,3006000,1748000,2051200,3105200,3719123,4185600,6045500,1402800,7685500,2185300,1842700,3043100,1269800,21365700
2024-05-14,52393600,15109300,296507000,25127100,10478600,19420000,3056800,4287800,8596200,27594800,2412900,6216600,492200,2387300,14499600,9566100,8254200,2949700,23530900,4025000,6154300,1040900,7035100,4053700,38698200,86407400,3143200,7811000,10961100,2707900,1327700,15079100,4924000,6144700,8404900,2342300,1836000,1563400,4686500,2523482,3597300,3726200,1765800,8176600,2168200,2008300,3727300,1288100,17664400
2024-05-15,70400000,22239500,417735000,26948400,13100500,32757000,5828500,3491600,8370000,34084400,2217700,6938500,667300,2013400,17489600,6601300,5548000,2981200,38376300,5261300,7237100,1188700,5443200,6227200,75459900,79663000,2982500,15614400,8826500,2563700,1661700,18244300,7603100,6138600,6939700,2561400,1870400,1913900,5858900,2839024,2695900,5688300,1861200,12470600,2636100,2815200,4347500,1745200,14926000
2024-05-16,52845200,17530100,323952000,27867900,16608200,28395000,3559200,2562900,8497900,32554200,2070300,4339300,486300,2605900,21104100,7992900,7591000,3655800,40077800,4642000,5518100,1409400,8708300,5506800,38834500,59812200,2339900,12711700,10758500,5232900,2000000,15745200,6409400,5002900,7625100,2615400,1630500,2821700,6993200,2723375,2298700,8723800,3623800,10414200,4143300,2616900,4232400,1839700,12913200
2024-05-17,41282900,15352200,359691000,24479300,10807300,18174000,3478900,2260900,9260500,25537300,1655900,4690800,394400,1848700,15795800,6467200,6521800,2657200,26106400,5152200,8281600,1398400,7004600,8236300,33175700,77445800,2454500,12019600,14436500,4005500,1309100,15104500,5497900,4450300,5534400,2340100,1886300,2104300,5562400,2405499,1956700,8500900,1612100,9490300,3694000,2157300,3260600,1150700,14670400
2024-05-20,44361300,16272100,318764000,22554400,11745100,27170000,2799300,1881100,17373300,28369800,2591500,5690200,366300,1983200,15029000,5559400,7742300,2476200,22423300,3058700,4860400,805700,7165900,5513000,30511800,61727400,2651100,9701500,11183800,4429200,1347100,11551300,4913800,2814700,6877400,1933600,1969300,2247900,6228600,2130806,1812700,4412800,1158500,7179700,2088800,1733500,3941400,1499200,8665000
2024-05-21,42309400,21453300,328946000,16989400,11742200,15333000,3492100,1915800,14420800,31799200,2762600,8337100,461800,1825800,18422100,6067500,5492400,2521900,28119900,3645200,6254700,1133200,4391600,4131600,50839100,115266500,2362600,7809700,8916600,6291000,1375700,14495000,4783300,2756700,6926500,2211000,1804300,1841100,4349100,1849111,2750200,4754800,1370900,6420100,2753600,1527300,2524900,1228300,18327000
2024-05-22,34648500,18073700,548648000,17880000,10078600,21002000,3309200,1875800,9425300,42837600,2729500,5194300,391600,2292700,10340500,13806600,6609800,2299100,46987500,6904900,4407500,873000,5933400,8527900,28148800,88313500,1906100,7611900,22072200,18724000,1192800,17879300,6260500,4468100,11801400,3617600,2441800,2104200,3785400,2136111,3590500,3626300,1318800,8773600,3124900,1681100,3158100,1655000,12374100
2024-05-23,51005900,17211700,835065000,21024900,11747900,31039000,5456600,2219900,8069400,39033900,2254500,5594500,538300,3272600,13056100,14676500,8000400,3055400,42031300,5672900,6830900,1185000,5862200,10712300,33670200,71975500,5636200,7729000,15841300,6661100,1519200,15979800,6718400,3757200,8766100,3373600,1696800,2749200,17116000,2776000,4437200,5787100,1736600,9097800,2529800,1768800,4364600,1674800,14105000
2024-05-24,36327000,11855300,429494000,16579400,12024300,16730000,8325100,3085600,7356200,22166300,1932200,3550500,429000,1624200,9913000,6152200,9520600,2527800,22589100,3691700,5983800,883300,4455600,8732300,27471600,65584500,3382900,6936800,10746200,3550300,1623000,12212900,4477700,2851100,6801000,3730900,1250600,2635200,9489400,2504597,2995400,3431300,1511800,7601100,1864500,1257900,3107600,1157400,10420000
2024-05-28,52280100,15718000,652728000,20572200,10175800,22919000,9294100,2575300,6910200,31217900,1930800,5541600,636200,2315400,11276300,8486300,10499800,2912800,32371200,5533500,10263400,1435500,4771100,7479000,29927000,59736600,4324700,10835000,8833300,4344300,1986300,13978300,6928300,3830700,10387400,3800000,1590100,2264900,5274400,2564755,3314700,5137200,1448000,11986600,2472200,1828300,4857000,1696500,15071300
2024-05-29,53068000,15517100,557442000,23388700,9226200,26861000,13397900,2214800,6120000,26677500,2315700,4679600,574900,2711300,12835000,5617300,8263800,7521600,24241700,4254500,8527800,1324500,4960900,7910500,32009300,54782600,4029300,7237300,9268100,3038500,2282800,13902000,5909600,14290900,13138900,5506300,2220900,3040000,3666400,3019818,3996900,4796800,1673500,6896300,2527900,1977700,2945800,1465600,17652000
2024-05-30,49889100,28394500,484553000,22931500,10719600,21717000,66763300,5604400,6829100,50989100,2135000,4548800,650000,2386300,13580800,7078300,8490300,5169700,23298600,4311100,13000300,2431300,5124000,8870600,29184700,77618400,3597800,9300100,9294200,4238000,2277800,14683700,6369600,9914300,14337100,3004400,1950100,2745800,3924700,2453881,4077000,4391300,1340300,21762300,2423800,2850400,4325700,1375900,19633200
2024-05-31,75158300,47995300,613263000,37638900,16919800,73091000,36807400,7487500,14417900,58188400,2638300,7155500,1616000,5102500,25386600,8617400,14621200,6694800,78290100,15664400,18150500,2106700,7915700,11406000,58903900,67314600,6125400,12565600,12669700,7501000,4360700,29037400,10334200,13830200,41723600,4082400,3669900,8319400,5774500,3356474,5887400,10411800,2332100,16196000,4000800,7331900,14977800,3621600,38917400
2024-06-03,50080500,17484700,438392000,27459100,11279400,26278000,19962700,3967700,6444300,31898600,1930700,5671200,571000,2677200,13206500,4365000,7329200,2795100,38177200,4467800,7702500,943700,4915100,6151100,30786600,68568900,4342800,9668100,12443400,4162500,2008700,19589300,9009900,7129500,15482100,3239500,2345700,3878600,8951600,2592554,2728300,5908800,1284200,15410500,3429700,2333200,3262400,1809000,20688100
2024-06-04,47471400,14348900,403324000,26879600,7088700,23048000,11197500,3183600,6848300,26974200,1835000,5409600,666400,2512100,12520700,3887900,8876400,3178400,46309500,4215500,6440100,995000,3880400,6331200,27198400,60056300,4592700,7838400,12370000,4683700,1754500,19412200,6360500,7683600,15700900,4499200,3147000,3706600,7176800,3565809,3874800,7998000,1328700,8484300,4822700,3236300,5538500,2157400,16040200
2024-06-05,54156800,16988000,528402000,22068500,15690500,32947000,10772100,3295000,8351600,34140300,1678900,4499700,539800,2925100,11199100,7010100,5891300,2464400,27346700,5100500,5009400,896100,3302300,7058300,32116400,57953800,4136800,7463300,11275300,5746100,2080000,14863500,7058500,5119100,10660500,3406600,2190400,2616300,5944000,2888891,3109000,3141000,1394800,9264600,2228200,1737100,2824700,2116800,11964000
2024-06-06,41181800,14861300,664696000,23251000,10667300,20172000,11693800,3235000,7640300,38676400,1598000,4741200,406300,2709600,18587400,4669400,5016300,2419600,35360400,5186700,8088500,1153800,9835500,7366600,31371200,69887000,3354300,9760100,9237800,4682900,1735000,13154100,5215100,5355200,10522200,3399700,1567600,2452100,5942200,3470319,2852500,3875000,1305400,6550600,1945300,1865800,3144300,1282600,10259100
2024-06-07,53103900,13621700,412386000,19661400,9380700,17859000,6883800,2684200,6964500,25928700,1736100,4018400,468100,2212500,14466700,5371000,5111600,3416300,27526200,3781700,4945600,1231900,8666600,7038900,28021500,56244900,2290100,9397400,10852600,3110800,1593600,13289200,5887700,4375700,15023100,2494300,1687300,2499100,3374500,2719555,3209300,3526500,1080000,10059500,1886800,2143300,4786900,1492000,10410200
2024-06-10,97010200,13982900,313434100,23726700,11220900,31042000,7656900,3209700,6070800,37176200,1698600,4566000,588900,2933500,12787500,5337700,5749900,3332800,36977900,4247500,6033700,1540500,8555900,4966100,34445600,50774600,2866200,7035100,8698600,3051600,1401600,15239700,7074700,5307300,12966600,1717500,1861500,2640500,4385000,2809740,3633000,5917400,1033700,11218500,1915500,2874700,5780800,1406100,15210700
2024-06-11,172373300,14551100,222551200,21540600,9673700,34844000,7264400,2723700,9235300,44629000,1938200,5330000,499000,3168100,19197800,6048500,5661200,4599700,29573500,3790200,11453200,1407700,7536000,5340400,27265100,64761900,2729400,7301500,9024300,3592400,1690500,12462400,5132000,4181900,8300300,2063500,1692600,3247000,5010100,2445287,2659800,5769500,948400,22781500,2434400,2781800,7061100,1582400,12083300
2024-06-12,198134300,22366200,299595000,27864700,11983200,56697000,10260100,3647400,12751300,38964700,1733000,5435700,833200,3091100,16929800,5587300,6180500,4048200,32507900,4725600,5822000,1397900,4569000,5549100,33984200,90389400,3169600,9861300,8873400,3064300,1838300,13606800,10017400,8650100,8142100,2129600,2217700,4817300,5245200,2621943,3484600,3429800,1055500,13930500,2397300,3331500,4650500,1914800,15065300
2024-06-13,97862700,15960600,260704500,20913300,9954600,89061000,13566700,8558000,8587800,40018700,1849100,3955900,462500,3011300,15963700,4147300,6840400,4951700,33945200,3690800,5004200,1304700,4719500,5934400,39721500,118984100,3153000,8348200,13947300,3470600,1322400,14466900,6163000,5939300,12180200,2253800,3486400,3183900,4201000,2079242,4944200,7112900,1583900,10023200,1811200,1531300,3122200,1650000,12297400
2024-06-14,70122700,13582000,309320400,18063600,10243300,69705000,8833700,14846600,6874000,32347900,1559100,3406600,376800,2373800,15375400,5756200,4075300,3188400,29461900,4377600,7338500,1413700,3683100,3689000,25456400,82038200,2806600,7426800,7192400,5019700,1395500,13313400,6159100,5690400,12740300,2850300,2107800,4195300,5106000,2375791,3800200,4917200,1485200,6568500,2668000,1933200,3672400,1396100,10480600
2024-06-17,93728300,20790000,288504400,19618500,11266600,87528000,10563700,7163800,8725400,26135400,1531600,4874100,541600,2426700,18361100,5689100,6666600,2407200,32194600,4076000,8524000,1318400,3936200,5435400,35601900,109786100,2532900,6365400,9845900,5006300,1904900,21147900,6321400,5754200,11065500,2388700,1790800,3198900,4790000,3289737,4117600,3943500,1227900,8445300,2953100,1779700,2696200,1939000,22286600
2024-06-18,79943300,17112500,294335100,21869900,13060400,86797000,7119800,4225900,9023000,30804500,1798400,4558400,479700,2176500,15547400,5868600,6156600,3692700,29817800,4250900,6532400,1398100,4501000,7011900,36659200,68982300,2956300,6712000,9664500,2969500,1763800,17762900,6942900,5690200,13068900,2032400,2588800,3275300,6179900,2592447,4104100,3991300,1211900,29169800,2469400,2407800,4337100,1384500,17125700
2024-06-20,86172500,19877400,517768400,20160100,11801200,68157000,14809600,5752400,8731100,29383300,2080600,3956800,496800,2968100,11985500,5785200,8749700,5258100,29693400,5847500,10348400,3071500,9154900,7139700,44726800,55893100,4046500,9393800,10183900,2628700,1944600,17433200,8336000,5442400,14612900,2469000,2740500,4463300,5479300,4288562,4165700,6996400,1352600,14857200,3084800,2236300,4760600,1626100,17704700
2024-06-21,241805100,34187100,649445800,57759000,22359200,99289000,15719600,6568300,20972100,72244900,3780800,10785300,869500,5064300,62732600,11933200,15172300,6368600,52487000,12228100,17170800,3153300,10324700,11094400,70792500,61937300,8425800,15124400,25648400,5651600,3833100,52212500,21289800,27096700,26455400,7884300,6463600,8265100,8628200,8412669,9144100,13310900,2450600,19465500,4986000,2828400,6708800,4042800,30375300
2024-06-24,80727000,15913700,476060900,18298000,13525300,58575000,7545700,3067800,9785900,31064900,1882200,8418200,528700,2152600,16198300,8341000,6914700,5139800,35414100,6249900,8553800,1557600,5201300,6798700,50610400,61992100,3901200,9466900,7396600,3933000,1722900,16266700,7971600,8802700,19090400,2784300,1919200,2447300,7388300,3112125,3695900,13704800,1323100,12063700,2026400,1792200,2924200,1440900,20773800
2024-06-25,55549700,16413400,414192600,23130200,12063200,53329000,6037800,3128600,6862500,30596000,1555900,7439700,388900,3206800,26726900,5840400,5912500,2916100,24721600,4844600,6750600,1942300,4637400,5318100,45366400,62905700,3903800,9006500,15821600,3336500,1564200,14188900,5985400,4956400,14237000,1947600,1934300,2990400,7434000,3146608,4818700,9330900,1644700,10753200,2115600,1345100,2929900,1385500,17475700
2024-06-26,66213200,16507000,362975900,19839000,8882300,46479000,4524700,2931700,7758600,44310200,2131700,6514200,529000,3151900,30425700,4684100,5267800,3153100,30745800,5576100,8492100,1091400,5406600,5737600,65103900,95737100,2796100,10160400,10708100,2447000,1505300,15771800,8637800,5366500,13501700,2297400,1517600,2198600,6553900,2306508,6104300,6953800,2442500,11481500,1958900,1828500,3385000,1634400,19709900
2024-06-27,49772700,14806300,252571700,18848900,10121200,31649000,12869000,4734100,7913500,29464200,2835200,5437800,428400,2264200,13832200,5564300,5739200,2991900,28399600,5382000,11927600,1506900,4137600,8044800,74397500,72746500,2651000,25772700,10289600,2273600,1254900,16812700,5568700,3846500,9948000,1726700,1847200,1995100,8199000,2029905,3732500,6955400,1709400,9824500,2358000,1599300,3174300,1236500,15560800
2024-06-28,82542700,28362300,315516700,29156600,15855100,69377000,12619300,5084500,15307600,52028200,3839700,9058800,769500,3901100,31074500,8997500,10495700,22734200,33189200,24463400,57055500,6150900,8283600,8917200,76930200,95438100,8958700,129967000,13207500,12772300,2131700,24565900,11283400,7191800,14139900,4029400,10211500,8891500,5899900,5097893,6609600,13853200,6689500,23935600,3898700,2393900,5436400,2470200,27639200
2024-07-01,60402900,17662800,284885500,16006100,10328200,47623000,5871700,3070200,10205800,26770500,1850500,7420600,543500,2792700,14470200,3902800,5144400,4523100,26209000,5194500,11533000,1459400,4588900,7111800,41192000,135691400,3817600,44369000,6767600,2638900,1989000,11972900,5584100,3925100,8464000,2496100,1422900,2950200,9056700,2279559,2668200,4475200,1458100,11036400,2097600,1691700,2405800,2462900,16412100
2024-07-02,58046200,13979800,218374000,17372500,7739500,32539000,5130600,3054500,7802900,35626100,1491800,5570900,367300,1871700,9543700,4925300,5492000,3312000,21989800,5965500,5645400,1316400,3650500,7111800,45600000,205047900,3944900,26183400,8854100,3296400,1377900,13326700,7216800,3836700,7927800,2274700,2622100,2119800,4110500,2024706,3280400,8299900,1290000,9415200,1856100,1913600,2945400,1886400,21659400
2024-07-03,37369800,9932800,215749000,10242100,6005600,39954000,4755700,1664400,5560900,17100700,993900,3112000,250800,1365900,6698800,2502100,3246200,2239200,15180100,3527600,4002100,908300,2017800,2838400,31597900,166561500,2026100,15952000,4906700,1633300,814400,7732900,3264200,2326200,6655500,1814100,1081600,1352200,2764800,1152989,1539900,2149200,668900,4487200,1072700,1182600,1339500,865100,6653900
2024-07-05,60412400,16000300,214176700,20967500,21354100,45240000,6562100,2808600,8093100,23489000,1593800,3633200,341400,2488300,11436300,3233000,4888500,3499000,17268700,5978300,6786700,1233300,6582700,4370000,39858900,154501200,2814300,19603700,9663100,3562200,2620700,12631000,6183100,4188300,7917100,3354600,1605500,2280900,3290400,1437973,3237500,6153300,1273500,7688800,1929800,1018500,2252300,1499400,17552200
2024-07-08,59085900,12962300,237677300,21035900,14917500,36398000,6539300,3007400,8707000,26728500,2214300,3884400,529600,2638600,12480000,5338100,5260200,3450600,25694400,3500200,5743400,1140100,4542000,5606500,34767300,157219600,3163900,29905000,8871200,5183800,1611300,13350500,4990700,4199600,5470400,2632000,1647000,1913400,9878100,1950224,2773700,8738100,1671600,5368700,2535100,1508800,2185700,1502200,15380400
2024-07-09,48076100,17207200,285366600,15121400,8753200,37802000,7014900,2167600,9058900,34697200,4525100,7113600,629500,1943400,12233800,4971800,5890400,3056800,36867800,4224600,6339000,1567500,6268500,6142600,32700100,160210900,4927300,23445500,11816900,2848400,1356800,11727000,5301600,3460400,6740300,2859700,2594100,1896100,3942900,1459299,3116800,5648900,2112700,6220100,3200600,1577100,2196100,1052100,20475200
2024-07-10,62627700,18196100,248978600,15952500,10983300,41074000,8947700,2368400,8328500,25333400,1946000,5619000,519000,2203000,12097200,4527300,6093200,3189800,29873600,3887800,4588500,1976200,6598900,6736300,32883800,128519400,4092700,21378200,11132500,4105700,1755800,10004100,5416600,3867700,8538300,1835300,2052300,2904400,3583200,1901100,2834800,6483600,1475800,6740900,3128400,1576900,2998300,1554000,13826800
2024-07-11,64710600,23111200,374782700,25625800,16458300,51026000,5341800,3189200,10658100,33824600,2251400,7761000,634100,1868700,16852800,5796000,6350400,3535100,47322600,3689500,7048800,1402400,5025300,6224600,44565000,221707300,5546400,15876700,12316100,4727800,6021100,13082700,8322500,5839100,6239400,2402800,1900200,3016400,4840600,2864806,3449600,7592400,1764900,12188700,3329800,2256000,4242900,1368400,12487800
2024-07-12,53046500,16324300,252680500,22898400,19750500,30453000,4705500,2014000,15443400,31856600,2727800,7060600,677100,2612200,53042800,6543500,5336400,3570600,28397000,4133500,7022300,945200,4277600,5661400,30598500,155955800,4543000,14527500,10559300,2675700,3288400,11684900,6446300,4505900,6584000,2032100,1810100,2451300,5129300,2216641,4801300,6003000,1034900,11099400,2715300,2238600,4003400,1843900,11129100
2024-07-15,62631300,14429400,208326200,16474000,12539200,22999200,4404300,1887800,10719700,36648100,3568200,10093900,888100,3054400,27277300,10069300,6711400,5128000,30534400,2395100,6918500,1326000,4970800,4497800,40683200,146912900,3393600,20775800,9064400,3645900,2064000,13032500,5661200,5118100,11441800,3532200,1627300,3394300,5189000,1837864,4164000,3776300,1158600,19575400,2863400,1585400,3264700,1271500,15874900
2024-07-16,43234300,17175700,214769500,18290700,14075800,22244900,4780400,1539900,11557000,75953300,3981700,16716400,744600,3074600,25577300,34310900,6469600,11062000,26912100,3829500,8194400,1122100,7656900,6811000,33994700,126332500,4173000,20980700,14968700,3391800,1687600,13614100,6924200,4633700,8220200,2925300,1570500,4637000,8546400,3160189,3805100,4341200,1732900,10551800,3057000,1329400,4508600,1173300,16016900
2024-07-17,57345900,21778000,390086200,20734100,28076600,43343400,5625300,2316300,11572500,65713600,3908900,11412000,692000,2471900,17371100,42877600,13801400,10330800,45395000,6983200,7628000,1131200,13438300,9848100,48076100,115584800,3711500,11161600,11567800,3353700,1783100,13602800,7296600,6484000,8453300,2413500,2074700,3061000,4899600,2852074,2863600,5433000,1528000,11878900,3374700,1759700,8941300,1896500,20401700
2024-07-18,66034600,20794800,320979500,25315700,19267200,37973500,6351600,2184700,12415100,48549200,3320200,9130700,718000,4053300,17739000,21576200,10166200,6834800,47279700,5957800,9501400,1745000,13078800,8427800,51043600,110869000,3421800,14440100,10701000,2927400,2338500,13033600,6577700,5957100,10758700,2155600,2405600,3876300,5354800,2297489,3412900,4450100,1736000,10212300,2638700,1736300,4631900,1458700,15752800
2024-07-19,49151500,20940400,217223800,18881900,15149400,26309500,4468900,2601900,8095900,43903000,2032700,12555900,1036200,5750400,12362800,14768600,7398000,4290400,30021200,4293600,6848800,1667300,11963600,9292800,43081800,87403900,3470600,11913300,32965900,3187000,1984400,16157700,6427700,7559100,17681000,3215700,1787000,3462700,5121300,2822897,3073800,7229600,1152100,7752100,2163200,1404100,3485200,1503800,17608000
2024-07-22,48201800,15808800,258068900,24100300,12023100,28813300,5647600,2391700,7663200,42838300,1792500,8931200,573200,2590000,13638600,16727200,6840600,3377300,46483200,4066900,4341800,1163700,7880300,5904400,39931900,101225400,2759500,19385500,18851500,3692800,1920200,12065900,5577300,5172800,11212800,2088100,1688600,2659600,4883500,2954461,3629800,6207900,1071200,9034700,2373200,1476200,6266100,1096700,54985800
2024-07-23,39960300,13107100,173911000,36352700,9455500,21570200,3905500,2363900,5557300,36705100,2020500,7400600,701500,2564000,10927800,14758600,6261900,2785600,25528300,2933800,4285400,2005600,5894500,5022800,47537700,111928200,2653100,11041800,9592100,1622400,1744100,11251700,6238700,5714300,10099000,3676600,1745900,2027800,7614300,1900463,25353900,7602000,1335900,7027500,1512000,1123600,3708200,1060700,25257700
2024-07-24,61777600,26805800,327776900,49585200,17649700,37162600,5204100,2630100,7119000,36567200,1598600,7967400,660300,2838100,10777100,11836500,7168200,3156200,29579400,6117700,6338500,2857300,8680900,5658500,41532400,167942900,5983300,18563300,10478200,3029500,2511300,14925200,5971700,4808000,8552900,2209700,1857600,2835800,5109100,3739601,11642500,7180200,1256300,17813700,2875500,1922800,4082500,1700700,22889000
2024-07-25,51391200,29943800,460067000,44852000,18240500,30872100,7155800,2136500,6403800,41593900,1489700,5582300,587500,3828800,14119600,12194300,10019600,3102900,42296200,9442200,7357100,3625200,6356600,6357000,44464200,100636500,3323100,13855400,18973600,3019700,2183700,17021700,5432100,5492100,9608000,2258400,2014800,3291300,6128000,7091406,7761900,14997000,1241600,13934200,3165200,1926600,3402100,1777300,19740300
2024-07-26,41601300,23583800,293399100,41336900,14222400,20839900,6127300,2090000,8027800,52049300,2249700,6599600,555800,2174400,12538900,11168800,8356900,3201900,35657100,6948800,6467000,2715300,8611600,4574700,29506000,94604100,4002900,8892000,12387100,2427000,1441500,11252500,5232500,5198800,8231500,2214300,1813600,1894900,6272000,7906996,7271300,7526300,1380800,7076200,2270500,1548200,3373900,1307400,15911500
2024-07-29,36311800,15125800,248152100,20293800,11339600,16625800,5101400,1590600,6533600,37133100,1599500,5183400,612700,2059300,8986200,9962700,5625000,2965000,41713700,5458500,9139500,1621900,19452700,6551400,33270100,129201800,9381000,10471800,10864700,2487000,1320400,8861800,5072000,4629500,9104400,2343600,2124000,2190300,3608600,3049208,5414300,4138900,1491000,5977500,3445100,1607800,2376300,1015200,12937200
2024-07-30,41643800,32687600,486833300,18959700,11390400,31102300,3944300,1566900,8850700,44163200,2642500,6225500,539600,2498800,11503900,8022600,6545700,4139100,89857500,6032200,35509400,1627100,9126300,6568400,39508600,100560300,4936600,8515700,16163600,2379200,2017200,12483900,5740900,9794200,9880400,2306500,3978300,1970800,4789000,2767619,4747700,6074400,2266900,8505500,2929800,2447700,2663900,1755600,16089200
2024-07-31,50036300,42891400,473174200,25729100,24285800,45827500,4647700,2776000,9071600,50851600,2658900,5444600,656800,2180700,11535800,6982700,8293200,4713200,40978700,6473900,22733000,1702300,8238400,7573200,41667300,67497000,4652100,14632900,18901100,5743700,2135000,15137700,6209200,7554600,6599800,3197300,2273900,2568100,15417000,3526658,7025800,6780400,1659500,15618100,3946000,2924200,3960100,1874000,23605400
2024-08-01,62501000,30296400,523462300,24531400,43083100,40320000,5527400,2075400,10918600,60107800,4006800,5678100,586500,3929700,17752700,9896000,7213400,3680800,39753100,6595500,14117500,1458200,9069200,4873100,70435600,83861900,4936000,9563500,17307200,3782400,1861400,15051500,16689900,9704600,8952100,3083400,3315700,3747900,13887000,3971323,4790600,5135100,2991300,11136600,3975500,3047000,3871100,2244000,18166800
2024-08-02,105568600,29437900,482027500,29130100,24044700,33745800,6504500,2729100,18041700,76728000,6115500,11120700,479800,6902600,27642600,10258500,11280400,5094000,42364700,6303900,16562300,1564700,9885700,5057900,141448400,82880100,9585900,11526600,15185700,6476500,2598500,20403800,13278600,7445100,11848400,6668900,4079000,4246700,11742800,3583740,5099000,4578400,2820600,14513100,4606500,4750500,5728500,2714600,26124900
2024-08-05,119548600,40709200,552842400,53630700,21396200,41309300,6899300,3432200,13927000,76075200,4177200,9659500,1328800,4890700,28594000,7873800,12032200,4587400,37838000,6459300,13334000,2117100,7121400,7503200,83149400,100308800,6794900,13191500,12372900,6887700,2820900,18025900,13037200,8475000,13010800,5001600,2323700,4681300,9255100,4154133,5243000,5888600,2509200,11877600,4918700,4329600,5157400,2281700,26855000
2024-08-06,69660500,24946500,409012100,49004600,20955000,24751300,5673900,2076300,10605800,40614100,2209300,6068300,525100,3148200,18723500,7691900,7607100,3216500,29031800,4273200,9761900,1316900,5634800,5514000,59950800,73783900,3369300,13469700,10525500,5005500,2476300,13647800,9692700,8424900,8364000,3807700,2082800,5071700,5817300,3850475,5608300,4642400,1570900,9050900,4289800,2823200,4016200,1598200,18104200
2024-08-07,63516400,20650900,411440400,25138600,20105300,29749800,4035500,1663700,9204400,44952400,2587600,7215700,750900,2665300,18407500,7331100,5993000,4320700,32866100,6351000,9756500,1692100,6365100,5596600,48408200,71159800,3540000,9571200,7297000,3209700,1702000,13660700,8867900,7735400,9259000,2726800,2146800,3011700,5186400,3493024,4741900,5553200,1384500,8193200,4921300,3315700,2967000,1619300,12176300
2024-08-08,47161100,20203000,391910000,25578800,16156800,27583200,4474300,2155100,7761200,36557800,1936400,6592300,381500,2239200,16176000,6138700,5094800,2860800,32094400,5744600,8278200,1116700,5476600,4088200,44616200,65033900,3227200,8828000,8988300,3894000,2345000,13851000,7531100,5392900,6697400,2667200,2546700,2268300,6063800,2611227,3823200,8889100,1557700,6935900,4716700,2942100,2806500,1491300,13237100
2024-08-09,42201600,19276700,290844200,28602300,13696600,18438700,2975300,1272600,5540200,26411200,1622700,3542600,290400,1956400,11669000,4255100,4579200,2976700,25795600,3206500,5914100,963800,5435000,3094300,36401000,58648300,2664900,7186600,4683600,3778100,1710600,12151900,7653100,5776200,5418000,3070700,2056900,1668100,3635600,2003274,3825000,5534300,1335200,5041200,2218700,2071500,1901800,1108500,11818700
2024-08-12,38028100,16762900,325559900,15895300,9767400,17778500,3679700,1450300,6936000,33040600,1839300,4196300,510300,1747000,18090100,6994000,7605400,2532400,21141600,4808300,6536000,1164000,4795900,4502200,30072800,64044900,3008100,7067300,13123000,3695600,1748200,13228900,8442200,5906900,6599200,2931800,1576600,2127600,4715600,3261408,2549500,8602000,1581300,5955600,3058600,1455700,2836800,853000,11099000
2024-08-13,44155300,19414300,312646700,18551700,13743800,22053600,4031600,3063900,6387800,21553500,1243700,5941500,385800,1913200,12268600,8774000,9711400,2369400,34620700,3477300,9040300,1042500,4920400,3704800,39237900,76247400,2603600,22114800,157215500,3319800,1484100,11585100,7794800,5866800,5253400,2975900,2463300,1503800,6475500,3967291,3057600,5911900,1696600,5108900,2732900,5449800,2719500,1174800,15349400
2024-08-14,41960600,18267000,339246400,40591100,11444200,20184200,4145200,1915600,6999800,25658900,1545600,10161700,325100,2132500,13217200,15942100,5141200,2344400,23677700,4153400,11029400,1128100,5822900,5612900,28843800,70250000,2242100,13613000,45737800,4838000,1341500,12194500,5874200,6388000,6305300,2025700,2134400,1610900,3852700,3682943,3155700,5826700,2040500,4620700,1979200,2313700,2182300,906700,10931100
2024-08-15,46414000,20752100,318086700,31524300,13482100,27945000,5167900,2182400,7001000,37379800,1732300,5885100,520800,2656800,16549400,7612800,7237800,2751800,28676800,4719900,9685100,1241100,7458500,6743500,51698500,89848500,2445200,23583600,21109800,4640600,1923800,11579400,6304200,6307000,7940000,2037700,1935000,3232600,5942200,3077112,4448300,5629900,3184500,5946500,2658200,1858400,2792300,1105000,17489600
2024-08-16,44340200,22775600,302589900,24208600,14776700,19296900,3494900,1541600,7931200,26886600,1587000,4159700,395200,2149700,19173900,5335000,5012800,2728900,50332900,3674900,10102300,1076200,4643300,5374800,31489200,88765100,3286000,13794200,16336300,3473900,1516300,10056000,6874400,3819100,6013000,2339800,1644500,2483800,6731500,2982577,3255900,5251500,2103100,6344200,2642700,1986200,2899000,1115400,13377500
2024-08-19,40687800,15234000,318333600,22416200,9879700,20441700,4501300,1423300,6090800,27268900,1027900,4070500,456000,1653400,12792900,4303600,4408400,1847900,26382500,4309300,6177500,959400,3495800,7492800,31129800,76435200,5268800,9627300,14479000,4427000,1318400,12417500,5967400,4335600,8046500,1985300,1833900,2252600,3894200,2168896,3157800,5389900,1676500,5617000,1716200,1261900,1664900,1013700,9401400
2024-08-20,30299000,16387600,300087400,18341500,7944400,19417500,5731300,1219600,5640000,44440800,2122700,3396900,348700,1659700,12533500,5381400,7275100,1677500,21301300,3631800,5392300,1075500,5822400,10841600,26255200,74001200,3697600,7863100,11536200,6815100,1104600,15632000,7497600,6783300,7409000,2867300,3026500,1479500,9549100,3247084,2342300,6129200,932300,5967300,2822600,1631000,2108400,1115600,8784000
2024-08-21,34765500,16067300,257883600,22902000,13423300,16097700,4648200,1401700,5202300,33751100,917100,3576000,453700,3502500,13691700,7814400,5019400,2844300,16729700,4250400,8144100,965600,4081400,10608300,35599100,70146000,2686300,6915900,6769200,25572100,1465500,11752400,5985000,4011900,5529900,2668800,3332300,1433200,4493600,1893673,4895900,3050900,1249100,5125300,2798600,2262500,2086400,853700,13683400
2024-08-22,43695300,19361900,376189100,22493300,15708300,30044500,5111400,1627700,5247100,35421600,943800,2777300,327400,1981300,15683000,19988800,6552100,2282000,20241500,3676700,8201200,1138400,3690400,8429600,32047500,79514500,1746400,8485500,10010300,7452400,1440900,10609500,4027000,3644500,7164300,2216200,1813500,2021400,2788000,2066404,5083000,3743600,1072700,8006600,5459600,1926500,2770000,1179100,13529600
2024-08-23,38677300,18493800,323230300,13955700,11323900,18848000,4711300,2023500,7214000,45616600,1751800,3814800,416300,1868200,17074400,13127800,7093400,2376400,21885300,4720300,8368200,777300,4511600,4843500,29150100,81525200,2145900,9219700,11483700,3188300,1305800,10381400,4824100,4024200,6244500,1995800,1911900,2183900,4405900,3128252,6310300,3427500,1197500,5052900,2732500,1804000,2938700,1308000,11757300
2024-08-26,30602200,13152800,331964700,14190400,9584000,18521200,3818300,1387500,5105200,44659500,1084200,2679000,413800,1931000,9478800,7439200,6870600,1800000,16506000,4182300,6518700,519500,3212700,5948200,22366200,59301200,2018500,7853300,13882800,3655200,1737000,13671000,5780300,6253900,6222100,2270000,1923600,1718100,4034300,1946723,4501400,6260400,1108500,5378700,3038900,1142400,2278600,1216200,10309500
2024-08-27,35934600,13492900,303134600,11821900,6282700,16683100,5276400,1404400,5185200,32323900,977900,2537200,300400,2518100,7638500,7006000,4388700,1581900,16184600,2504500,5502600,737300,2705300,4174700,29842000,62821400,2897600,14954000,17456300,3252300,2098900,9991600,5100000,3521700,5199400,2150800,1505300,1210800,3295800,2506188,3214000,4101200,1107200,5086000,2136500,921500,2042700,1293400,9778200
2024-08-28,38052200,14882700,448101100,16407400,9106100,18063600,10981900,1289700,6506400,40700500,1568100,2836800,441200,2557100,11905200,8135500,5187000,1657000,19874100,3910200,5403200,790500,3836700,5230600,29045000,64116400,2603800,11088600,14866300,2666500,1668400,10742900,5614400,4506400,9866400,1726100,2070900,1514500,4550300,2481467,3361100,4287200,1096600,5462400,2429700,1105500,2501000,1327200,12732700
2024-08-29,51906300,17045200,453023300,19699800,8317400,23519300,14301700,1955600,6416100,34810800,1566300,3325600,417900,2423500,9283300,6429500,7390100,1953200,19229800,4538300,7202500,722500,3375800,5024400,26407800,62308800,1797100,7477200,8781300,3879500,1709900,10753900,4466700,5270200,8000800,3152000,1594200,1664500,4119500,2513721,3477600,3547800,1075000,5179200,2021900,2003200,2419900,944700,17338100
2024-08-30,52990800,24308300,333751600,22123800,9157500,25158500,10507700,1983000,8574100,49098200,1838900,4951400,478200,3442100,20377300,6549100,7971000,2944700,37137600,3820800,8876500,1059000,4320100,7940100,43429400,63370600,2528500,13755300,7117200,3933200,1933500,13284700,6414800,5559500,10174700,2820200,3981500,2974100,4146200,2040727,4116100,6372000,1413200,6808200,3022400,1796800,3618000,1385600,20009900
2024-09-03,50190600,20313600,477155100,38945300,12459100,37179100,6190400,2757900,8956100,48489300,2373600,6634000,433500,2970300,15933600,6540800,6956500,3175500,44499600,4872400,7640300,1282200,4436900,4745300,37817500,76714200,2902800,10133700,11234000,4071000,1784200,15725100,7944700,6369900,12685000,3830700,2845500,3107200,17925400,2182371,5821200,5543900,1929700,9883900,3792500,2660100,3526200,2104000,23319900
2024-09-04,43840200,15135800,372470300,19353800,8335200,20324100,4706500,1615800,7389500,39629600,1509400,4212500,356600,3062600,10985800,5489900,6939100,2935000,23510500,4214300,7693400,1006000,3659200,8953500,30309200,80651800,2558300,12837400,7193500,3841000,1425200,12620600,9820700,6251500,10048600,2732400,1984300,2782500,7316300,1845610,5710400,4484200,2370300,7517700,2795000,2261800,3091500,1310300,31272700
2024-09-05,36615400,14195500,306850700,18688700,8640900,31548500,4083600,1573600,8067900,34214500,1828300,4462400,426000,2711200,18301000,5552100,4600400,2144800,25927200,5902800,12009700,1467600,2928000,7007400,40170500,119355000,2412500,7596300,8370100,3358900,1998800,17200800,9371100,5582400,10621900,3124900,3864500,2525500,4717500,1604444,5311100,5764500,1397300,8494900,2585900,1990800,2402700,1882200,28199800
2024-09-06,48423000,19609500,413638100,37912100,14744500,76634600,6259400,2096800,7777000,47007600,1995600,9246800,748900,3653000,21853800,8331700,6016900,2926400,31214500,4312600,8577300,1868800,3802200,7116500,41466500,112177000,3863600,8512200,9257000,4045100,2074600,13467700,7836400,5229900,9864100,3144100,4244600,2676600,7328600,2695683,3590200,3983700,1670300,8181500,3482400,2750000,2484100,2012100,18100300
2024-09-09,67180000,15295100,273912000,39260500,11047800,39516700,4588800,1997100,8935100,37610200,1714200,5281500,394800,3080800,17134800,6247100,7538200,3411400,36558400,3606900,14880200,1443300,5101000,8643000,29037400,67443500,3208600,8003300,10089700,3735200,1954000,21645300,9892300,6477000,11082500,4999300,4074600,2355800,9091500,2440724,3770800,4492000,1215300,6918000,2829800,1984000,3599400,2076200,27850300
2024-09-10,51591000,19594300,268283700,31118800,9899000,36067500,3544800,2030100,28406900,53983900,3583100,7798600,269900,3630900,24650000,8567900,6559600,2863500,32378800,6333300,12734500,1302900,4963700,5628100,36233800,78891100,2497100,9748400,7327000,4103200,1360800,20913400,8202500,5611500,10782700,3928900,4468900,1869200,6367100,1480519,2590100,3806700,1041600,9588000,2594200,2016800,3029800,1247100,36980400
2024-09-11,44587100,19266900,441422400,29607700,10782500,39700800,4822200,2681000,13658700,41190000,2426500,6764100,431900,3149900,17322000,8781300,5920200,3563600,31943100,4909300,7836600,1324100,6535600,5805800,42564700,83548600,2747500,8265500,19302900,4089500,1796100,19571900,9534000,6803100,15568300,3419100,4052700,1934700,6664800,2904700,3404400,4857200,1160000,10216500,3667400,2216500,3890300,1585400,22395500
2024-09-12,37455600,17395700,366052700,29621500,11970500,43530700,5219700,5506600,9054400,39921600,1480500,4751200,478700,2279600,42594200,10621900,4540900,3395800,32511800,4165200,8330900,1397600,4349300,4856500,33544200,71894900,2274200,7176900,14653500,3453500,1867300,15919500,6591500,6775900,15404400,4709200,3041000,1747000,4742700,2063327,3443500,4229700,1068500,7856600,2390300,2003800,5557000,1916900,18397000
2024-09-13,36766600,15874600,238358300,29591200,10321400,29850000,4998900,10423500,10226700,31887300,1794500,5354800,406900,2199200,24762000,10840600,3693400,2241900,19987700,2718100,6709600,1125100,3350100,5209400,26495400,59515100,2205500,5814200,9899900,3592300,1327500,10035400,5900700,5441600,17481700,4428300,2614600,2518600,19003400,2093671,5214500,4708000,1126000,6734400,2311000,1983400,3689400,1162700,20029700
2024-09-16,59357400,13834700,248772300,18379800,9527600,26126900,5367000,5248200,8634900,26336400,1500300,4467200,380900,2170200,18066200,11797200,5187800,2548600,29224600,3235700,7846100,1198100,3637100,5620300,26065500,54323000,2916200,9547700,9263400,3429200,1661000,11729000,6864300,9325300,24556100,4484600,2908800,1648200,9955200,1657494,4589600,6025400,940200,8791400,2212000,2255500,3864300,1307200,24714500
2024-09-17,45519300,18874200,231925900,20715600,11690800,19844300,5423400,5164100,7573300,27769400,1444900,4748600,416900,2765700,15885200,8158200,5066500,3416000,27055300,3534100,7914900,1333000,4982500,7012300,26091700,66761600,2997400,7580600,6281700,3162300,1387000,12202600,7338800,8661300,18400300,4010200,3693600,2088400,8123200,1529538,3141700,5101500,983200,7415100,2251500,1526000,3171100,1357100,18769600
2024-09-18,59894900,18898000,310318900,23677300,10323500,26557600,4436700,3997300,8259900,42527800,1699500,5195900,656300,2577400,20109000,8802800,4722800,2988300,25812800,3236800,11135600,1092600,5990200,7691400,34448100,78010200,1788200,7637000,8793800,3269500,1338200,12569900,6180300,7424100,12663600,3965800,2884300,1990700,7714400,2537275,2939600,4434800,1163500,9286200,2265300,1828100,3498600,1149900,16897900
2024-09-19,66781300,21706600,293506400,26587700,15647000,32453100,11022800,3582500,11635200,57977800,3060700,9091900,625500,2973300,21399000,9825400,4956100,2945700,22653200,3929300,9963000,1474200,8144100,9374600,39543200,102694600,2271400,15067100,8752600,5098800,1747500,12660600,7247400,7990700,17113300,4358100,2744600,4066600,9570000,2859607,4092300,5270600,1751000,13965200,3952300,3434300,2604400,1897200,23097200
2024-09-20,318679900,55167100,382462400,40896400,22066800,91758500,11463200,6100700,20885000,70725000,4452600,14513400,970100,5847200,45276000,12332400,11839000,5398700,56877400,11661200,21200900,1983100,8403400,25452900,100378600,99879100,5817300,52039300,19541000,7389800,4658200,36206200,23162900,33515100,22881600,9400800,6418500,5440500,13919400,4063418,14211500,16958300,2709400,26032300,6277000,3683000,8581000,3672700,52671900
2024-09-23,54146000,15128900,206228500,24150900,12830700,29431100,6034000,2107000,7223500,31714800,953200,3962400,396500,2534900,14759300,5872900,4671600,2386100,23126200,3178000,6665300,883200,5005200,6324400,36993100,86927200,2312400,17712400,8382800,2927700,1697600,16066300,6960600,8197600,12921100,3174900,3613700,2442700,12476800,2401892,2991700,6755400,1184500,7916000,2332400,1762000,3386200,1148400,18083200
2024-09-24,43556100,17015800,354966800,23332100,12993000,34223400,7154500,2842100,7323200,32534900,1035400,4749700,366500,2340300,16365600,6030100,6041600,3188500,21446200,4286500,9840400,1361100,5029800,7657600,43478900,88491000,2408100,21123300,8606800,3114000,2432600,11984900,6014200,7787400,12006200,2110300,3661700,4024300,7414900,2739184,3829500,5844600,1253600,8205300,2925300,1616100,3979500,1588600,15154000
2024-09-25,42308700,13396400,284692900,18869200,16543400,16613800,7920000,3211600,8976500,28866000,1763900,3825100,476800,2116300,10555700,5097500,5420000,2658800,30712700,5589300,7902300,1282500,5159100,3944400,26391100,65034300,1986200,12392800,8632900,2319900,1728100,13816000,7888400,6561400,12552400,3031700,8126500,2661500,9587700,3032444,5048200,5713600,923600,8354700,3496700,1447200,3421700,1283800,21990100
2024-09-26,36636700,14492000,302582900,20319300,14400800,24340000,5253400,3282400,7807500,39601400,1378100,5183000,459400,1430600,34463400,7602100,6122000,2751900,32310400,6215700,11132100,1312800,3508700,6321000,36334900,67142200,1971100,13592800,9876800,2757900,2738600,16887900,8046200,9524000,20933300,4907300,4192800,3906800,11414400,1695478,3997100,6202600,1062100,8462500,3425700,2312500,3235800,1092800,15779600
2024-09-27,34026000,14896100,271009200,21101300,9398400,20580900,5220100,2718300,7032500,27861100,1420100,3113300,472500,2231900,13530400,6521100,7553800,2986200,25013000,4891900,11920100,871000,3566400,5232500,36002300,70988100,3402800,9181000,6319900,3067200,3459100,15964000,8049200,5489500,14875800,3273000,2564300,2683700,7637000,2604012,4104400,7941800,1410800,8200900,3523000,3051000,3775200,1252500,15659300
2024-09-30,54541900,16807300,226553700,20413900,12792300,16902000,5059700,2587000,8663800,35055200,1602500,3378600,362200,2113100,16284200,6078900,6010000,3009700,27464700,4550200,10936900,1041300,5035600,4784900,41583900,80705700,2286500,12027100,6436400,2934400,2142900,13247600,7491700,6584000,12219600,3566600,2137500,2251300,10902200,2784488,4115600,5475700,1176700,13884400,5539400,2256400,3608400,1532600,13509700
2024-10-01,63285000,19092900,302094500,28338100,15259300,23770400,4369900,3730000,8540100,26291200,1528600,5437400,543800,2429500,11069400,6331500,4408000,2648400,30725100,3924600,7715500,1169200,4264000,4907100,36044900,87397600,3036200,20623400,7171600,3994400,1836700,23235900,9489100,8067600,14716500,3539900,2071900,2091400,12588800,2440618,3658500,7206900,1089200,9112600,3729700,2279900,3401500,1342100,17536400
2024-10-02,32880600,16582300,221845900,17760200,6524700,14317800,8512300,1981600,5810900,23302700,1445100,3293600,368200,2009500,9007200,4817400,4684400,3667000,24957200,2946900,9041800,665400,3454000,4438900,23704100,93983900,2352400,33208800,6346000,2795000,1317100,17129700,8105400,7559900,14614600,2636700,1925600,1767900,4357000,1954150,2258400,3802900,863800,8403800,3360200,2229500,3848800,1024600,12040800
2024-10-03,34044200,13686400,277118000,15073100,11581000,13072300,3868400,1921600,7251300,26030200,1290600,4587200,511100,1614500,8135300,8144400,4791200,2645800,25678900,3453800,10280600,1258200,3472100,3435000,30204300,80729200,1802500,18143800,5556400,4790100,1451900,16524300,6553300,7397400,13775400,2606300,2766800,1866100,5704800,2172504,3635000,4765700,1103800,7031500,3856600,1590900,3400500,1072300,12258400
2024-10-04,37245100,19169700,243678100,19047400,14169500,17921400,6129900,1949300,10211700,34209900,1721600,5608900,491700,2239600,14582800,7141400,5331100,2462600,28769000,4749700,9704700,871500,4366300,3598500,40890300,86573200,2432400,10322600,6818900,3557100,1516400,19752300,7892400,7585100,11294700,2720100,2468500,1675100,6657500,1743754,3270500,3055900,877900,8341800,3512900,1942500,2774000,2131000,14531200
2024-10-07,39505400,20919800,346250200,22463100,12014200,15588300,4794700,4870500,6718900,27177500,1173300,4439900,561400,3287500,11177800,7060200,4266000,2591100,51426600,5033800,8654800,1165800,6912900,3794500,42364200,68113300,2091800,12767400,7478900,3301400,1963200,15714400,5895900,4899800,8963600,2887700,1812900,2224500,6267900,1911285,1955600,4606100,942000,11971600,5955000,1658000,3186500,2019600,12885000
2024-10-08,31855700,19229300,285722500,23072700,7857400,20774200,5211200,3551600,6021800,26023600,1296700,3679400,389000,3332800,12073000,7510100,4766300,2231400,29126600,4419000,8832400,883500,4341500,4608700,26372100,56303200,2038300,10569600,6595200,3224100,1697900,14818500,5892700,5579800,13404700,2566400,2528900,2438800,5336300,4384476,2618200,3194500,981500,10098300,4810600,1630900,3035400,1272300,10855100
2024-10-09,33591100,14974300,246191600,31181800,9529700,25504100,4851000,2869400,7024000,27421000,1695900,4445800,573200,2087000,12415300,11115600,6047200,2207700,44244800,4478900,8627800,890900,4256900,2773500,26343100,66289500,1854100,11750600,3344800,3514300,1956500,11144900,4973500,4217200,9980700,2233900,1494300,1757900,12488500,5392639,2703900,3210400,760300,10102500,3601500,1574000,3661700,1245500,12614200
2024-10-10,28183500,13848400,242311300,14144100,7740400,16318000,3965500,2775100,7927100,26182300,1309000,4065500,564400,2052800,12744000,6463300,4793900,2143200,34347700,3562500,6006700,1221100,4068300,3219800,27785000,83087100,1739500,8370200,5459500,3139100,1765800,10243300,4420900,3946400,9707400,1637400,1416400,1331700,11275800,5260014,2462600,2785300,578100,7928400,6301600,1924300,2767100,1249500,12352800
2024-10-11,31759200,14144900,170209500,15344300,8587100,23070000,3597000,2992400,18320700,50660700,2409700,5826200,927500,1723200,37049200,7369900,5253500,1909700,29617600,2973000,8578400,2138200,3471300,4482700,25751600,142628900,1775600,10171100,4834800,3594100,1527300,8294800,5051300,6820300,8892300,1460800,1460600,2110400,10688600,4041880,2429800,2556200,653400,7057000,3406700,1613900,2712000,1105300,10658700
2024-10-14,39882100,16653100,232347700,19016100,8252000,17195800,3642500,3411500,9048900,28098900,2174900,7179300,768400,1399000,30758800,7672200,5964000,2447100,23594200,3623900,8130700,1006400,3674100,3849200,22614400,86291900,2376300,8177700,4124700,2534300,1431500,9808100,4214700,5174000,7048100,1702100,1445900,3006100,9737000,1962850,2319600,1929700,996200,5815200,2807100,1501800,1979000,1076800,9923500
2024-10-15,64751400,18900200,377831000,20247200,9564200,27657500,3850800,3605700,9235800,61490000,4525400,8925200,618800,2264600,24693400,21705700,10548000,11939400,29009900,6553500,9109500,1290600,6544900,4173700,32178900,62988800,3067100,11804400,6264100,2987800,1613900,15771300,6704600,6395700,10230900,2949200,2338300,2715100,11241700,4189252,2957500,7521300,834600,15824900,2863200,2310100,5453600,1477100,15444500
2024-10-16,34082200,15508900,264879700,16406000,11268400,15285100,3497000,1859100,6382500,42437800,2649000,21458500,547100,2243600,17412600,13643700,5982100,5103900,28414800,5576000,8729200,1369300,7356200,3773300,23456800,49632800,1821300,11220600,7537100,3124500,1475500,8426800,4303700,4602900,8692900,1939400,1461800,1551600,8356200,2754780,4056700,3127400,867600,8061600,4776800,1518100,5565200,1210100,9459000
2024-10-17,32993800,14820000,306435900,21453400,8701200,25232400,2830000,2769200,6470200,31708600,2123500,9357200,684700,3571900,15073500,8717600,4798000,5588700,23779200,4419000,8541700,1946100,5046900,5392700,25039400,50791800,3095200,9204500,5577300,2879700,1321500,11204900,6593100,5093400,14481300,2975600,2219200,1561500,6291800,3326235,3800700,2463700,1398500,6153000,4589900,2021700,5446800,1051700,10539500
2024-10-18,46431500,17145300,176090200,19757700,7694300,17835200,3087900,2011100,7000500,30593500,1779200,6852900,505400,7884400,19234000,8948400,5908000,3687000,24244900,5607900,9523000,1081600,6741800,7355500,37417700,49611900,2531200,7214800,6178300,2988700,1654000,12898600,5208200,4326600,21355900,2990700,1712400,3024100,6030200,4279756,3237500,4356300,749900,8595300,3562300,1441900,3690900,1255200,13058400
2024-10-21,36254500,14206100,264554500,20946500,8171900,13695100,2712600,1679700,5870000,26589500,1752100,7469100,311200,4092700,15603400,5438500,6082700,3018000,23395700,4496500,11444900,914600,8303300,4411500,24639400,47329000,2404100,7550200,3994300,4455200,1184900,10177800,5074000,4387000,13839400,2403000,1289000,2375900,13277600,3915196,4414000,4768600,838600,7053800,2703200,1295700,3866200,1065700,18760000
2024-10-22,38846600,25482200,226311600,16568100,8544500,12062600,3100100,2388700,9586800,37104400,1588000,4429600,504400,2595400,26164900,5559600,5680300,2593800,29036400,4210400,11576100,1619600,5360000,4400200,29650600,43268700,5889100,7308800,6670900,2815000,1189700,9201400,4416400,4710800,11377900,1709500,1946200,1523900,7380800,4256202,3280100,5746100,610200,8358500,2877000,1971500,3374600,1429700,42576300
2024-10-23,52287000,19654400,285930000,18280500,14248400,19513700,3227100,2021300,6180500,28569400,1263200,5661600,441400,2051100,18380900,6593700,7441600,2911900,22217600,4266700,8271700,2058300,3655600,6842200,31937100,80938900,18792000,7253100,18858800,3962000,2193500,8320300,5248600,4541300,11117900,1639700,1850600,1500900,15931500,6561012,3454500,5451400,1112700,10825100,2286400,2712800,4133100,1541400,27174700
2024-10-24,31109500,13581600,172354900,22412500,7184700,20485200,3210700,2100300,6002200,28392000,2058200,5611800,353600,3490600,18393300,6727500,5386300,2590200,31473600,6741800,8295900,1757500,3768000,3813800,21647400,204491900,5522600,7424500,9828600,3060300,1649600,9905600,5474300,3504600,13897100,1927700,3200000,1844100,9774400,9230912,11959800,4171800,718300,9705100,2283700,1618300,4332900,994300,23506400
2024-10-25,38802300,16899100,205122100,19828900,11337900,19977700,3351200,2426800,6369700,27466900,1633200,7271700,433500,2993300,14855500,4503900,6400400,2513700,26091100,4017400,9625500,1090400,5989600,3446900,29362100,161611900,8863200,9385400,9665600,4082200,1425800,10714600,6839900,3823100,15345700,3050800,1346900,1606800,8153000,6459262,4916700,4716200,591000,6580700,2406300,2054200,3247300,2458400,19717400
2024-10-28,36087100,14882400,173586700,32138600,10925100,13195800,3867800,2302300,6843000,24527600,1687100,5994000,329400,2336900,16158900,5758700,4842500,1826500,37922500,5383700,6968900,1116700,4104700,4241900,27930800,107653600,6656000,6617200,6790900,2523700,912500,11844500,8892000,4438900,10589900,2390300,2509700,3213900,20992500,6466158,4069000,4453200,828300,8679600,2214300,1935000,3648500,1440400,13575000
2024-10-29,35417200,17644100,157593600,42169000,13019100,23702300,4280700,2089500,6580000,22313500,1281600,4622200,269500,1749000,13205500,6006000,5216900,2600300,102267000,6131500,9296200,1638300,4543600,7279700,35690200,80521800,9048900,7241100,7664200,2881500,1361700,14731000,6014700,3809400,15895600,2207100,4171100,2186400,66387700,6441119,3061700,5102700,758600,19232900,3478800,3591100,3595700,2056600,15072300
2024-10-30,47070900,29749100,179418100,68890800,26864900,17911500,2826500,2728600,7110900,38100500,1441600,5673000,427900,2152900,16021700,6426100,5820500,2323600,47104000,10396400,13897200,1452200,5188000,5325700,37707600,53993600,4924000,15691300,9187200,2520500,1412200,12303700,5784000,6413100,12252100,2467000,3339500,4037500,50738400,5680806,2754600,4852100,785100,11650200,2480000,2437800,3780200,1794300,16372600
2024-10-31,64370100,53971000,270039600,44769000,26838400,26086600,4301800,2978700,7829900,28138200,2061700,5374600,607800,2315400,12963200,6997100,8613900,2490000,37909600,8829300,17413100,1472400,5323200,6955600,75146800,66575300,4277400,13990100,12011500,3229500,1771900,20512000,8400900,11969400,14264900,2999200,2700900,2394500,29388200,4938531,3303600,4112700,746300,13034700,3835800,1961500,5021300,3615600,31077900
2024-11-01,65276700,24230400,207127800,31796500,15303200,17847000,3527500,2851600,6923500,31220000,1625000,4372100,792000,2508300,13313900,6266000,5256400,2548300,46894600,4493900,10180600,1459700,10149300,5052400,99687800,57544800,4131800,9623700,8860200,2452800,1625200,20939300,11728000,7428000,12605900,2256100,2064400,1633300,18894500,4757842,2266700,5234900,1522500,14615300,3713100,1989000,3941700,2347400,16682400
2024-11-04,44944500,19672300,187528200,21492700,12064600,13621300,5107900,1954900,8229600,31110100,1797800,4366300,512500,1944000,12607400,3924600,4644000,2656600,41347800,3531800,9182600,815100,5604000,4513600,38492100,68802400,2583100,6593800,7049100,3289500,1576700,14965400,6130000,5441700,11103000,1702100,2185500,1793600,10290400,4275724,2422200,6856100,801900,11759100,3050100,2333800,2439800,1616100,14760900
2024-11-05,28111300,17626000,160537400,18242100,9775400,13441800,4456100,1588100,5600700,30851400,2169900,4798400,424800,1859600,13447200,4232100,6547100,2608100,44175800,5109300,6741400,998400,4059200,4578200,30564800,69282500,3032100,5629200,6348300,2692300,1622300,10436700,5978900,6003100,10810900,3281900,2078600,1724100,23126600,7827634,2537900,8093600,902200,9051700,2558500,1302400,2370200,1749000,12322800
2024-11-06,54561100,26681800,242043900,33695500,18305400,24300800,5874900,2969900,23987800,110086700,8042800,22798700,1266900,5380500,63689100,16218400,8926600,6591300,65749500,7194800,9551300,1423100,5256100,6281700,72292200,165228700,4646400,16193700,9708800,7506600,2437400,20807700,12118900,7733600,25379300,3516600,2626200,4720000,28069300,6527484,5624600,9631900,1664000,28637800,4236700,8133500,5768000,2626900,21957100
2024-11-07,42137700,19901800,207323300,25352900,14653700,18970600,5722600,2640300,16451100,48339700,4475600,7780000,528700,3876900,18681200,10380200,7522800,5254300,48484800,4520200,8676100,1303800,5519000,7077400,52878400,117309200,3357400,11831100,6195200,4862000,2145500,12184400,8143200,5442000,15426700,2309300,1630500,3211100,14709200,5700965,3075500,4415200,1073500,16311300,5593500,4924500,3035800,1925500,24225500
2024-11-08,38328800,16891400,175665800,22006200,9415700,13503200,8485000,2856900,9502100,38331800,2714000,6979300,454500,1814400,14270900,8728200,8926100,3875800,55951300,4596900,9208000,1620400,5685700,8137700,36075800,204782800,3279100,8140800,6118700,3323600,3277100,12836000,6041500,5314000,13598100,5335100,3126000,3345900,12996800,6042183,3111700,6381600,1623200,14657100,3788500,3981600,3250900,1496700,21305900
2024-11-11,42005600,24503300,182325600,17450400,10209100,17036700,13954200,3536600,9017100,43293500,2510800,6861300,681500,2299500,17117800,13162800,7146800,3003200,54329300,20760300,10075300,1565800,5301100,4544500,35456000,210521600,2872400,9877200,10313300,3541700,2181800,11969700,7771700,3820200,12193700,2987600,3010400,1858900,12799100,7743602,4684100,4012300,1143200,10275700,3243400,2699000,3547000,1981200,17116400
2024-11-12,40398300,19401200,198634700,25134900,16287700,15862000,7659700,4125300,6861000,38155900,2392900,5683300,489900,2251400,17848200,10244800,7181400,2809400,53035200,10557000,12282900,1723800,4598900,7202700,38942900,155726000,2452900,9013900,8438400,5082100,1691400,11972800,5681900,5175700,13725800,2757700,2719000,1737100,16746700,11765111,3243500,3896200,1144900,12569800,2876800,2953300,2708100,1749000,16984600
2024-11-13,48566200,21502200,191903300,23184000,10757600,17472500,6902900,3470200,11472600,36903900,1763100,6134800,408800,2118100,18823000,8731500,7161900,3409400,47983100,8483500,8869700,1212200,4760800,8338900,46212900,125405600,2327100,6835300,8816300,3624500,1757600,15127900,8824000,5961600,9900400,3578900,1962000,2001900,21249600,5868497,5345600,2802500,1474700,12451500,2193000,2354800,4772300,1538400,19953500
2024-11-14,44923900,30246900,194463300,31007500,11053700,20638900,7630600,3098800,10172200,35733100,1670500,7344200,1048700,2979400,13654800,14717700,7716400,3079200,45262200,8442500,8704500,1764800,3812300,7956100,42620300,120726100,1932600,6991600,6441500,4075100,1859900,13041800,10111200,4389900,10061400,2545800,2257200,1372500,15646700,4071057,2971300,6113200,1225000,13780200,3685800,2282800,4757000,1666700,13636600
2024-11-15,47923700,28247600,250132900,32504600,17712900,20836200,7093000,4612400,11518800,40488900,2007700,7281900,583400,2614400,18837000,9372300,11328500,3423900,131074400,11265400,16464500,3953000,6898600,7952300,86591100,114440300,4039400,13584900,8119900,3888700,2269900,19051700,9022800,4124000,9632100,2279700,2275000,2165500,12120100,3934082,3337600,6970500,1168100,12930300,3868000,2587300,3889000,2414000,21482500
2024-11-18,44633700,24727000,221205300,20135300,14327300,17856900,4250400,2259000,9051400,32360300,1848900,6434100,563200,2074400,18439600,9447700,7510600,2577100,64221700,8336900,14139900,3162200,6086500,10339800,36409900,126085600,2865000,12595100,7041500,6503000,1797300,14239700,6075400,5089000,6955500,3060700,2356600,1626200,12251600,3656312,4037800,4462300,1457300,9044300,5030800,2374200,2411400,1750700,17405400
2024-11-19,36211800,18133500,227834900,23434900,9522400,18003400,5469900,1961700,6792700,28534100,2217400,7244800,673500,2512900,15412900,6549300,8233700,3198300,52381200,5246000,13093100,3658700,4542800,12000800,31197900,88852500,2353300,12028400,9176200,9170500,1690500,11584400,4657400,5100000,8178400,2903400,2448700,1793200,8247300,3921987,3835900,4654100,1076500,7942200,3862000,2514400,2950800,2084600,10520600
2024-11-20,35169600,19191700,309871700,18997100,9797300,17196700,3763500,1874900,9015300,28021000,1528600,5125600,593700,2387400,14415400,6613500,9061300,3928600,46170800,7135600,12136800,1533900,5624400,7389100,32769000,66340700,2524600,12290300,7527700,64557700,1452100,11360900,6391300,4092700,8329600,2063000,2502600,1859600,9232100,4915189,3848600,3990700,1487000,7065200,2325500,2243400,2821800,1928700,14706500
2024-11-21,42108300,20780200,400946600,59734400,11154700,24835300,8364200,2002100,8783500,45336500,2281900,5547400,473100,2410300,20068200,5081800,10141100,2722900,45048400,6847700,15670300,1956800,5561900,5699700,58800000,58011700,4475700,12818600,6760600,19616700,2320500,14675400,7945200,12535500,11529000,2875400,2218800,1833500,7845100,5974279,3014700,4847900,4148700,8908500,3095300,1961700,2626500,2072800,12534100
2024-11-22,38168300,24814600,236406200,38604600,9164000,17332500,5649400,2287200,7997300,37996200,1733700,6334100,713000,3788900,14997400,7738000,8266000,3197900,41897000,11328600,14031200,1833500,5349500,6532100,31530800,89140700,2879100,12248600,6563300,13730100,2078700,13323400,7005900,7516200,9015500,2545800,2480800,1893000,13353100,4068192,3677500,3585200,2202200,8165400,2008700,2016000,2432900,1864800,17017400
2024-11-25,90152800,27691100,344941900,33135300,13599800,26850600,7117200,3320000,10295400,42718600,2940800,8012300,1463700,3478400,28636600,13029300,12256200,5146200,57707600,12465000,34659100,3063500,6879000,10636000,40685700,95890900,5021800,18328900,8839600,15456500,3240900,26580300,10702400,23447400,14173200,5440300,4455800,4398000,11479400,4071800,5029000,8322400,3266900,20803100,4163000,3605900,9970700,3835600,28365900
2024-11-26,45986200,23458900,190287700,20486700,10356600,16308800,4492800,2415700,6212100,30301500,2846500,8817300,772700,2130500,19139100,5120900,5683500,2693600,33001000,6947500,9324100,1748500,4056800,5702500,41673700,62295900,2254200,9495600,6558300,9888200,1438000,14827300,7369500,12073700,11192300,3129600,2705500,1796600,8235000,4459489,3424800,3175800,1747300,10563600,2850500,1791400,3367200,2600000,17247000
2024-11-27,33498400,18332400,226370900,19266500,7200200,19722700,7471500,2324200,5472300,23278400,1424500,5507800,481900,1697000,19793900,3977400,4140400,2269800,28242100,5271500,9802200,2914100,3510300,5106500,28061600,57896400,2240300,8713500,4857800,6745200,1499500,11079100,7674500,6237600,8297200,2004100,2151900,1371900,5210100,3045070,2453400,3604000,1258700,8689700,2221900,1669400,2655000,2069100,12372400
2024-11-29,28481400,16271900,141863200,14257200,7130500,11024000,3517600,1450200,5494800,23262000,1170200,4068200,390000,1326600,9785000,3201600,5687800,2010800,22023000,2710700,6081200,2108300,2523200,3543200,24892400,37167600,1655900,7123500,3419300,5023500,1095900,9426500,5077000,3918700,4143300,1837700,1402400,1962100,7100100,2034468,1533500,2728600,732200,6186500,1899500,1610200,3124300,1351500,9023100
2024-12-02,48137100,20207200,171682800,23789100,12522400,21472400,6063400,2006900,8899700,35891500,1804100,5512100,719600,2166900,18274500,5658500,6946500,3364900,43866400,3936600,13703100,2558600,5338900,7058700,39523200,77986500,3149900,11221000,6103200,14195600,1955800,12687300,6229600,5939700,8511400,2835100,3319700,1548500,10097900,3422149,2832300,4468700,1318600,11361500,3429900,2374800,3386500,1801800,12783900
2024-12-03,38861000,18302000,164414000,22248700,14907200,17024400,12632400,2119300,6657700,38123800,1718100,4791300,941700,2128700,15047900,4840200,8674400,2329900,49064300,4107600,11395600,2665200,4794900,4979100,32214800,58267200,3031000,9414500,7101500,8163900,1653900,11756600,5900100,5862600,7429600,2362100,2313600,1716200,6130300,4268721,5604700,3620300,1166100,9806900,2440600,2551200,4520300,1868300,15415900
2024-12-04,44383900,26009400,231224300,31615100,14697000,32748200,24733100,3307000,7346300,24941300,1617300,6203700,1029500,1561200,14301100,6035200,10333100,4147600,42541500,6125500,11315000,2579700,3557100,5352500,48745700,50810900,3742500,15042600,6151100,6051300,1784700,19520600,7862700,7291000,10231100,3222500,2594900,1193800,9269300,2816743,4793200,3774300,1056400,8310200,2218900,2529200,3761300,2188300,21431600
2024-12-05,40033900,21697800,172621200,21356200,8081200,18490000,10942100,2629100,6572500,31572100,1672800,4991900,880500,2793600,17766700,6796600,7898100,5943700,43647900,5444200,11062700,2665300,3269800,6967700,41140200,81403600,2594800,8316500,7194800,6858600,2089400,15751200,6358400,7074700,8466500,2623900,2928300,1291400,7119800,5499906,4632500,3328800,1159700,6487200,2178700,2291100,2510200,2303200,16176900
2024-12-06,36870600,18821000,188505600,21462400,16935500,27830800,5738900,2964100,5519700,28931700,1405700,5013200,550300,1797600,14798100,5071300,8389600,13003600,31830700,4839600,11470700,1869700,5300300,4309800,44178100,81455800,4158700,13931100,6297000,7284100,1737300,16171100,9701700,5365600,15727500,2927900,1926100,1331000,8182700,3373874,5745000,4792100,1129900,7079200,2808800,2677900,3650800,2191300,15685900
2024-12-09,44649200,19144400,189308600,25389600,11426000,20886300,6475000,3588700,7076500,34660900,1633200,7753900,742600,2377900,15517500,9564300,8410300,7684700,37464800,4394500,19162500,2106600,4868000,5015000,46819400,96359200,2391600,12043400,7271600,9619300,1855500,17412600,9404500,6526500,10656900,3047000,3475700,1739800,13540000,2697911,6139500,7255400,1209100,9269700,2573900,2854200,4717100,2833900,15570300
2024-12-10,36914800,18469500,210020900,54813000,10938900,27762600,6033000,2762900,9108300,35665800,2600800,6551300,645000,2967800,12277100,5923400,9398700,5360600,43280500,4089600,11359400,1938000,4072100,5095400,31199900,97563600,3523000,12193100,8192500,5575500,1556800,20990900,9126200,5860800,10075800,3440500,3124100,2251000,17149200,3764322,6415900,3725400,1215300,8619200,2941300,2653300,2908100,2326100,16337200
2024-12-11,45205800,19200200,184905200,67894100,10837200,41295200,7546600,6690600,7884400,36790500,2195300,8835400,1139700,2071200,11867400,6323800,13446700,10363000,39569400,9492200,21613000,1389200,4747700,6125600,35385800,104287600,3037600,12033200,8007300,4811900,1903600,32392200,13764700,8195500,9958300,5778600,2596800,1651600,13116600,4649833,7485500,4298000,1677400,7472800,3820800,2356800,2804200,1612500,13986100
2024-12-12,32777500,20834800,159211400,34817500,7474700,46967200,5422000,17344900,6113800,24017300,1218400,3610500,687100,1668100,12446700,7469400,6176300,9403800,38705100,4999500,9554400,2539200,3764700,5482500,28204100,87752200,2040700,6983200,6375900,3860200,2344300,14543300,7621500,5908600,7309700,2169500,2646000,1804600,10617700,2881252,4980100,3848600,867000,6969600,3087600,1922600,2868200,1719300,11232300
2024-12-13,33155300,20177800,231514900,25143500,8453300,121336600,5538000,11395500,10392700,32902300,1215000,6091500,537300,1662000,16794500,14089400,8324900,8202900,29043600,5471600,10118200,1553500,4550500,4301500,28768100,89000200,2547600,8037300,5910900,4261200,2951900,13106100,5816200,6887800,10763100,1878800,1825800,2034800,9754900,2580564,4284800,5061600,900700,7671200,5141200,1995500,4741200,2254200,13360400
2024-12-16,51694800,23598800,237951100,44934900,10885600,111623200,5482300,5807000,9032000,27330400,1713300,5659700,897800,1813700,24602500,12313800,8732400,8880000,40194000,8157900,11701100,2595600,5047200,6351900,37552100,114083800,3179900,13034000,12395900,5503800,2581300,20256100,11961200,7441800,14900700,2898600,3653200,1311100,13050700,8697335,4515900,3986400,956800,9767000,5673900,2218800,5586800,3691400,30228300
2024-12-17,51356400,22733500,259410300,43504000,12897800,70382100,6911000,7514500,8083600,33054600,2314100,7141400,990400,3611500,15595900,8409200,10343000,14132700,71440300,7664700,13975100,2544800,5805600,8021400,35948100,131223000,3295800,12452400,8536100,5793000,2050200,17554000,11909300,8737800,18705300,3820100,3608800,2138700,13557100,5710726,3549500,3012400,1357100,7723000,2784900,2637400,4687400,3320200,15374000
2024-12-18,56774100,24444500,277444500,34166100,17075500,53960100,8400000,6511100,11322400,41771900,3271600,7858800,864900,3541200,21201200,14116700,9336100,10147600,47575100,5471600,11993400,1774300,6454600,7048600,43281400,149340800,3800900,14376900,10886600,6602400,2725300,17114500,10174500,8466500,15657400,4506900,4211600,2820700,15437200,6821063,4849400,4113600,1423600,12496000,4713900,4186100,5422600,3271900,19199600
2024-12-19,60882300,22963700,209719200,32265200,14958100,40845200,7423400,6479500,11790800,38583600,2753300,8632400,796300,3540200,16444600,9749000,9516700,7418100,50324700,6110500,12110800,2235600,7738700,7190300,39918700,118566100,3438500,27067600,14628400,5262100,2610800,20565600,16544300,9951200,16159200,3589700,4445000,2616700,14777100,5167601,6391800,5446900,1757200,13731700,4237600,4709800,7786700,3292000,17859100
2024-12-20,147495300,64263700,306528600,63462900,48989400,131910400,14932300,8220000,32348400,74222200,4515900,14884000,2079800,6232400,50113400,12322400,17702800,10956900,116340100,18950900,29289700,2758900,12311900,10707300,88279200,132216200,7678000,49883400,26477500,7189100,5373800,40141200,32209200,29542200,36468300,10044400,8178700,5142000,23233700,7250025,12899000,13389200,2446400,27547500,6044500,5750200,11067200,6680900,47590900
2024-12-23,40858800,19152500,176053500,25675000,10205800,40643800,5330300,3781200,8611500,35374800,1519500,5074100,488100,1902400,11817000,6863600,8720800,4286000,35350400,6945600,8460500,1558100,4028200,7421300,28070000,72698100,2492200,14203800,11203700,4097800,1856800,12285100,8156500,7892300,10833900,2554600,3365100,1804900,8486400,3679336,3419000,3588700,1093900,7509000,2757400,2594100,4626200,2084300,21292300
2024-12-24,23234700,7164500,105157000,10403300,4726100,22827200,1811000,1685000,3729100,12054400,913400,2902800,276600,862900,4442700,2150300,3164100,1824400,19716400,2692800,3713500,488700,1480000,2465900,15007500,59551800,1461000,4919100,5422000,1647700,939000,7807000,3556100,2677400,4555400,1325800,1448600,886000,4317000,1987890,1579200,1663000,383200,3001800,991900,788400,1883700,824200,11712200
2024-12-26,27237100,8194200,116205600,12046600,6081400,28459000,3483300,2131200,4451800,16077400,1092000,3013500,292100,1228900,6964300,2926900,4656300,3387000,31406000,2759300,4760300,777700,2960500,3319500,16146700,76366400,1433900,6363500,7538700,5042000,969000,9652400,4492600,4325600,8145400,2104000,1794800,1097900,5905700,3258862,3011100,2147000,444900,4503800,2914600,1464600,4799000,991500,12946400
2024-12-27,42355300,18117700,170582600,18891400,8084200,29282200,3220400,2947200,5730200,17972500,1486000,3088100,337100,1676000,7219500,3967500,5588300,3471800,35218300,2745400,6173600,943200,2829500,3880700,27367100,82666800,1617200,6334400,8200400,3089000,1943400,11943900,5296500,5889700,9493700,2048400,2615000,1245800,6806900,3239976,2904000,3847500,735300,5458100,2127200,1640900,3655100,1444900,15168100
2024-12-30,35557500,13158700,167734700,14264700,7025900,27316800,3411100,3473200,5723800,16109800,1265900,2637900,591700,2392800,8443800,5321700,6268700,5408600,32859100,3405700,6848700,1035500,3475800,5136200,28321200,64941000,1936700,9042900,8404500,3945600,1881200,11080800,6194800,5238800,10995000,3197100,2567500,1422200,18082300,2516268,2953900,2822000,792500,8399000,2217200,1887000,4038500,1608000,15672000
2024-12-31,39480700,13246500,155659200,17466900,6019500,17927700,3026000,2285100,4871000,16110400,1055800,2970000,619400,1231300,7031500,4082400,5811400,4214000,27085500,3326400,6598200,1262900,3519900,4803700,24819700,76825100,1915600,9425600,4220700,2830200,1742900,12387800,6137800,5556400,7817100,3302500,2989000,1168100,9748600,2054945,3400800,2445000,772700,6216500,2987400,2115500,4602700,1386700,13549900
